Time Remaining,M-1124,Away Team Score,Play Team Indicator,Home Team Score,M-28593,Game Score,Team Indicator,Play,Period
19:45,"MISS JUMPER by STANLEY,SETH",,,,,,,"MISS JUMPER by STANLEY,SETH",1
--,,,,,"REBOUND DEF by STEWART,CHRISTIAN",,,"REBOUND DEF by STEWART,CHRISTIAN",1
19:24,"FOUL  by STANLEY,SETH",,,,,,,"FOUL  by STANLEY,SETH",1
19:24,,0,,1 (+1),"GOOD FT by SPENCE,BEN",M-28593 0-1 (-1),,"GOOD FT by SPENCE,BEN",1
19:24,"SUB OUT by STANLEY,SETH",,,,,,,"SUB OUT by STANLEY,SETH",1
19:24,"SUB IN by RIDING,JAKE",,,,,,,"SUB IN by RIDING,JAKE",1
19:24,,,,,"MISS FT by SPENCE,BEN",,,"MISS FT by SPENCE,BEN",1
--,"REBOUND DEF by LINK,JACOB",,,,,,,"REBOUND DEF by LINK,JACOB",1
19:14,"GOOD LAYUP by LINK,JACOB(in the paint)",2 (+1),,1,,M-1124 2-1 (+1),,"GOOD LAYUP by LINK,JACOB(in the paint)",1
18:56,,,,,"TURNOVER  by STEWART,CHRISTIAN",,,"TURNOVER  by STEWART,CHRISTIAN",1
18:39,"MISS 3PTR by COMMAN,SEAN",,,,,,,"MISS 3PTR by COMMAN,SEAN",1
--,,,,,"REBOUND DEF by STEWART,CHRISTIAN",,,"REBOUND DEF by STEWART,CHRISTIAN",1
18:27,,2,,4 (+2),"GOOD 3PTR by SPENCE,BEN",M-28593 2-4 (-2),,"GOOD 3PTR by SPENCE,BEN",1
--,,,,,"ASSIST  by DENBESTEN,COLE",,,"ASSIST  by DENBESTEN,COLE",1
18:03,"MISS JUMPER by COMMAN,SEAN",,,,,,,"MISS JUMPER by COMMAN,SEAN",1
18:03,,,,,"BLOCK  by STEWART,CHRISTIAN",,,"BLOCK  by STEWART,CHRISTIAN",1
--,"REBOUND OFF by COMMAN,SEAN",,,,,,,"REBOUND OFF by COMMAN,SEAN",1
17:55,"GOOD LAYUP by COMMAN,SEAN(in the paint)",4,,4,,M-1124 4-4 (0),,"GOOD LAYUP by COMMAN,SEAN(in the paint)",1
17:39,,,,,"MISS JUMPER by SPENCE,BEN",,,"MISS JUMPER by SPENCE,BEN",1
--,"REBOUND DEF by COMMAN,SEAN",,,,,,,"REBOUND DEF by COMMAN,SEAN",1
17:30,"TURNOVER  by LINK,JACOB",,,,,,,"TURNOVER  by LINK,JACOB",1
17:30,,,,,"SUB OUT by GONDA,MATT",,,"SUB OUT by GONDA,MATT",1
17:30,,,,,"SUB IN by HOLLIFIELD,MALCOLM",,,"SUB IN by HOLLIFIELD,MALCOLM",1
17:14,"FOUL  by COMMAN,SEAN",,,,,,,"FOUL  by COMMAN,SEAN",1
17:14,,,,,"MISS FT by SPENCE,BEN",,,"MISS FT by SPENCE,BEN",1
--,,,,,REBOUND DEADB by TEAM,,,REBOUND DEADB by TEAM,1
17:14,,4,,5 (+1),"GOOD FT by SPENCE,BEN",M-28593 4-5 (-1),,"GOOD FT by SPENCE,BEN",1
17:02,"GOOD JUMPER by FITCH,CARL(in the paint)",6 (+1),,5,,M-1124 6-5 (+1),,"GOOD JUMPER by FITCH,CARL(in the paint)",1
--,"ASSIST  by SMITH,PRESTON",,,,,,,"ASSIST  by SMITH,PRESTON",1
16:40,,,,,"MISS 3PTR by DENBESTEN,COLE",,,"MISS 3PTR by DENBESTEN,COLE",1
--,,,,,"REBOUND OFF by SPENCE,BEN",,,"REBOUND OFF by SPENCE,BEN",1
16:35,,6,,7 (+1),"GOOD JUMPER by DENBESTEN,COLE(in the paint)",M-28593 6-7 (-1),,"GOOD JUMPER by DENBESTEN,COLE(in the paint)",1
16:17,,,,,"FOUL  by DENBESTEN,COLE",,,"FOUL  by DENBESTEN,COLE",1
16:17,,,,,"SUB OUT by SPENCE,BEN",,,"SUB OUT by SPENCE,BEN",1
16:17,,,,,"SUB IN by YANCEY,RICH",,,"SUB IN by YANCEY,RICH",1
16:03,"GOOD JUMPER by LINK,JACOB(in the paint)",8 (+1),,7,,M-1124 8-7 (+1),,"GOOD JUMPER by LINK,JACOB(in the paint)",1
15:57,,,,,TIMEOUT  by TEAM,,,TIMEOUT  by TEAM,1
15:57,,,,,"SUB OUT by DENBESTEN,COLE",,,"SUB OUT by DENBESTEN,COLE",1
15:57,,,,,"SUB IN by SIGLER,EVAN",,,"SUB IN by SIGLER,EVAN",1
15:57,,,,,"SUB OUT by HOLLIFIELD,MALCOLM",,,"SUB OUT by HOLLIFIELD,MALCOLM",1
15:57,,,,,"SUB IN by WALDRUM,AIDAN",,,"SUB IN by WALDRUM,AIDAN",1
15:57,,,,,"SUB OUT by STEWART,CHRISTIAN",,,"SUB OUT by STEWART,CHRISTIAN",1
15:57,,,,,"SUB IN by O'SULLIVAN,CONOR",,,"SUB IN by O'SULLIVAN,CONOR",1
15:39,,,,,"MISS JUMPER by ALLISON,ZACH",,,"MISS JUMPER by ALLISON,ZACH",1
--,"REBOUND DEF by RIDING,JAKE",,,,,,,"REBOUND DEF by RIDING,JAKE",1
15:12,"GOOD LAYUP by SMITH,PRESTON(in the paint)",10 (+3),,7,,M-1124 10-7 (+3),,"GOOD LAYUP by SMITH,PRESTON(in the paint)",1
15:02,,,,,"MISS JUMPER by SIGLER,EVAN",,,"MISS JUMPER by SIGLER,EVAN",1
--,"REBOUND DEF by SMITH,PRESTON",,,,,,,"REBOUND DEF by SMITH,PRESTON",1
14:50,"MISS 3PTR by COMMAN,SEAN",,,,,,,"MISS 3PTR by COMMAN,SEAN",1
--,,,,,"REBOUND DEF by ALLISON,ZACH",,,"REBOUND DEF by ALLISON,ZACH",1
14:40,,,,,"MISS 3PTR by SIGLER,EVAN",,,"MISS 3PTR by SIGLER,EVAN",1
--,"REBOUND DEF by FITCH,CARL",,,,,,,"REBOUND DEF by FITCH,CARL",1
14:34,"GOOD LAYUP by COMMAN,SEAN(in the paint)",12 (+5),,7,,M-1124 12-7 (+5),,"GOOD LAYUP by COMMAN,SEAN(in the paint)",1
14:22,,12 (+3),,9,"GOOD JUMPER by SIGLER,EVAN(in the paint)",M-28593 12-9 (+3),,"GOOD JUMPER by SIGLER,EVAN(in the paint)",1
13:59,"MISS 3PTR by COMMAN,SEAN",,,,,,,"MISS 3PTR by COMMAN,SEAN",1
--,,,,,"REBOUND DEF by WALDRUM,AIDAN",,,"REBOUND DEF by WALDRUM,AIDAN",1
13:46,,,,,"TURNOVER  by ALLISON,ZACH",,,"TURNOVER  by ALLISON,ZACH",1
13:46,"STEAL  by COMMAN,SEAN",,,,,,,"STEAL  by COMMAN,SEAN",1
13:38,,,,,"FOUL  by YANCEY,RICH",,,"FOUL  by YANCEY,RICH",1
13:38,,,,,"SUB OUT by ALLISON,ZACH",,,"SUB OUT by ALLISON,ZACH",1
13:38,,,,,"SUB IN by KANE,DENMAN",,,"SUB IN by KANE,DENMAN",1
13:38,,,,,"SUB OUT by YANCEY,RICH",,,"SUB OUT by YANCEY,RICH",1
13:38,,,,,"SUB IN by BRIGHT JR.,BRUCE",,,"SUB IN by BRIGHT JR.,BRUCE",1
13:38,"SUB OUT by SMITH,PRESTON",,,,,,,"SUB OUT by SMITH,PRESTON",1
13:38,"SUB IN by EATON,JACK",,,,,,,"SUB IN by EATON,JACK",1
13:38,"SUB OUT by LINK,JACOB",,,,,,,"SUB OUT by LINK,JACOB",1
13:38,"SUB IN by STANLEY,SETH",,,,,,,"SUB IN by STANLEY,SETH",1
13:38,"SUB OUT by COMMAN,SEAN",,,,,,,"SUB OUT by COMMAN,SEAN",1
13:38,"SUB IN by CONRAD,ALEX",,,,,,,"SUB IN by CONRAD,ALEX",1
13:38,"SUB OUT by RIDING,JAKE",,,,,,,"SUB OUT by RIDING,JAKE",1
13:38,"SUB IN by ROUSE,TREY",,,,,,,"SUB IN by ROUSE,TREY",1
13:38,"SUB OUT by FITCH,CARL",,,,,,,"SUB OUT by FITCH,CARL",1
13:38,"SUB IN by BRASFIELD,KAM",,,,,,,"SUB IN by BRASFIELD,KAM",1
13:34,"MISS JUMPER by CONRAD,ALEX",,,,,,,"MISS JUMPER by CONRAD,ALEX",1
--,,,,,REBOUND DEF by TEAM,,,REBOUND DEF by TEAM,1
13:27,"FOUL  by CONRAD,ALEX",,,,,,,"FOUL  by CONRAD,ALEX",1
13:13,"FOUL  by CONRAD,ALEX",,,,,,,"FOUL  by CONRAD,ALEX",1
13:13,"SUB OUT by CONRAD,ALEX",,,,,,,"SUB OUT by CONRAD,ALEX",1
13:13,"SUB IN by FITCH,CARL",,,,,,,"SUB IN by FITCH,CARL",1
12:58,,12 (+1),,11,"GOOD JUMPER by BRIGHT JR.,BRUCE(in the paint)",M-28593 12-11 (+1),,"GOOD JUMPER by BRIGHT JR.,BRUCE(in the paint)",1
12:35,"MISS 3PTR by ROUSE,TREY",,,,,,,"MISS 3PTR by ROUSE,TREY",1
--,,,,,"REBOUND DEF by KANE,DENMAN",,,"REBOUND DEF by KANE,DENMAN",1
12:25,,,,,"MISS 3PTR by O'SULLIVAN,CONOR",,,"MISS 3PTR by O'SULLIVAN,CONOR",1
--,"REBOUND DEF by FITCH,CARL",,,,,,,"REBOUND DEF by FITCH,CARL",1
12:05,"MISS JUMPER by BRASFIELD,KAM",,,,,,,"MISS JUMPER by BRASFIELD,KAM",1
--,,,,,"REBOUND DEF by WALDRUM,AIDAN",,,"REBOUND DEF by WALDRUM,AIDAN",1
11:50,,,,,"MISS 3PTR by BRIGHT JR.,BRUCE",,,"MISS 3PTR by BRIGHT JR.,BRUCE",1
--,,,,,"REBOUND OFF by WALDRUM,AIDAN",,,"REBOUND OFF by WALDRUM,AIDAN",1
11:45,,,,,"MISS JUMPER by BRIGHT JR.,BRUCE",,,"MISS JUMPER by BRIGHT JR.,BRUCE",1
--,"REBOUND DEF by STANLEY,SETH",,,,,,,"REBOUND DEF by STANLEY,SETH",1
11:38,"MISS JUMPER by EATON,JACK",,,,,,,"MISS JUMPER by EATON,JACK",1
--,,,,,"REBOUND DEF by BRIGHT JR.,BRUCE",,,"REBOUND DEF by BRIGHT JR.,BRUCE",1
11:11,,,,,"MISS 3PTR by SIGLER,EVAN",,,"MISS 3PTR by SIGLER,EVAN",1
--,,,,,"REBOUND OFF by BRIGHT JR.,BRUCE",,,"REBOUND OFF by BRIGHT JR.,BRUCE",1
11:09,"FOUL  by EATON,JACK",,,,,,,"FOUL  by EATON,JACK",1
11:09,,,,,TIMEOUT  by TEAM,,,TIMEOUT  by TEAM,1
11:09,,,,,"SUB OUT by O'SULLIVAN,CONOR",,,"SUB OUT by O'SULLIVAN,CONOR",1
11:09,,,,,"SUB IN by SPENCE,BEN",,,"SUB IN by SPENCE,BEN",1
11:09,,,,,"SUB OUT by SIGLER,EVAN",,,"SUB OUT by SIGLER,EVAN",1
11:09,,,,,"SUB IN by ALLISON,ZACH",,,"SUB IN by ALLISON,ZACH",1
11:09,,,,,"SUB OUT by KANE,DENMAN",,,"SUB OUT by KANE,DENMAN",1
11:09,,,,,"SUB IN by STEWART,CHRISTIAN",,,"SUB IN by STEWART,CHRISTIAN",1
11:09,,,,,"SUB OUT by WALDRUM,AIDAN",,,"SUB OUT by WALDRUM,AIDAN",1
11:09,,,,,"SUB IN by GONDA,MATT",,,"SUB IN by GONDA,MATT",1
11:09,,12,,12,"GOOD FT by BRIGHT JR.,BRUCE",M-28593 12-12 (0),,"GOOD FT by BRIGHT JR.,BRUCE",1
11:09,,12,,13 (+1),"GOOD FT by BRIGHT JR.,BRUCE",M-28593 12-13 (-1),,"GOOD FT by BRIGHT JR.,BRUCE",1
11:07,,,,,"SUB OUT by BRIGHT JR.,BRUCE",,,"SUB OUT by BRIGHT JR.,BRUCE",1
11:07,,,,,"SUB IN by DENBESTEN,COLE",,,"SUB IN by DENBESTEN,COLE",1
10:53,,,,,"FOUL  by STEWART,CHRISTIAN",,,"FOUL  by STEWART,CHRISTIAN",1
10:41,"GOOD JUMPER by STANLEY,SETH(in the paint)",14 (+1),,13,,M-1124 14-13 (+1),,"GOOD JUMPER by STANLEY,SETH(in the paint)",1
10:30,,14,,15 (+1),"GOOD LAYUP by STEWART,CHRISTIAN(in the paint)",M-28593 14-15 (-1),,"GOOD LAYUP by STEWART,CHRISTIAN(in the paint)",1
--,,,,,"ASSIST  by DENBESTEN,COLE",,,"ASSIST  by DENBESTEN,COLE",1
10:01,"GOOD 3PTR by STANLEY,SETH",17 (+2),,15,,M-1124 17-15 (+2),,"GOOD 3PTR by STANLEY,SETH",1
--,"ASSIST  by ROUSE,TREY",,,,,,,"ASSIST  by ROUSE,TREY",1
09:48,,,,,"MISS JUMPER by GONDA,MATT",,,"MISS JUMPER by GONDA,MATT",1
--,REBOUND DEF by TEAM,,,,,,,REBOUND DEF by TEAM,1
09:34,,,,,"FOUL  by STEWART,CHRISTIAN",,,"FOUL  by STEWART,CHRISTIAN",1
09:34,"GOOD FT by FITCH,CARL",18 (+3),,15,,M-1124 18-15 (+3),,"GOOD FT by FITCH,CARL",1
09:34,,,,,"SUB OUT by STEWART,CHRISTIAN",,,"SUB OUT by STEWART,CHRISTIAN",1
09:34,,,,,"SUB IN by MOORE,KADEN",,,"SUB IN by MOORE,KADEN",1
09:34,"GOOD FT by FITCH,CARL",19 (+4),,15,,M-1124 19-15 (+4),,"GOOD FT by FITCH,CARL",1
09:13,,,,,"MISS JUMPER by SPENCE,BEN",,,"MISS JUMPER by SPENCE,BEN",1
--,,,,,"REBOUND OFF by MOORE,KADEN",,,"REBOUND OFF by MOORE,KADEN",1
09:08,,,,,"MISS JUMPER by MOORE,KADEN",,,"MISS JUMPER by MOORE,KADEN",1
--,,,,,"REBOUND OFF by ALLISON,ZACH",,,"REBOUND OFF by ALLISON,ZACH",1
08:57,,,,,"MISS 3PTR by DENBESTEN,COLE",,,"MISS 3PTR by DENBESTEN,COLE",1
--,"REBOUND DEF by STANLEY,SETH",,,,,,,"REBOUND DEF by STANLEY,SETH",1
08:44,"TURNOVER  by ROUSE,TREY",,,,,,,"TURNOVER  by ROUSE,TREY",1
08:30,,19 (+2),,17,"GOOD JUMPER by ALLISON,ZACH(in the paint)",M-28593 19-17 (+2),,"GOOD JUMPER by ALLISON,ZACH(in the paint)",1
08:05,"TURNOVER  by BRASFIELD,KAM",,,,,,,"TURNOVER  by BRASFIELD,KAM",1
08:03,"SUB OUT by ROUSE,TREY",,,,,,,"SUB OUT by ROUSE,TREY",1
08:03,"SUB IN by SMITH,PRESTON",,,,,,,"SUB IN by SMITH,PRESTON",1
08:03,"SUB OUT by EATON,JACK",,,,,,,"SUB OUT by EATON,JACK",1
08:03,"SUB IN by LINK,JACOB",,,,,,,"SUB IN by LINK,JACOB",1
07:50,"FOUL  by LINK,JACOB",,,,,,,"FOUL  by LINK,JACOB",1
07:50,,,,,"SUB OUT by ALLISON,ZACH",,,"SUB OUT by ALLISON,ZACH",1
07:50,,,,,"SUB IN by SIGLER,EVAN",,,"SUB IN by SIGLER,EVAN",1
07:50,,,,,"SUB OUT by DENBESTEN,COLE",,,"SUB OUT by DENBESTEN,COLE",1
07:50,,,,,"SUB IN by HOLLIFIELD,MALCOLM",,,"SUB IN by HOLLIFIELD,MALCOLM",1
07:50,,,,,"SUB OUT by GONDA,MATT",,,"SUB OUT by GONDA,MATT",1
07:50,,,,,"SUB IN by O'SULLIVAN,CONOR",,,"SUB IN by O'SULLIVAN,CONOR",1
07:50,,19 (+1),,18,"GOOD FT by SPENCE,BEN",M-28593 19-18 (+1),,"GOOD FT by SPENCE,BEN",1
07:50,,19,,19,"GOOD FT by SPENCE,BEN",M-28593 19-19 (0),,"GOOD FT by SPENCE,BEN",1
07:24,"MISS JUMPER by FITCH,CARL",,,,,,,"MISS JUMPER by FITCH,CARL",1
--,,,,,"REBOUND DEF by O'SULLIVAN,CONOR",,,"REBOUND DEF by O'SULLIVAN,CONOR",1
07:05,"FOUL  by FITCH,CARL",,,,,,,"FOUL  by FITCH,CARL",1
07:05,,19,,20 (+1),"GOOD FT by MOORE,KADEN",M-28593 19-20 (-1),,"GOOD FT by MOORE,KADEN",1
07:05,,19,,21 (+2),"GOOD FT by MOORE,KADEN",M-28593 19-21 (-2),,"GOOD FT by MOORE,KADEN",1
06:55,"MISS 3PTR by BRASFIELD,KAM",,,,,,,"MISS 3PTR by BRASFIELD,KAM",1
--,,,,,"REBOUND DEF by O'SULLIVAN,CONOR",,,"REBOUND DEF by O'SULLIVAN,CONOR",1
06:47,,,,,"MISS 3PTR by HOLLIFIELD,MALCOLM",,,"MISS 3PTR by HOLLIFIELD,MALCOLM",1
--,REBOUND DEF by TEAM,,,,,,,REBOUND DEF by TEAM,1
06:42,"SUB OUT by BRASFIELD,KAM",,,,,,,"SUB OUT by BRASFIELD,KAM",1
06:42,"SUB IN by COMMAN,SEAN",,,,,,,"SUB IN by COMMAN,SEAN",1
06:21,"GOOD 3PTR by LINK,JACOB",22 (+1),,21,,M-1124 22-21 (+1),,"GOOD 3PTR by LINK,JACOB",1
--,"ASSIST  by SMITH,PRESTON",,,,,,,"ASSIST  by SMITH,PRESTON",1
06:02,,22,,23 (+1),"GOOD JUMPER by SIGLER,EVAN(in the paint)",M-28593 22-23 (-1),,"GOOD JUMPER by SIGLER,EVAN(in the paint)",1
05:46,"GOOD 3PTR by COMMAN,SEAN",25 (+2),,23,,M-1124 25-23 (+2),,"GOOD 3PTR by COMMAN,SEAN",1
--,"ASSIST  by STANLEY,SETH",,,,,,,"ASSIST  by STANLEY,SETH",1
05:15,,25,,26 (+1),"GOOD 3PTR by O'SULLIVAN,CONOR",M-28593 25-26 (-1),,"GOOD 3PTR by O'SULLIVAN,CONOR",1
--,,,,,"ASSIST  by SPENCE,BEN",,,"ASSIST  by SPENCE,BEN",1
04:58,,,,,"FOUL  by SPENCE,BEN",,,"FOUL  by SPENCE,BEN",1
04:58,,,,,"SUB OUT by SPENCE,BEN",,,"SUB OUT by SPENCE,BEN",1
04:58,,,,,"SUB IN by DENBESTEN,COLE",,,"SUB IN by DENBESTEN,COLE",1
04:58,,,,,"SUB OUT by HOLLIFIELD,MALCOLM",,,"SUB OUT by HOLLIFIELD,MALCOLM",1
04:58,,,,,"SUB IN by WALDRUM,AIDAN",,,"SUB IN by WALDRUM,AIDAN",1
04:54,"GOOD 3PTR by SMITH,PRESTON",28 (+2),,26,,M-1124 28-26 (+2),,"GOOD 3PTR by SMITH,PRESTON",1
--,"ASSIST  by LINK,JACOB",,,,,,,"ASSIST  by LINK,JACOB",1
04:19,,,,,"MISS JUMPER by SIGLER,EVAN",,,"MISS JUMPER by SIGLER,EVAN",1
--,,,,,REBOUND OFF by TEAM,,,REBOUND OFF by TEAM,1
04:14,,,,,"SUB OUT by MOORE,KADEN",,,"SUB OUT by MOORE,KADEN",1
04:14,,,,,"SUB IN by KANE,DENMAN",,,"SUB IN by KANE,DENMAN",1
04:07,,,,,"MISS 3PTR by KANE,DENMAN",,,"MISS 3PTR by KANE,DENMAN",1
--,"REBOUND DEF by FITCH,CARL",,,,,,,"REBOUND DEF by FITCH,CARL",1
03:47,"MISS JUMPER by LINK,JACOB",,,,,,,"MISS JUMPER by LINK,JACOB",1
--,"REBOUND OFF by FITCH,CARL",,,,,,,"REBOUND OFF by FITCH,CARL",1
03:39,"GOOD LAYUP by FITCH,CARL(in the paint)",30 (+4),,26,,M-1124 30-26 (+4),,"GOOD LAYUP by FITCH,CARL(in the paint)",1
03:33,,,,,"MISS JUMPER by WALDRUM,AIDAN",,,"MISS JUMPER by WALDRUM,AIDAN",1
03:33,"BLOCK  by LINK,JACOB",,,,,,,"BLOCK  by LINK,JACOB",1
--,,,,,"REBOUND OFF by SIGLER,EVAN",,,"REBOUND OFF by SIGLER,EVAN",1
03:24,,,,,"FOUL  by DENBESTEN,COLE",,,"FOUL  by DENBESTEN,COLE",1
03:24,,,,,"TURNOVER  by DENBESTEN,COLE",,,"TURNOVER  by DENBESTEN,COLE",1
03:24,,,,,TIMEOUT  by TEAM,,,TIMEOUT  by TEAM,1
03:24,,,,,"SUB OUT by DENBESTEN,COLE",,,"SUB OUT by DENBESTEN,COLE",1
03:24,,,,,"SUB IN by ALLISON,ZACH",,,"SUB IN by ALLISON,ZACH",1
03:24,,,,,"SUB OUT by O'SULLIVAN,CONOR",,,"SUB OUT by O'SULLIVAN,CONOR",1
03:24,,,,,"SUB IN by GONDA,MATT",,,"SUB IN by GONDA,MATT",1
03:24,,,,,"SUB OUT by KANE,DENMAN",,,"SUB OUT by KANE,DENMAN",1
03:24,,,,,"SUB IN by STEWART,CHRISTIAN",,,"SUB IN by STEWART,CHRISTIAN",1
03:24,,,,,"SUB OUT by WALDRUM,AIDAN",,,"SUB OUT by WALDRUM,AIDAN",1
03:24,,,,,"SUB IN by SPENCE,BEN",,,"SUB IN by SPENCE,BEN",1
03:18,"MISS JUMPER by FITCH,CARL",,,,,,,"MISS JUMPER by FITCH,CARL",1
--,,,,,"REBOUND DEF by GONDA,MATT",,,"REBOUND DEF by GONDA,MATT",1
03:10,,,,,"TURNOVER  by SPENCE,BEN",,,"TURNOVER  by SPENCE,BEN",1
03:10,"STEAL  by STANLEY,SETH",,,,,,,"STEAL  by STANLEY,SETH",1
03:05,"FOUL  by FITCH,CARL",,,,,,,"FOUL  by FITCH,CARL",1
03:05,"TURNOVER  by FITCH,CARL",,,,,,,"TURNOVER  by FITCH,CARL",1
03:05,"SUB OUT by FITCH,CARL",,,,,,,"SUB OUT by FITCH,CARL",1
03:05,"SUB IN by RIDING,JAKE",,,,,,,"SUB IN by RIDING,JAKE",1
02:52,"FOUL  by LINK,JACOB",,,,,,,"FOUL  by LINK,JACOB",1
02:52,"SUB OUT by LINK,JACOB",,,,,,,"SUB OUT by LINK,JACOB",1
02:52,"SUB IN by BRASFIELD,KAM",,,,,,,"SUB IN by BRASFIELD,KAM",1
02:52,,,,,"MISS FT by ALLISON,ZACH",,,"MISS FT by ALLISON,ZACH",1
--,"REBOUND DEF by BRASFIELD,KAM",,,,,,,"REBOUND DEF by BRASFIELD,KAM",1
02:41,"MISS JUMPER by RIDING,JAKE",,,,,,,"MISS JUMPER by RIDING,JAKE",1
--,"REBOUND OFF by RIDING,JAKE",,,,,,,"REBOUND OFF by RIDING,JAKE",1
02:13,"MISS JUMPER by RIDING,JAKE",,,,,,,"MISS JUMPER by RIDING,JAKE",1
02:13,,,,,"BLOCK  by SPENCE,BEN",,,"BLOCK  by SPENCE,BEN",1
--,REBOUND OFF by TEAM,,,,,,,REBOUND OFF by TEAM,1
02:13,TIMEOUT  by TEAM,,,,,,,TIMEOUT  by TEAM,1
02:08,"MISS 3PTR by RIDING,JAKE",,,,,,,"MISS 3PTR by RIDING,JAKE",1
--,"REBOUND OFF by STANLEY,SETH",,,,,,,"REBOUND OFF by STANLEY,SETH",1
02:00,"TURNOVER  by BRASFIELD,KAM",,,,,,,"TURNOVER  by BRASFIELD,KAM",1
02:00,,,,,"STEAL  by SPENCE,BEN",,,"STEAL  by SPENCE,BEN",1
01:55,"FOUL  by RIDING,JAKE",,,,,,,"FOUL  by RIDING,JAKE",1
01:55,,,,,"MISS FT by SPENCE,BEN(fastbreak)",,,"MISS FT by SPENCE,BEN(fastbreak)",1
--,,,,,REBOUND DEADB by TEAM,,,REBOUND DEADB by TEAM,1
01:55,,30 (+3),,27,"GOOD FT by SPENCE,BEN(fastbreak)",M-28593 30-27 (+3),,"GOOD FT by SPENCE,BEN(fastbreak)",1
01:33,"GOOD LAYUP by SMITH,PRESTON(in the paint)",32 (+5),,27,,M-1124 32-27 (+5),,"GOOD LAYUP by SMITH,PRESTON(in the paint)",1
01:10,,,,,"MISS JUMPER by SPENCE,BEN",,,"MISS JUMPER by SPENCE,BEN",1
--,,,,,REBOUND OFF by TEAM,,,REBOUND OFF by TEAM,1
01:10,,,,,"SUB OUT by GONDA,MATT",,,"SUB OUT by GONDA,MATT",1
01:10,,,,,"SUB IN by DENBESTEN,COLE",,,"SUB IN by DENBESTEN,COLE",1
00:48,,,,,"MISS JUMPER by STEWART,CHRISTIAN",,,"MISS JUMPER by STEWART,CHRISTIAN",1
--,REBOUND DEF by TEAM,,,,,,,REBOUND DEF by TEAM,1
00:47,,,,,"FOUL  by DENBESTEN,COLE",,,"FOUL  by DENBESTEN,COLE",1
00:47,"GOOD FT by COMMAN,SEAN",33 (+6),,27,,M-1124 33-27 (+6),,"GOOD FT by COMMAN,SEAN",1
00:47,"MISS FT by COMMAN,SEAN",,,,,,,"MISS FT by COMMAN,SEAN",1
--,,,,,"REBOUND DEF by STEWART,CHRISTIAN",,,"REBOUND DEF by STEWART,CHRISTIAN",1
00:43,,,,,"MISS 3PTR by ALLISON,ZACH",,,"MISS 3PTR by ALLISON,ZACH",1
--,,,,,"REBOUND OFF by STEWART,CHRISTIAN",,,"REBOUND OFF by STEWART,CHRISTIAN",1
00:38,,,,,"TURNOVER  by STEWART,CHRISTIAN",,,"TURNOVER  by STEWART,CHRISTIAN",1
00:38,"STEAL  by RIDING,JAKE",,,,,,,"STEAL  by RIDING,JAKE",1
00:32,"GOOD LAYUP by BRASFIELD,KAM(in the paint)",35 (+8),,27,,M-1124 35-27 (+8),,"GOOD LAYUP by BRASFIELD,KAM(in the paint)",1
00:16,,,,,TIMEOUT  by TEAM,,,TIMEOUT  by TEAM,1
00:16,,,,,"SUB OUT by DENBESTEN,COLE",,,"SUB OUT by DENBESTEN,COLE",1
00:16,,,,,"SUB IN by GONDA,MATT",,,"SUB IN by GONDA,MATT",1
00:00,,,,,"MISS 3PTR by GONDA,MATT",,,"MISS 3PTR by GONDA,MATT",1
--,"REBOUND DEF by COMMAN,SEAN",,,,,,,"REBOUND DEF by COMMAN,SEAN",1
20:00,,,,,"SUB OUT by SIGLER,EVAN",,,"SUB OUT by SIGLER,EVAN",2
20:00,,,,,"SUB IN by DENBESTEN,COLE",,,"SUB IN by DENBESTEN,COLE",2
20:00,"SUB OUT by BRASFIELD,KAM",,,,,,,"SUB OUT by BRASFIELD,KAM",2
20:00,"SUB IN by FITCH,CARL",,,,,,,"SUB IN by FITCH,CARL",2
20:00,"SUB OUT by RIDING,JAKE",,,,,,,"SUB OUT by RIDING,JAKE",2
20:00,"SUB IN by LINK,JACOB",,,,,,,"SUB IN by LINK,JACOB",2
19:44,,,,,"MISS JUMPER by STEWART,CHRISTIAN",,,"MISS JUMPER by STEWART,CHRISTIAN",2
19:44,"BLOCK  by FITCH,CARL",,,,,,,"BLOCK  by FITCH,CARL",2
--,"REBOUND DEF by LINK,JACOB",,,,,,,"REBOUND DEF by LINK,JACOB",2
19:35,"GOOD 3PTR by STANLEY,SETH",38 (+11),,27,,M-1124 38-27 (+11),,"GOOD 3PTR by STANLEY,SETH",2
--,"ASSIST  by LINK,JACOB",,,,,,,"ASSIST  by LINK,JACOB",2
19:18,,,,,"TURNOVER  by ALLISON,ZACH",,,"TURNOVER  by ALLISON,ZACH",2
19:18,"STEAL  by COMMAN,SEAN",,,,,,,"STEAL  by COMMAN,SEAN",2
19:11,"GOOD JUMPER by STANLEY,SETH(in the paint)",40 (+13),,27,,M-1124 40-27 (+13),,"GOOD JUMPER by STANLEY,SETH(in the paint)",2
--,"ASSIST  by SMITH,PRESTON",,,,,,,"ASSIST  by SMITH,PRESTON",2
18:59,,,,,"MISS JUMPER by GONDA,MATT",,,"MISS JUMPER by GONDA,MATT",2
--,"REBOUND DEF by LINK,JACOB",,,,,,,"REBOUND DEF by LINK,JACOB",2
18:40,"FOUL  by STANLEY,SETH",,,,,,,"FOUL  by STANLEY,SETH",2
18:40,"TURNOVER  by STANLEY,SETH",,,,,,,"TURNOVER  by STANLEY,SETH",2
18:28,"FOUL  by LINK,JACOB",,,,,,,"FOUL  by LINK,JACOB",2
18:16,,40 (+11),,29,"GOOD LAYUP by GONDA,MATT(in the paint)",M-28593 40-29 (+11),,"GOOD LAYUP by GONDA,MATT(in the paint)",2
17:43,"MISS LAYUP by FITCH,CARL",,,,,,,"MISS LAYUP by FITCH,CARL",2
--,,,,,"REBOUND DEF by SPENCE,BEN",,,"REBOUND DEF by SPENCE,BEN",2
17:33,"FOUL  by FITCH,CARL",,,,,,,"FOUL  by FITCH,CARL",2
17:33,,40 (+10),,30,"GOOD FT by STEWART,CHRISTIAN(fastbreak)",M-28593 40-30 (+10),,"GOOD FT by STEWART,CHRISTIAN(fastbreak)",2
17:33,"SUB OUT by FITCH,CARL",,,,,,,"SUB OUT by FITCH,CARL",2
17:33,"SUB IN by CONRAD,ALEX",,,,,,,"SUB IN by CONRAD,ALEX",2
17:33,"SUB OUT by LINK,JACOB",,,,,,,"SUB OUT by LINK,JACOB",2
17:33,"SUB IN by EATON,JACK",,,,,,,"SUB IN by EATON,JACK",2
17:33,,,,,"MISS FT by STEWART,CHRISTIAN(fastbreak)",,,"MISS FT by STEWART,CHRISTIAN(fastbreak)",2
--,"REBOUND DEF by COMMAN,SEAN",,,,,,,"REBOUND DEF by COMMAN,SEAN",2
17:27,"GOOD LAYUP by CONRAD,ALEX(in the paint)",42 (+12),,30,,M-1124 42-30 (+12),,"GOOD LAYUP by CONRAD,ALEX(in the paint)",2
--,"ASSIST  by STANLEY,SETH",,,,,,,"ASSIST  by STANLEY,SETH",2
17:14,,,,,"MISS LAYUP by ALLISON,ZACH",,,"MISS LAYUP by ALLISON,ZACH",2
17:14,"BLOCK  by CONRAD,ALEX",,,,,,,"BLOCK  by CONRAD,ALEX",2
--,"REBOUND DEF by STANLEY,SETH",,,,,,,"REBOUND DEF by STANLEY,SETH",2
16:51,"MISS JUMPER by EATON,JACK",,,,,,,"MISS JUMPER by EATON,JACK",2
--,,,,,"REBOUND DEF by ALLISON,ZACH",,,"REBOUND DEF by ALLISON,ZACH",2
16:39,,42 (+9),,33,"GOOD 3PTR by DENBESTEN,COLE",M-28593 42-33 (+9),,"GOOD 3PTR by DENBESTEN,COLE",2
16:20,"MISS 3PTR by COMMAN,SEAN",,,,,,,"MISS 3PTR by COMMAN,SEAN",2
--,,,,,"REBOUND DEF by STEWART,CHRISTIAN",,,"REBOUND DEF by STEWART,CHRISTIAN",2
16:12,,42 (+6),,36,"GOOD 3PTR by SPENCE,BEN",M-28593 42-36 (+6),,"GOOD 3PTR by SPENCE,BEN",2
--,,,,,"ASSIST  by STEWART,CHRISTIAN",,,"ASSIST  by STEWART,CHRISTIAN",2
15:59,"GOOD LAYUP by SMITH,PRESTON(in the paint)",44 (+8),,36,,M-1124 44-36 (+8),,"GOOD LAYUP by SMITH,PRESTON(in the paint)",2
--,"ASSIST  by STANLEY,SETH",,,,,,,"ASSIST  by STANLEY,SETH",2
15:54,,,,,TIMEOUT  by TEAM,,,TIMEOUT  by TEAM,2
15:54,TIMEOUT  by TEAM,,,,,,,TIMEOUT  by TEAM,2
15:54,,,,,"SUB OUT by ALLISON,ZACH",,,"SUB OUT by ALLISON,ZACH",2
15:54,,,,,"SUB IN by WALDRUM,AIDAN",,,"SUB IN by WALDRUM,AIDAN",2
15:54,,,,,"SUB OUT by GONDA,MATT",,,"SUB OUT by GONDA,MATT",2
15:54,,,,,"SUB IN by HOLLIFIELD,MALCOLM",,,"SUB IN by HOLLIFIELD,MALCOLM",2
15:54,,,,,"SUB OUT by STEWART,CHRISTIAN",,,"SUB OUT by STEWART,CHRISTIAN",2
15:54,,,,,"SUB IN by O'SULLIVAN,CONOR",,,"SUB IN by O'SULLIVAN,CONOR",2
15:46,"FOUL  by CONRAD,ALEX",,,,,,,"FOUL  by CONRAD,ALEX",2
15:46,,,,,TIMEOUT  by TEAM,,,TIMEOUT  by TEAM,2
15:46,"SUB OUT by COMMAN,SEAN",,,,,,,"SUB OUT by COMMAN,SEAN",2
15:46,"SUB IN by BRASFIELD,KAM",,,,,,,"SUB IN by BRASFIELD,KAM",2
15:46,,44 (+7),,37,"GOOD FT by SPENCE,BEN",M-28593 44-37 (+7),,"GOOD FT by SPENCE,BEN",2
15:46,,44 (+6),,38,"GOOD FT by SPENCE,BEN",M-28593 44-38 (+6),,"GOOD FT by SPENCE,BEN",2
15:42,"MISS JUMPER by BRASFIELD,KAM",,,,,,,"MISS JUMPER by BRASFIELD,KAM",2
15:42,,,,,"BLOCK  by WALDRUM,AIDAN",,,"BLOCK  by WALDRUM,AIDAN",2
--,"REBOUND OFF by SMITH,PRESTON",,,,,,,"REBOUND OFF by SMITH,PRESTON",2
15:30,"GOOD LAYUP by SMITH,PRESTON(in the paint)",46 (+8),,38,,M-1124 46-38 (+8),,"GOOD LAYUP by SMITH,PRESTON(in the paint)",2
15:30,,,,,"FOUL  by WALDRUM,AIDAN",,,"FOUL  by WALDRUM,AIDAN",2
15:30,,,,,"TURNOVER  by WALDRUM,AIDAN",,,"TURNOVER  by WALDRUM,AIDAN",2
15:03,"MISS JUMPER by CONRAD,ALEX",,,,,,,"MISS JUMPER by CONRAD,ALEX",2
15:03,,,,,"BLOCK  by WALDRUM,AIDAN",,,"BLOCK  by WALDRUM,AIDAN",2
--,"REBOUND OFF by CONRAD,ALEX",,,,,,,"REBOUND OFF by CONRAD,ALEX",2
14:59,"MISS 3PTR by STANLEY,SETH",,,,,,,"MISS 3PTR by STANLEY,SETH",2
14:59,,,,,"BLOCK  by SPENCE,BEN",,,"BLOCK  by SPENCE,BEN",2
--,,,,,"REBOUND DEF by WALDRUM,AIDAN",,,"REBOUND DEF by WALDRUM,AIDAN",2
14:35,,46 (+6),,40,"GOOD JUMPER by O'SULLIVAN,CONOR(in the paint)",M-28593 46-40 (+6),,"GOOD JUMPER by O'SULLIVAN,CONOR(in the paint)",2
14:23,,,,,"SUB OUT by DENBESTEN,COLE",,,"SUB OUT by DENBESTEN,COLE",2
14:23,,,,,"SUB IN by SIGLER,EVAN",,,"SUB IN by SIGLER,EVAN",2
14:11,"MISS 3PTR by STANLEY,SETH",,,,,,,"MISS 3PTR by STANLEY,SETH",2
--,,,,,"REBOUND DEF by HOLLIFIELD,MALCOLM",,,"REBOUND DEF by HOLLIFIELD,MALCOLM",2
13:49,,,,,"FOUL  by HOLLIFIELD,MALCOLM",,,"FOUL  by HOLLIFIELD,MALCOLM",2
13:49,,,,,"TURNOVER  by HOLLIFIELD,MALCOLM",,,"TURNOVER  by HOLLIFIELD,MALCOLM",2
13:49,"SUB OUT by SMITH,PRESTON",,,,,,,"SUB OUT by SMITH,PRESTON",2
13:49,"SUB IN by ROUSE,TREY",,,,,,,"SUB IN by ROUSE,TREY",2
13:44,"GOOD LAYUP by ROUSE,TREY(in the paint)",48 (+8),,40,,M-1124 48-40 (+8),,"GOOD LAYUP by ROUSE,TREY(in the paint)",2
13:27,,,,,"MISS JUMPER by SIGLER,EVAN",,,"MISS JUMPER by SIGLER,EVAN",2
--,"REBOUND DEF by ROUSE,TREY",,,,,,,"REBOUND DEF by ROUSE,TREY",2
13:20,"MISS 3PTR by STANLEY,SETH",,,,,,,"MISS 3PTR by STANLEY,SETH",2
--,"REBOUND OFF by BRASFIELD,KAM",,,,,,,"REBOUND OFF by BRASFIELD,KAM",2
13:12,,,,,"SUB OUT by HOLLIFIELD,MALCOLM",,,"SUB OUT by HOLLIFIELD,MALCOLM",2
13:12,,,,,"SUB IN by ALLISON,ZACH",,,"SUB IN by ALLISON,ZACH",2
13:12,,,,,"SUB OUT by O'SULLIVAN,CONOR",,,"SUB OUT by O'SULLIVAN,CONOR",2
13:12,,,,,"SUB IN by BRIGHT JR.,BRUCE",,,"SUB IN by BRIGHT JR.,BRUCE",2
13:12,,,,,"SUB OUT by WALDRUM,AIDAN",,,"SUB OUT by WALDRUM,AIDAN",2
13:12,,,,,"SUB IN by STEWART,CHRISTIAN",,,"SUB IN by STEWART,CHRISTIAN",2
13:02,"GOOD JUMPER by CONRAD,ALEX(in the paint)",50 (+10),,40,,M-1124 50-40 (+10),,"GOOD JUMPER by CONRAD,ALEX(in the paint)",2
12:44,,50 (+7),,43,"GOOD 3PTR by SIGLER,EVAN",M-28593 50-43 (+7),,"GOOD 3PTR by SIGLER,EVAN",2
--,,,,,"ASSIST  by SPENCE,BEN",,,"ASSIST  by SPENCE,BEN",2
12:22,"GOOD JUMPER by STANLEY,SETH(in the paint)",52 (+9),,43,,M-1124 52-43 (+9),,"GOOD JUMPER by STANLEY,SETH(in the paint)",2
12:05,,,,,"MISS 3PTR by SPENCE,BEN",,,"MISS 3PTR by SPENCE,BEN",2
--,,,,,"REBOUND OFF by ALLISON,ZACH",,,"REBOUND OFF by ALLISON,ZACH",2
12:00,,52 (+6),,46,"GOOD 3PTR by SIGLER,EVAN",M-28593 52-46 (+6),,"GOOD 3PTR by SIGLER,EVAN",2
--,,,,,"ASSIST  by ALLISON,ZACH",,,"ASSIST  by ALLISON,ZACH",2
11:52,"TURNOVER  by STANLEY,SETH",,,,,,,"TURNOVER  by STANLEY,SETH",2
11:52,,,,,TIMEOUT  by TEAM,,,TIMEOUT  by TEAM,2
11:52,,,,,"SUB OUT by SPENCE,BEN",,,"SUB OUT by SPENCE,BEN",2
11:52,,,,,"SUB IN by YANCEY,RICH",,,"SUB IN by YANCEY,RICH",2
11:44,"FOUL  by EATON,JACK",,,,,,,"FOUL  by EATON,JACK",2
11:44,,,,,"MISS FT by ALLISON,ZACH",,,"MISS FT by ALLISON,ZACH",2
--,,,,,REBOUND DEADB by TEAM,,,REBOUND DEADB by TEAM,2
11:44,"SUB OUT by ROUSE,TREY",,,,,,,"SUB OUT by ROUSE,TREY",2
11:44,"SUB IN by LINK,JACOB",,,,,,,"SUB IN by LINK,JACOB",2
11:44,"SUB OUT by BRASFIELD,KAM",,,,,,,"SUB OUT by BRASFIELD,KAM",2
11:44,"SUB IN by COMMAN,SEAN",,,,,,,"SUB IN by COMMAN,SEAN",2
11:44,"SUB OUT by EATON,JACK",,,,,,,"SUB OUT by EATON,JACK",2
11:44,"SUB IN by SMITH,PRESTON",,,,,,,"SUB IN by SMITH,PRESTON",2
11:44,,52 (+5),,47,"GOOD FT by ALLISON,ZACH",M-28593 52-47 (+5),,"GOOD FT by ALLISON,ZACH",2
11:22,"GOOD JUMPER by STANLEY,SETH(in the paint)",54 (+7),,47,,M-1124 54-47 (+7),,"GOOD JUMPER by STANLEY,SETH(in the paint)",2
10:58,,54 (+5),,49,"GOOD JUMPER by BRIGHT JR.,BRUCE(in the paint)",M-28593 54-49 (+5),,"GOOD JUMPER by BRIGHT JR.,BRUCE(in the paint)",2
10:39,,,,,"FOUL  by YANCEY,RICH",,,"FOUL  by YANCEY,RICH",2
10:21,"MISS JUMPER by SMITH,PRESTON",,,,,,,"MISS JUMPER by SMITH,PRESTON",2
--,,,,,"REBOUND DEF by BRIGHT JR.,BRUCE",,,"REBOUND DEF by BRIGHT JR.,BRUCE",2
10:14,,54 (+2),,52,"GOOD 3PTR by STEWART,CHRISTIAN",M-28593 54-52 (+2),,"GOOD 3PTR by STEWART,CHRISTIAN",2
--,,,,,"ASSIST  by ALLISON,ZACH",,,"ASSIST  by ALLISON,ZACH",2
09:41,"FOUL  by LINK,JACOB",,,,,,,"FOUL  by LINK,JACOB",2
09:41,"TURNOVER  by LINK,JACOB",,,,,,,"TURNOVER  by LINK,JACOB",2
09:41,"SUB OUT by LINK,JACOB",,,,,,,"SUB OUT by LINK,JACOB",2
09:41,"SUB IN by BRASFIELD,KAM",,,,,,,"SUB IN by BRASFIELD,KAM",2
09:41,"SUB OUT by CONRAD,ALEX",,,,,,,"SUB OUT by CONRAD,ALEX",2
09:41,"SUB IN by FITCH,CARL",,,,,,,"SUB IN by FITCH,CARL",2
09:41,"SUB OUT by STANLEY,SETH",,,,,,,"SUB OUT by STANLEY,SETH",2
09:41,"SUB IN by RIDING,JAKE",,,,,,,"SUB IN by RIDING,JAKE",2
09:22,,,,,"TURNOVER  by STEWART,CHRISTIAN",,,"TURNOVER  by STEWART,CHRISTIAN",2
09:22,"STEAL  by COMMAN,SEAN",,,,,,,"STEAL  by COMMAN,SEAN",2
09:16,"GOOD LAYUP by BRASFIELD,KAM(in the paint)",56 (+4),,52,,M-1124 56-52 (+4),,"GOOD LAYUP by BRASFIELD,KAM(in the paint)",2
--,"ASSIST  by COMMAN,SEAN",,,,,,,"ASSIST  by COMMAN,SEAN",2
09:03,"FOUL  by FITCH,CARL",,,,,,,"FOUL  by FITCH,CARL",2
09:03,,56 (+3),,53,"GOOD FT by ALLISON,ZACH",M-28593 56-53 (+3),,"GOOD FT by ALLISON,ZACH",2
09:03,,56 (+2),,54,"GOOD FT by ALLISON,ZACH",M-28593 56-54 (+2),,"GOOD FT by ALLISON,ZACH",2
09:03,,,,,"SUB OUT by ALLISON,ZACH",,,"SUB OUT by ALLISON,ZACH",2
09:03,,,,,"SUB IN by O'SULLIVAN,CONOR",,,"SUB IN by O'SULLIVAN,CONOR",2
09:03,,,,,"SUB OUT by YANCEY,RICH",,,"SUB OUT by YANCEY,RICH",2
09:03,,,,,"SUB IN by SPENCE,BEN",,,"SUB IN by SPENCE,BEN",2
09:03,"SUB OUT by FITCH,CARL",,,,,,,"SUB OUT by FITCH,CARL",2
09:03,"SUB IN by STANLEY,SETH",,,,,,,"SUB IN by STANLEY,SETH",2
08:34,"MISS 3PTR by COMMAN,SEAN",,,,,,,"MISS 3PTR by COMMAN,SEAN",2
--,,,,,"REBOUND DEF by SIGLER,EVAN",,,"REBOUND DEF by SIGLER,EVAN",2
08:22,,56,,56,"GOOD LAYUP by BRIGHT JR.,BRUCE(in the paint)",M-28593 56-56 (0),,"GOOD LAYUP by BRIGHT JR.,BRUCE(in the paint)",2
08:19,"FOUL  by RIDING,JAKE",,,,,,,"FOUL  by RIDING,JAKE",2
08:19,,,,,"MISS FT by BRIGHT JR.,BRUCE",,,"MISS FT by BRIGHT JR.,BRUCE",2
--,REBOUND DEF by TEAM,,,,,,,REBOUND DEF by TEAM,2
08:11,,,,,"FOUL  by STEWART,CHRISTIAN",,,"FOUL  by STEWART,CHRISTIAN",2
08:11,"GOOD FT by BRASFIELD,KAM",57 (+1),,56,,M-1124 57-56 (+1),,"GOOD FT by BRASFIELD,KAM",2
08:11,,,,,"SUB OUT by STEWART,CHRISTIAN",,,"SUB OUT by STEWART,CHRISTIAN",2
08:11,,,,,"SUB IN by WALDRUM,AIDAN",,,"SUB IN by WALDRUM,AIDAN",2
08:11,"MISS FT by BRASFIELD,KAM",,,,,,,"MISS FT by BRASFIELD,KAM",2
--,,,,,"REBOUND DEF by WALDRUM,AIDAN",,,"REBOUND DEF by WALDRUM,AIDAN",2
07:51,,57,,59 (+2),"GOOD 3PTR by BRIGHT JR.,BRUCE",M-28593 57-59 (-2),,"GOOD 3PTR by BRIGHT JR.,BRUCE",2
--,,,,,"ASSIST  by SPENCE,BEN",,,"ASSIST  by SPENCE,BEN",2
07:30,,,,,"FOUL  by WALDRUM,AIDAN",,,"FOUL  by WALDRUM,AIDAN",2
07:30,,,,,TIMEOUT  by TEAM,,,TIMEOUT  by TEAM,2
07:28,"GOOD LAYUP by STANLEY,SETH(in the paint)",59,,59,,M-1124 59-59 (0),,"GOOD LAYUP by STANLEY,SETH(in the paint)",2
--,"ASSIST  by BRASFIELD,KAM",,,,,,,"ASSIST  by BRASFIELD,KAM",2
07:09,,,,,"SUB OUT by SIGLER,EVAN",,,"SUB OUT by SIGLER,EVAN",2
07:09,,,,,"SUB IN by DENBESTEN,COLE",,,"SUB IN by DENBESTEN,COLE",2
07:06,,,,,"MISS JUMPER by SPENCE,BEN",,,"MISS JUMPER by SPENCE,BEN",2
07:06,"BLOCK  by STANLEY,SETH",,,,,,,"BLOCK  by STANLEY,SETH",2
--,"REBOUND DEF by STANLEY,SETH",,,,,,,"REBOUND DEF by STANLEY,SETH",2
06:57,"MISS LAYUP by RIDING,JAKE",,,,,,,"MISS LAYUP by RIDING,JAKE",2
--,,,,,"REBOUND DEF by SPENCE,BEN",,,"REBOUND DEF by SPENCE,BEN",2
06:33,,59,,61 (+2),"GOOD JUMPER by DENBESTEN,COLE(in the paint)",M-28593 59-61 (-2),,"GOOD JUMPER by DENBESTEN,COLE(in the paint)",2
06:19,"TURNOVER  by STANLEY,SETH",,,,,,,"TURNOVER  by STANLEY,SETH",2
06:19,,,,,"STEAL  by BRIGHT JR.,BRUCE",,,"STEAL  by BRIGHT JR.,BRUCE",2
06:04,,,,,"TURNOVER  by DENBESTEN,COLE",,,"TURNOVER  by DENBESTEN,COLE",2
05:42,"MISS JUMPER by SMITH,PRESTON",,,,,,,"MISS JUMPER by SMITH,PRESTON",2
05:42,,,,,"BLOCK  by WALDRUM,AIDAN",,,"BLOCK  by WALDRUM,AIDAN",2
--,,,,,"REBOUND DEF by BRIGHT JR.,BRUCE",,,"REBOUND DEF by BRIGHT JR.,BRUCE",2
05:33,,,,,"MISS 3PTR by BRIGHT JR.,BRUCE",,,"MISS 3PTR by BRIGHT JR.,BRUCE",2
--,"REBOUND DEF by COMMAN,SEAN",,,,,,,"REBOUND DEF by COMMAN,SEAN",2
05:13,"TURNOVER  by RIDING,JAKE",,,,,,,"TURNOVER  by RIDING,JAKE",2
05:13,,,,,"SUB OUT by DENBESTEN,COLE",,,"SUB OUT by DENBESTEN,COLE",2
05:13,,,,,"SUB IN by ALLISON,ZACH",,,"SUB IN by ALLISON,ZACH",2
05:13,,,,,"SUB OUT by O'SULLIVAN,CONOR",,,"SUB OUT by O'SULLIVAN,CONOR",2
05:13,,,,,"SUB IN by SIGLER,EVAN",,,"SUB IN by SIGLER,EVAN",2
05:13,,,,,"SUB OUT by BRIGHT JR.,BRUCE",,,"SUB OUT by BRIGHT JR.,BRUCE",2
05:13,,,,,"SUB IN by GONDA,MATT",,,"SUB IN by GONDA,MATT",2
04:48,"FOUL  by BRASFIELD,KAM",,,,,,,"FOUL  by BRASFIELD,KAM",2
04:48,"SUB OUT by COMMAN,SEAN",,,,,,,"SUB OUT by COMMAN,SEAN",2
04:48,"SUB IN by EATON,JACK",,,,,,,"SUB IN by EATON,JACK",2
04:48,,59,,62 (+3),"GOOD FT by ALLISON,ZACH",M-28593 59-62 (-3),,"GOOD FT by ALLISON,ZACH",2
04:48,,59,,63 (+4),"GOOD FT by ALLISON,ZACH",M-28593 59-63 (-4),,"GOOD FT by ALLISON,ZACH",2
04:37,"MISS LAYUP by BRASFIELD,KAM",,,,,,,"MISS LAYUP by BRASFIELD,KAM",2
04:37,,,,,"BLOCK  by WALDRUM,AIDAN",,,"BLOCK  by WALDRUM,AIDAN",2
--,,,,,"REBOUND DEF by GONDA,MATT",,,"REBOUND DEF by GONDA,MATT",2
04:26,"FOUL  by STANLEY,SETH",,,,,,,"FOUL  by STANLEY,SETH",2
04:26,,59,,64 (+5),"GOOD FT by GONDA,MATT(fastbreak)",M-28593 59-64 (-5),,"GOOD FT by GONDA,MATT(fastbreak)",2
04:26,,,,,"SUB OUT by SPENCE,BEN",,,"SUB OUT by SPENCE,BEN",2
04:26,,,,,"SUB IN by BRIGHT JR.,BRUCE",,,"SUB IN by BRIGHT JR.,BRUCE",2
04:26,"SUB OUT by BRASFIELD,KAM",,,,,,,"SUB OUT by BRASFIELD,KAM",2
04:26,"SUB IN by LINK,JACOB",,,,,,,"SUB IN by LINK,JACOB",2
04:26,,,,,"MISS FT by GONDA,MATT(fastbreak)",,,"MISS FT by GONDA,MATT(fastbreak)",2
--,REBOUND DEF by TEAM,,,,,,,REBOUND DEF by TEAM,2
04:26,,,,,"FOUL  by BRIGHT JR.,BRUCE",,,"FOUL  by BRIGHT JR.,BRUCE",2
04:13,"GOOD 3PTR by EATON,JACK",62,,64 (+2),,M-1124 62-64 (-2),,"GOOD 3PTR by EATON,JACK",2
--,"ASSIST  by SMITH,PRESTON",,,,,,,"ASSIST  by SMITH,PRESTON",2
03:51,,62,,67 (+5),"GOOD 3PTR by BRIGHT JR.,BRUCE",M-28593 62-67 (-5),,"GOOD 3PTR by BRIGHT JR.,BRUCE",2
--,,,,,"ASSIST  by ALLISON,ZACH",,,"ASSIST  by ALLISON,ZACH",2
03:22,"GOOD LAYUP by RIDING,JAKE(in the paint)",64,,67 (+3),,M-1124 64-67 (-3),,"GOOD LAYUP by RIDING,JAKE(in the paint)",2
--,"ASSIST  by LINK,JACOB",,,,,,,"ASSIST  by LINK,JACOB",2
03:21,TIMEOUT  by TEAM,,,,,,,TIMEOUT  by TEAM,2
03:21,,,,,TIMEOUT  by TEAM,,,TIMEOUT  by TEAM,2
03:21,,,,,"SUB OUT by GONDA,MATT",,,"SUB OUT by GONDA,MATT",2
03:21,,,,,"SUB IN by STEWART,CHRISTIAN",,,"SUB IN by STEWART,CHRISTIAN",2
03:21,,,,,"SUB OUT by BRIGHT JR.,BRUCE",,,"SUB OUT by BRIGHT JR.,BRUCE",2
03:21,,,,,"SUB IN by SPENCE,BEN",,,"SUB IN by SPENCE,BEN",2
03:21,,,,,"SUB OUT by WALDRUM,AIDAN",,,"SUB OUT by WALDRUM,AIDAN",2
03:21,,,,,"SUB IN by DENBESTEN,COLE",,,"SUB IN by DENBESTEN,COLE",2
03:03,,64,,70 (+6),"GOOD 3PTR by ALLISON,ZACH",M-28593 64-70 (-6),,"GOOD 3PTR by ALLISON,ZACH",2
02:43,,,,,"FOUL  by ALLISON,ZACH",,,"FOUL  by ALLISON,ZACH",2
02:43,"GOOD FT by STANLEY,SETH",65,,70 (+5),,M-1124 65-70 (-5),,"GOOD FT by STANLEY,SETH",2
02:43,"GOOD FT by STANLEY,SETH",66,,70 (+4),,M-1124 66-70 (-4),,"GOOD FT by STANLEY,SETH",2
02:21,,,,,"MISS JUMPER by ALLISON,ZACH",,,"MISS JUMPER by ALLISON,ZACH",2
--,,,,,"REBOUND OFF by STEWART,CHRISTIAN",,,"REBOUND OFF by STEWART,CHRISTIAN",2
02:16,,66,,72 (+6),"GOOD LAYUP by STEWART,CHRISTIAN(in the paint)",M-28593 66-72 (-6),,"GOOD LAYUP by STEWART,CHRISTIAN(in the paint)",2
01:54,"MISS JUMPER by LINK,JACOB",,,,,,,"MISS JUMPER by LINK,JACOB",2
--,,,,,"REBOUND DEF by STEWART,CHRISTIAN",,,"REBOUND DEF by STEWART,CHRISTIAN",2
01:26,,,,,"TURNOVER  by ALLISON,ZACH",,,"TURNOVER  by ALLISON,ZACH",2
01:26,,,,,"SUB OUT by DENBESTEN,COLE",,,"SUB OUT by DENBESTEN,COLE",2
01:26,,,,,"SUB IN by WALDRUM,AIDAN",,,"SUB IN by WALDRUM,AIDAN",2
01:26,,,,,"SUB OUT by SPENCE,BEN",,,"SUB OUT by SPENCE,BEN",2
01:26,,,,,"SUB IN by GONDA,MATT",,,"SUB IN by GONDA,MATT",2
01:17,"MISS 3PTR by STANLEY,SETH",,,,,,,"MISS 3PTR by STANLEY,SETH",2
--,,,,,"REBOUND DEF by GONDA,MATT",,,"REBOUND DEF by GONDA,MATT",2
00:53,"SUB OUT by EATON,JACK",,,,,,,"SUB OUT by EATON,JACK",2
00:53,"SUB IN by COMMAN,SEAN",,,,,,,"SUB IN by COMMAN,SEAN",2
00:43,,66,,74 (+8),"GOOD LAYUP by WALDRUM,AIDAN(in the paint)",M-28593 66-74 (-8),,"GOOD LAYUP by WALDRUM,AIDAN(in the paint)",2
--,,,,,"ASSIST  by ALLISON,ZACH",,,"ASSIST  by ALLISON,ZACH",2
00:35,"GOOD 3PTR by SMITH,PRESTON",69,,74 (+5),,M-1124 69-74 (-5),,"GOOD 3PTR by SMITH,PRESTON",2
00:35,TIMEOUT  by TEAM,,,,,,,TIMEOUT  by TEAM,2
00:35,,,,,"SUB OUT by GONDA,MATT",,,"SUB OUT by GONDA,MATT",2
00:35,,,,,"SUB IN by SPENCE,BEN",,,"SUB IN by SPENCE,BEN",2
00:35,,,,,"SUB OUT by WALDRUM,AIDAN",,,"SUB OUT by WALDRUM,AIDAN",2
00:35,,,,,"SUB IN by DENBESTEN,COLE",,,"SUB IN by DENBESTEN,COLE",2
00:35,"SUB OUT by LINK,JACOB",,,,,,,"SUB OUT by LINK,JACOB",2
00:35,"SUB IN by BRASFIELD,KAM",,,,,,,"SUB IN by BRASFIELD,KAM",2
00:35,"SUB OUT by COMMAN,SEAN",,,,,,,"SUB OUT by COMMAN,SEAN",2
00:35,"SUB IN by EATON,JACK",,,,,,,"SUB IN by EATON,JACK",2
00:30,"FOUL  by BRASFIELD,KAM",,,,,,,"FOUL  by BRASFIELD,KAM",2
00:30,,69,,75 (+6),"GOOD FT by ALLISON,ZACH(fastbreak)",M-28593 69-75 (-6),,"GOOD FT by ALLISON,ZACH(fastbreak)",2
00:30,,,,,"SUB OUT by STEWART,CHRISTIAN",,,"SUB OUT by STEWART,CHRISTIAN",2
00:30,,,,,"SUB IN by WALDRUM,AIDAN",,,"SUB IN by WALDRUM,AIDAN",2
00:30,"SUB OUT by EATON,JACK",,,,,,,"SUB OUT by EATON,JACK",2
00:30,"SUB IN by LINK,JACOB",,,,,,,"SUB IN by LINK,JACOB",2
00:30,"SUB OUT by BRASFIELD,KAM",,,,,,,"SUB OUT by BRASFIELD,KAM",2
00:30,"SUB IN by COMMAN,SEAN",,,,,,,"SUB IN by COMMAN,SEAN",2
00:30,,69,,76 (+7),"GOOD FT by ALLISON,ZACH(fastbreak)",M-28593 69-76 (-7),,"GOOD FT by ALLISON,ZACH(fastbreak)",2
00:30,,,,,"SUB OUT by DENBESTEN,COLE",,,"SUB OUT by DENBESTEN,COLE",2
00:30,,,,,"SUB IN by GONDA,MATT",,,"SUB IN by GONDA,MATT",2
00:26,"MISS JUMPER by LINK,JACOB",,,,,,,"MISS JUMPER by LINK,JACOB",2
00:26,,,,,"BLOCK  by WALDRUM,AIDAN",,,"BLOCK  by WALDRUM,AIDAN",2
--,"REBOUND OFF by SMITH,PRESTON",,,,,,,"REBOUND OFF by SMITH,PRESTON",2
00:17,"MISS 3PTR by LINK,JACOB",,,,,,,"MISS 3PTR by LINK,JACOB",2
--,"REBOUND OFF by COMMAN,SEAN",,,,,,,"REBOUND OFF by COMMAN,SEAN",2
00:15,"TURNOVER  by COMMAN,SEAN",,,,,,,"TURNOVER  by COMMAN,SEAN",2
00:15,,,,,"STEAL  by WALDRUM,AIDAN",,,"STEAL  by WALDRUM,AIDAN",2
00:15,"FOUL  by COMMAN,SEAN",,,,,,,"FOUL  by COMMAN,SEAN",2
00:15,,69,,77 (+8),"GOOD FT by WALDRUM,AIDAN",M-28593 69-77 (-8),,"GOOD FT by WALDRUM,AIDAN",2
00:15,,,,,"SUB OUT by SPENCE,BEN",,,"SUB OUT by SPENCE,BEN",2
00:15,,,,,"SUB IN by YANCEY,RICH",,,"SUB IN by YANCEY,RICH",2
00:15,,69,,78 (+9),"GOOD FT by WALDRUM,AIDAN",M-28593 69-78 (-9),,"GOOD FT by WALDRUM,AIDAN",2
00:10,"MISS 3PTR by SMITH,PRESTON",,,,,,,"MISS 3PTR by SMITH,PRESTON",2
--,,,,,"REBOUND DEF by WALDRUM,AIDAN",,,"REBOUND DEF by WALDRUM,AIDAN",2
