Time Remaining,Mill,Away Team Score,Play Team Indicator,Home Team Score,BSC,Game Score,Team Indicator,Play,Period
19:41,,0,,2 (+2),"GOOD LAYUP by STEWART,CHRISTIAN(in the paint)",BSC 0-2 (-2),,"GOOD LAYUP by STEWART,CHRISTIAN(in the paint)",1
--,,,,,"ASSIST  by O'SULLIVAN,CONOR",,,"ASSIST  by O'SULLIVAN,CONOR",1
19:30,"GOOD JUMPER by HUGHES,ANTHONY(in the paint)",2,,2,,Mill 2-2 (0),,"GOOD JUMPER by HUGHES,ANTHONY(in the paint)",1
19:15,,,,,"TURNOVER  by SPENCE,BEN",,,"TURNOVER  by SPENCE,BEN",1
19:15,"STEAL  by SPIKES,KALVIN",,,,,,,"STEAL  by SPIKES,KALVIN",1
19:08,"MISS 3PTR by JENKINS,KALEB",,,,,,,"MISS 3PTR by JENKINS,KALEB",1
--,,,,,"REBOUND DEF by O'SULLIVAN,CONOR",,,"REBOUND DEF by O'SULLIVAN,CONOR",1
19:01,,2,,4 (+2),"GOOD LAYUP by STEWART,CHRISTIAN(fastbreak)(in the paint)",BSC 2-4 (-2),,"GOOD LAYUP by STEWART,CHRISTIAN(fastbreak)(in the paint)",1
--,,,,,"ASSIST  by O'SULLIVAN,CONOR",,,"ASSIST  by O'SULLIVAN,CONOR",1
18:27,"TURNOVER  by HUGHES,ANTHONY",,,,,,,"TURNOVER  by HUGHES,ANTHONY",1
18:10,,2,,6 (+4),"GOOD JUMPER by SPENCE,BEN(in the paint)",BSC 2-6 (-4),,"GOOD JUMPER by SPENCE,BEN(in the paint)",1
17:53,"GOOD 3PTR by MCLAURIN,RYAN",5,,6 (+1),,Mill 5-6 (-1),,"GOOD 3PTR by MCLAURIN,RYAN",1
--,"ASSIST  by BECKER,SAXTON",,,,,,,"ASSIST  by BECKER,SAXTON",1
17:35,,,,,"MISS 3PTR by FITZGERALD,PAUL",,,"MISS 3PTR by FITZGERALD,PAUL",1
--,,,,,"REBOUND OFF by SPENCE,BEN",,,"REBOUND OFF by SPENCE,BEN",1
17:28,,5,,8 (+3),"GOOD LAYUP by STEWART,CHRISTIAN(in the paint)",BSC 5-8 (-3),,"GOOD LAYUP by STEWART,CHRISTIAN(in the paint)",1
--,,,,,"ASSIST  by SPENCE,BEN",,,"ASSIST  by SPENCE,BEN",1
17:09,"GOOD 3PTR by BECKER,SAXTON",8,,8,,Mill 8-8 (0),,"GOOD 3PTR by BECKER,SAXTON",1
16:47,,,,,"MISS JUMPER by BAK,CALVIN",,,"MISS JUMPER by BAK,CALVIN",1
--,"REBOUND DEF by HUGHES,ANTHONY",,,,,,,"REBOUND DEF by HUGHES,ANTHONY",1
16:41,"GOOD DUNK by SPIKES,KALVIN(in the paint)",10 (+2),,8,,Mill 10-8 (+2),,"GOOD DUNK by SPIKES,KALVIN(in the paint)",1
--,"ASSIST  by JENKINS,KALEB",,,,,,,"ASSIST  by JENKINS,KALEB",1
16:39,,,,,TIMEOUT 30SEC by TEAM,,,TIMEOUT 30SEC by TEAM,1
16:37,,,,,"SUB IN by SIGLER,EVAN",,,"SUB IN by SIGLER,EVAN",1
16:37,,,,,"SUB OUT by FITZGERALD,PAUL",,,"SUB OUT by FITZGERALD,PAUL",1
16:09,,,,,"MISS JUMPER by SPENCE,BEN",,,"MISS JUMPER by SPENCE,BEN",1
--,"REBOUND DEF by JENKINS,KALEB",,,,,,,"REBOUND DEF by JENKINS,KALEB",1
15:54,"MISS 3PTR by MCLAURIN,RYAN",,,,,,,"MISS 3PTR by MCLAURIN,RYAN",1
--,"REBOUND OFF by BECKER,SAXTON",,,,,,,"REBOUND OFF by BECKER,SAXTON",1
15:48,"GOOD 3PTR by JENKINS,KALEB",13 (+5),,8,,Mill 13-8 (+5),,"GOOD 3PTR by JENKINS,KALEB",1
--,"ASSIST  by BECKER,SAXTON",,,,,,,"ASSIST  by BECKER,SAXTON",1
15:33,,,,,"TURNOVER  by FITZGERALD,PAUL",,,"TURNOVER  by FITZGERALD,PAUL",1
15:33,"STEAL  by JENKINS,KALEB",,,,,,,"STEAL  by JENKINS,KALEB",1
15:23,"GOOD LAYUP by JENKINS,KALEB(in the paint)",15 (+7),,8,,Mill 15-8 (+7),,"GOOD LAYUP by JENKINS,KALEB(in the paint)",1
15:05,,,,,"SUB IN by FITZGERALD,PAUL",,,"SUB IN by FITZGERALD,PAUL",1
15:05,,,,,"SUB OUT by SIGLER,EVAN",,,"SUB OUT by SIGLER,EVAN",1
15:04,,15 (+4),,11,"GOOD 3PTR by FITZGERALD,PAUL",BSC 15-11 (+4),,"GOOD 3PTR by FITZGERALD,PAUL",1
14:47,"MISS JUMPER by BECKER,SAXTON",,,,,,,"MISS JUMPER by BECKER,SAXTON",1
--,,,,,"REBOUND DEF by SPENCE,BEN",,,"REBOUND DEF by SPENCE,BEN",1
14:40,,,,,"MISS LAYUP by STEWART,CHRISTIAN",,,"MISS LAYUP by STEWART,CHRISTIAN",1
--,"REBOUND DEF by SPIKES,KALVIN",,,,,,,"REBOUND DEF by SPIKES,KALVIN",1
14:32,"MISS JUMPER by HUGHES,ANTHONY",,,,,,,"MISS JUMPER by HUGHES,ANTHONY",1
--,,,,,"REBOUND DEF by STEWART,CHRISTIAN",,,"REBOUND DEF by STEWART,CHRISTIAN",1
14:28,,15 (+1),,14,"GOOD 3PTR by BAK,CALVIN(fastbreak)",BSC 15-14 (+1),,"GOOD 3PTR by BAK,CALVIN(fastbreak)",1
14:05,"GOOD LAYUP by SPIKES,KALVIN(in the paint)",17 (+3),,14,,Mill 17-14 (+3),,"GOOD LAYUP by SPIKES,KALVIN(in the paint)",1
14:05,,,,,"FOUL  by STEWART,CHRISTIAN",,,"FOUL  by STEWART,CHRISTIAN",1
14:05,"MISS FT by SPIKES,KALVIN",,,,,,,"MISS FT by SPIKES,KALVIN",1
--,,,,,"REBOUND DEF by MORRISON,JASON",,,"REBOUND DEF by MORRISON,JASON",1
14:05,,,,,"SUB IN by CHILDERS,JOSH",,,"SUB IN by CHILDERS,JOSH",1
14:05,,,,,"SUB IN by SIGLER,EVAN",,,"SUB IN by SIGLER,EVAN",1
14:05,,,,,"SUB IN by MORRISON,JASON",,,"SUB IN by MORRISON,JASON",1
14:05,,,,,"SUB IN by GONDA,MATT",,,"SUB IN by GONDA,MATT",1
14:05,,,,,"SUB OUT by SPENCE,BEN",,,"SUB OUT by SPENCE,BEN",1
14:05,,,,,"SUB OUT by STEWART,CHRISTIAN",,,"SUB OUT by STEWART,CHRISTIAN",1
14:05,,,,,"SUB OUT by O'SULLIVAN,CONOR",,,"SUB OUT by O'SULLIVAN,CONOR",1
14:05,,,,,"SUB OUT by BAK,CALVIN",,,"SUB OUT by BAK,CALVIN",1
13:53,,,,,"MISS JUMPER by CHILDERS,JOSH",,,"MISS JUMPER by CHILDERS,JOSH",1
--,,,,,"REBOUND OFF by FITZGERALD,PAUL",,,"REBOUND OFF by FITZGERALD,PAUL",1
13:45,,17 (+1),,16,"GOOD JUMPER by FITZGERALD,PAUL(in the paint)",BSC 17-16 (+1),,"GOOD JUMPER by FITZGERALD,PAUL(in the paint)",1
13:23,"GOOD 3PTR by HUGHES,ANTHONY",20 (+4),,16,,Mill 20-16 (+4),,"GOOD 3PTR by HUGHES,ANTHONY",1
--,"ASSIST  by JENKINS,KALEB",,,,,,,"ASSIST  by JENKINS,KALEB",1
13:05,,,,,"MISS JUMPER by GONDA,MATT",,,"MISS JUMPER by GONDA,MATT",1
--,"REBOUND DEF by MCLAURIN,RYAN",,,,,,,"REBOUND DEF by MCLAURIN,RYAN",1
12:44,"MISS JUMPER by SPIKES,KALVIN",,,,,,,"MISS JUMPER by SPIKES,KALVIN",1
--,,,,,"REBOUND DEF by FITZGERALD,PAUL",,,"REBOUND DEF by FITZGERALD,PAUL",1
12:31,,20 (+1),,19,"GOOD 3PTR by GONDA,MATT",BSC 20-19 (+1),,"GOOD 3PTR by GONDA,MATT",1
--,,,,,"ASSIST  by CHILDERS,JOSH",,,"ASSIST  by CHILDERS,JOSH",1
12:17,"MISS JUMPER by JENKINS,KALEB",,,,,,,"MISS JUMPER by JENKINS,KALEB",1
--,"REBOUND OFF by SPIKES,KALVIN",,,,,,,"REBOUND OFF by SPIKES,KALVIN",1
12:12,"GOOD LAYUP by SPIKES,KALVIN(in the paint)",22 (+3),,19,,Mill 22-19 (+3),,"GOOD LAYUP by SPIKES,KALVIN(in the paint)",1
11:44,"FOUL  by MCLAURIN,RYAN",,,,,,,"FOUL  by MCLAURIN,RYAN",1
11:44,TIMEOUT 20SEC by TEAM,,,,,,,TIMEOUT 20SEC by TEAM,1
11:44,"SUB IN by PELT,JUSTIN VAN",,,,,,,"SUB IN by PELT,JUSTIN VAN",1
11:44,"SUB IN by GRANT,SHE'CHEM",,,,,,,"SUB IN by GRANT,SHE'CHEM",1
11:44,"SUB OUT by BECKER,SAXTON",,,,,,,"SUB OUT by BECKER,SAXTON",1
11:44,"SUB OUT by SPIKES,KALVIN",,,,,,,"SUB OUT by SPIKES,KALVIN",1
11:26,,,,,"MISS 3PTR by FITZGERALD,PAUL",,,"MISS 3PTR by FITZGERALD,PAUL",1
--,REBOUND DEF by TEAM,,,,,,,REBOUND DEF by TEAM,1
11:24,"SUB IN by YOUNG,DILLON",,,,,,,"SUB IN by YOUNG,DILLON",1
11:24,"SUB OUT by MCLAURIN,RYAN",,,,,,,"SUB OUT by MCLAURIN,RYAN",1
10:58,"MISS JUMPER by PELT,JUSTIN VAN",,,,,,,"MISS JUMPER by PELT,JUSTIN VAN",1
--,,,,,"REBOUND DEF by SIGLER,EVAN",,,"REBOUND DEF by SIGLER,EVAN",1
10:49,,,,,"MISS 3PTR by MORRISON,JASON",,,"MISS 3PTR by MORRISON,JASON",1
--,,,,,"REBOUND OFF by SIGLER,EVAN",,,"REBOUND OFF by SIGLER,EVAN",1
10:46,"SUB IN by MCLAURIN,RYAN",,,,,,,"SUB IN by MCLAURIN,RYAN",1
10:46,"SUB OUT by JENKINS,KALEB",,,,,,,"SUB OUT by JENKINS,KALEB",1
10:46,,,,,"SUB IN by SPENCE,BEN",,,"SUB IN by SPENCE,BEN",1
10:46,,,,,"SUB IN by JR,BRUCE BRIGHT",,,"SUB IN by JR,BRUCE BRIGHT",1
10:46,,,,,"SUB IN by STEWART,CHRISTIAN",,,"SUB IN by STEWART,CHRISTIAN",1
10:46,,,,,"SUB IN by O'SULLIVAN,CONOR",,,"SUB IN by O'SULLIVAN,CONOR",1
10:46,,,,,"SUB IN by BAK,CALVIN",,,"SUB IN by BAK,CALVIN",1
10:46,,,,,"SUB OUT by CHILDERS,JOSH",,,"SUB OUT by CHILDERS,JOSH",1
10:46,,,,,"SUB OUT by SIGLER,EVAN",,,"SUB OUT by SIGLER,EVAN",1
10:46,,,,,"SUB OUT by MORRISON,JASON",,,"SUB OUT by MORRISON,JASON",1
10:46,,,,,"SUB OUT by GONDA,MATT",,,"SUB OUT by GONDA,MATT",1
10:46,,,,,"SUB OUT by FITZGERALD,PAUL",,,"SUB OUT by FITZGERALD,PAUL",1
10:30,,,,,"MISS JUMPER by BAK,CALVIN",,,"MISS JUMPER by BAK,CALVIN",1
10:22,,22 (+1),,21,"GOOD LAYUP by JR,BRUCE BRIGHT(in the paint)",BSC 22-21 (+1),,"GOOD LAYUP by JR,BRUCE BRIGHT(in the paint)",1
--,,,,,"REBOUND OFF by JR,BRUCE BRIGHT",,,"REBOUND OFF by JR,BRUCE BRIGHT",1
10:06,"FOUL  by PELT,JUSTIN VAN",,,,,,,"FOUL  by PELT,JUSTIN VAN",1
10:06,"TURNOVER  by PELT,JUSTIN VAN",,,,,,,"TURNOVER  by PELT,JUSTIN VAN",1
10:06,"SUB IN by GILLIHAN,NEWLON",,,,,,,"SUB IN by GILLIHAN,NEWLON",1
10:06,"SUB IN by TURNER,JAMES",,,,,,,"SUB IN by TURNER,JAMES",1
10:06,"SUB OUT by HUGHES,ANTHONY",,,,,,,"SUB OUT by HUGHES,ANTHONY",1
10:06,"SUB OUT by YOUNG,DILLON",,,,,,,"SUB OUT by YOUNG,DILLON",1
09:54,"FOUL  by GILLIHAN,NEWLON",,,,,,,"FOUL  by GILLIHAN,NEWLON",1
09:46,,,,,"MISS 3PTR by JR,BRUCE BRIGHT",,,"MISS 3PTR by JR,BRUCE BRIGHT",1
--,"REBOUND DEF by PELT,JUSTIN VAN",,,,,,,"REBOUND DEF by PELT,JUSTIN VAN",1
09:41,,,,,"FOUL  by STEWART,CHRISTIAN",,,"FOUL  by STEWART,CHRISTIAN",1
09:40,,,,,"SUB IN by CHILDERS,JOSH",,,"SUB IN by CHILDERS,JOSH",1
09:40,,,,,"SUB OUT by STEWART,CHRISTIAN",,,"SUB OUT by STEWART,CHRISTIAN",1
09:21,"GOOD JUMPER by PELT,JUSTIN VAN(in the paint)",24 (+3),,21,,Mill 24-21 (+3),,"GOOD JUMPER by PELT,JUSTIN VAN(in the paint)",1
09:06,,24 (+1),,23,"GOOD JUMPER by CHILDERS,JOSH(in the paint)",BSC 24-23 (+1),,"GOOD JUMPER by CHILDERS,JOSH(in the paint)",1
08:44,,,,,"FOUL  by CHILDERS,JOSH",,,"FOUL  by CHILDERS,JOSH",1
08:44,"GOOD FT by MCLAURIN,RYAN",25 (+2),,23,,Mill 25-23 (+2),,"GOOD FT by MCLAURIN,RYAN",1
08:44,"GOOD FT by MCLAURIN,RYAN",26 (+3),,23,,Mill 26-23 (+3),,"GOOD FT by MCLAURIN,RYAN",1
08:44,"SUB IN by TULLOS,ZACHARY",,,,,,,"SUB IN by TULLOS,ZACHARY",1
08:44,"SUB OUT by PELT,JUSTIN VAN",,,,,,,"SUB OUT by PELT,JUSTIN VAN",1
08:44,,,,,"SUB IN by SIGLER,EVAN",,,"SUB IN by SIGLER,EVAN",1
08:44,,,,,"SUB OUT by JR,BRUCE BRIGHT",,,"SUB OUT by JR,BRUCE BRIGHT",1
08:38,"FOUL  by MCLAURIN,RYAN",,,,,,,"FOUL  by MCLAURIN,RYAN",1
08:38,"SUB IN by JENKINS,KALEB",,,,,,,"SUB IN by JENKINS,KALEB",1
08:38,"SUB OUT by MCLAURIN,RYAN",,,,,,,"SUB OUT by MCLAURIN,RYAN",1
08:31,"FOUL  by TURNER,JAMES",,,,,,,"FOUL  by TURNER,JAMES",1
08:23,,,,,"MISS 3PTR by BAK,CALVIN",,,"MISS 3PTR by BAK,CALVIN",1
--,,,,,"REBOUND OFF by O'SULLIVAN,CONOR",,,"REBOUND OFF by O'SULLIVAN,CONOR",1
08:18,,,,,"MISS JUMPER by O'SULLIVAN,CONOR",,,"MISS JUMPER by O'SULLIVAN,CONOR",1
--,"REBOUND DEF by TURNER,JAMES",,,,,,,"REBOUND DEF by TURNER,JAMES",1
08:00,"GOOD 3PTR by GRANT,SHE'CHEM",29 (+6),,23,,Mill 29-23 (+6),,"GOOD 3PTR by GRANT,SHE'CHEM",1
--,"ASSIST  by JENKINS,KALEB",,,,,,,"ASSIST  by JENKINS,KALEB",1
07:40,,,,,"MISS JUMPER by CHILDERS,JOSH",,,"MISS JUMPER by CHILDERS,JOSH",1
--,"REBOUND DEF by TULLOS,ZACHARY",,,,,,,"REBOUND DEF by TULLOS,ZACHARY",1
07:33,"MISS 3PTR by GRANT,SHE'CHEM",,,,,,,"MISS 3PTR by GRANT,SHE'CHEM",1
07:30,"GOOD LAYUP by TULLOS,ZACHARY(in the paint)",31 (+8),,23,,Mill 31-23 (+8),,"GOOD LAYUP by TULLOS,ZACHARY(in the paint)",1
--,"REBOUND OFF by TULLOS,ZACHARY",,,,,,,"REBOUND OFF by TULLOS,ZACHARY",1
07:30,,,,,"FOUL  by CHILDERS,JOSH",,,"FOUL  by CHILDERS,JOSH",1
07:30,TIMEOUT 20SEC by TEAM,,,,,,,TIMEOUT 20SEC by TEAM,1
07:30,"MISS FT by TULLOS,ZACHARY",,,,,,,"MISS FT by TULLOS,ZACHARY",1
07:30,,,,,"SUB IN by JR,BRUCE BRIGHT",,,"SUB IN by JR,BRUCE BRIGHT",1
07:30,,,,,"SUB IN by MORRISON,JASON",,,"SUB IN by MORRISON,JASON",1
07:30,,,,,"SUB IN by GONDA,MATT",,,"SUB IN by GONDA,MATT",1
07:30,,,,,"SUB IN by FITZGERALD,PAUL",,,"SUB IN by FITZGERALD,PAUL",1
07:30,,,,,"SUB OUT by SPENCE,BEN",,,"SUB OUT by SPENCE,BEN",1
07:30,,,,,"SUB OUT by SIGLER,EVAN",,,"SUB OUT by SIGLER,EVAN",1
07:30,,,,,"SUB OUT by O'SULLIVAN,CONOR",,,"SUB OUT by O'SULLIVAN,CONOR",1
07:30,,,,,"SUB OUT by BAK,CALVIN",,,"SUB OUT by BAK,CALVIN",1
--,,,,,"REBOUND DEF by MORRISON,JASON",,,"REBOUND DEF by MORRISON,JASON",1
07:02,"FOUL  by TULLOS,ZACHARY",,,,,,,"FOUL  by TULLOS,ZACHARY",1
07:02,,,,,"MISS FT by FITZGERALD,PAUL",,,"MISS FT by FITZGERALD,PAUL",1
--,,,,,REBOUND DEADB by TEAM,,,REBOUND DEADB by TEAM,1
07:02,,,,,"MISS FT by FITZGERALD,PAUL",,,"MISS FT by FITZGERALD,PAUL",1
--,REBOUND DEF by TEAM,,,,,,,REBOUND DEF by TEAM,1
06:53,TIMEOUT 30SEC by TEAM,,,,,,,TIMEOUT 30SEC by TEAM,1
06:47,,,,,"FOUL  by FITZGERALD,PAUL",,,"FOUL  by FITZGERALD,PAUL",1
06:31,"GOOD LAYUP by GRANT,SHE'CHEM(in the paint)",33 (+10),,23,,Mill 33-23 (+10),,"GOOD LAYUP by GRANT,SHE'CHEM(in the paint)",1
06:31,,,,,"FOUL  by CHILDERS,JOSH",,,"FOUL  by CHILDERS,JOSH",1
06:31,"GOOD FT by GRANT,SHE'CHEM",34 (+11),,23,,Mill 34-23 (+11),,"GOOD FT by GRANT,SHE'CHEM",1
06:23,,,,,"MISS LAYUP by GONDA,MATT",,,"MISS LAYUP by GONDA,MATT",1
--,"REBOUND DEF by TULLOS,ZACHARY",,,,,,,"REBOUND DEF by TULLOS,ZACHARY",1
06:14,"GOOD JUMPER by JENKINS,KALEB",36 (+13),,23,,Mill 36-23 (+13),,"GOOD JUMPER by JENKINS,KALEB",1
06:00,,,,,"MISS JUMPER by MORRISON,JASON",,,"MISS JUMPER by MORRISON,JASON",1
--,"REBOUND DEF by TULLOS,ZACHARY",,,,,,,"REBOUND DEF by TULLOS,ZACHARY",1
05:53,"MISS LAYUP by GILLIHAN,NEWLON",,,,,,,"MISS LAYUP by GILLIHAN,NEWLON",1
05:53,,,,,"BLOCK  by CHILDERS,JOSH",,,"BLOCK  by CHILDERS,JOSH",1
--,"REBOUND OFF by TURNER,JAMES",,,,,,,"REBOUND OFF by TURNER,JAMES",1
05:42,"GOOD LAYUP by TURNER,JAMES(in the paint)",38 (+15),,23,,Mill 38-23 (+15),,"GOOD LAYUP by TURNER,JAMES(in the paint)",1
05:28,"FOUL  by TULLOS,ZACHARY",,,,,,,"FOUL  by TULLOS,ZACHARY",1
05:28,,,,,"MISS FT by CHILDERS,JOSH",,,"MISS FT by CHILDERS,JOSH",1
--,,,,,REBOUND DEADB by TEAM,,,REBOUND DEADB by TEAM,1
05:28,,38 (+14),,24,"GOOD FT by CHILDERS,JOSH",BSC 38-24 (+14),,"GOOD FT by CHILDERS,JOSH",1
05:28,"SUB IN by SPIKES,KALVIN",,,,,,,"SUB IN by SPIKES,KALVIN",1
05:28,"SUB OUT by TULLOS,ZACHARY",,,,,,,"SUB OUT by TULLOS,ZACHARY",1
05:28,,,,,"SUB IN by STEWART,CHRISTIAN",,,"SUB IN by STEWART,CHRISTIAN",1
05:28,,,,,"SUB IN by SPENCE,BEN",,,"SUB IN by SPENCE,BEN",1
05:28,,,,,"SUB IN by SIGLER,EVAN",,,"SUB IN by SIGLER,EVAN",1
05:28,,,,,"SUB IN by O'SULLIVAN,CONOR",,,"SUB IN by O'SULLIVAN,CONOR",1
05:28,,,,,"SUB IN by BAK,CALVIN",,,"SUB IN by BAK,CALVIN",1
05:28,,,,,"SUB OUT by CHILDERS,JOSH",,,"SUB OUT by CHILDERS,JOSH",1
05:28,,,,,"SUB OUT by JR,BRUCE BRIGHT",,,"SUB OUT by JR,BRUCE BRIGHT",1
05:28,,,,,"SUB OUT by MORRISON,JASON",,,"SUB OUT by MORRISON,JASON",1
05:28,,,,,"SUB OUT by GONDA,MATT",,,"SUB OUT by GONDA,MATT",1
05:28,,,,,"SUB OUT by FITZGERALD,PAUL",,,"SUB OUT by FITZGERALD,PAUL",1
04:59,"GOOD JUMPER by TURNER,JAMES(in the paint)",40 (+16),,24,,Mill 40-24 (+16),,"GOOD JUMPER by TURNER,JAMES(in the paint)",1
04:48,,40 (+13),,27,"GOOD 3PTR by SPENCE,BEN",BSC 40-27 (+13),,"GOOD 3PTR by SPENCE,BEN",1
--,,,,,"ASSIST  by BAK,CALVIN",,,"ASSIST  by BAK,CALVIN",1
04:34,"MISS 3PTR by GILLIHAN,NEWLON",,,,,,,"MISS 3PTR by GILLIHAN,NEWLON",1
--,,,,,"REBOUND DEF by SPENCE,BEN",,,"REBOUND DEF by SPENCE,BEN",1
04:20,"FOUL  by SPIKES,KALVIN",,,,,,,"FOUL  by SPIKES,KALVIN",1
04:20,,,,,"MISS FT by STEWART,CHRISTIAN",,,"MISS FT by STEWART,CHRISTIAN",1
04:20,"SUB IN by MCLAURIN,RYAN",,,,,,,"SUB IN by MCLAURIN,RYAN",1
04:20,"SUB OUT by GILLIHAN,NEWLON",,,,,,,"SUB OUT by GILLIHAN,NEWLON",1
--,"REBOUND DEF by HUGHES,ANTHONY",,,,,,,"REBOUND DEF by HUGHES,ANTHONY",1
04:14,"MISS 3PTR by TURNER,JAMES",,,,,,,"MISS 3PTR by TURNER,JAMES",1
--,"REBOUND OFF by HUGHES,ANTHONY",,,,,,,"REBOUND OFF by HUGHES,ANTHONY",1
04:06,"MISS 3PTR by TURNER,JAMES",,,,,,,"MISS 3PTR by TURNER,JAMES",1
--,REBOUND OFF by TEAM,,,,,,,REBOUND OFF by TEAM,1
03:58,"GOOD LAYUP by TURNER,JAMES(in the paint)",42 (+15),,27,,Mill 42-27 (+15),,"GOOD LAYUP by TURNER,JAMES(in the paint)",1
03:42,"SUB IN by HUGHES,ANTHONY",,,,,,,"SUB IN by HUGHES,ANTHONY",1
03:42,"SUB OUT by MCLAURIN,RYAN",,,,,,,"SUB OUT by MCLAURIN,RYAN",1
03:28,,,,,TURNOVER  by TEAM,,,TURNOVER  by TEAM,1
03:20,"MISS JUMPER by SPIKES,KALVIN",,,,,,,"MISS JUMPER by SPIKES,KALVIN",1
--,,,,,"REBOUND DEF by O'SULLIVAN,CONOR",,,"REBOUND DEF by O'SULLIVAN,CONOR",1
03:15,,,,,"MISS JUMPER by BAK,CALVIN",,,"MISS JUMPER by BAK,CALVIN",1
--,"REBOUND DEF by HUGHES,ANTHONY",,,,,,,"REBOUND DEF by HUGHES,ANTHONY",1
03:15,"FOUL  by TURNER,JAMES",,,,,,,"FOUL  by TURNER,JAMES",1
03:15,TIMEOUT 20SEC by TEAM,,,,,,,TIMEOUT 20SEC by TEAM,1
03:15,,,,,"MISS FT by SPENCE,BEN",,,"MISS FT by SPENCE,BEN",1
03:15,"GOOD LAYUP by PELT,JUSTIN VAN(in the paint)",44 (+17),,27,,Mill 44-27 (+17),,"GOOD LAYUP by PELT,JUSTIN VAN(in the paint)",1
03:07,,,,,TURNOVER  by TEAM,,,TURNOVER  by TEAM,1
03:02,"GOOD JUMPER by HUGHES,ANTHONY(in the paint)",46 (+19),,27,,Mill 46-27 (+19),,"GOOD JUMPER by HUGHES,ANTHONY(in the paint)",1
02:41,"SUB IN by PELT,JUSTIN VAN",,,,,,,"SUB IN by PELT,JUSTIN VAN",1
02:41,"SUB IN by MILLER,JOSHUA",,,,,,,"SUB IN by MILLER,JOSHUA",1
02:41,"SUB IN by BECKER,SAXTON",,,,,,,"SUB IN by BECKER,SAXTON",1
02:41,"SUB OUT by GRANT,SHE'CHEM",,,,,,,"SUB OUT by GRANT,SHE'CHEM",1
02:41,"SUB OUT by JENKINS,KALEB",,,,,,,"SUB OUT by JENKINS,KALEB",1
02:41,"SUB OUT by SPIKES,KALVIN",,,,,,,"SUB OUT by SPIKES,KALVIN",1
02:38,,46 (+17),,29,"GOOD LAYUP by STEWART,CHRISTIAN(in the paint)",BSC 46-29 (+17),,"GOOD LAYUP by STEWART,CHRISTIAN(in the paint)",1
02:09,,,,,"SUB IN by KANE,DENMAN",,,"SUB IN by KANE,DENMAN",1
02:09,,,,,"SUB OUT by SIGLER,EVAN",,,"SUB OUT by SIGLER,EVAN",1
02:08,,,,,"FOUL  by KANE,DENMAN",,,"FOUL  by KANE,DENMAN",1
01:57,"GOOD FT by BECKER,SAXTON",47 (+18),,29,,Mill 47-29 (+18),,"GOOD FT by BECKER,SAXTON",1
01:43,"GOOD FT by BECKER,SAXTON",48 (+19),,29,,Mill 48-29 (+19),,"GOOD FT by BECKER,SAXTON",1
01:17,,,,,"TURNOVER  by BAK,CALVIN",,,"TURNOVER  by BAK,CALVIN",1
01:17,,,,,"SUB IN by CHILDERS,JOSH",,,"SUB IN by CHILDERS,JOSH",1
01:17,,,,,"SUB IN by FITZGERALD,PAUL",,,"SUB IN by FITZGERALD,PAUL",1
01:17,,,,,"SUB OUT by STEWART,CHRISTIAN",,,"SUB OUT by STEWART,CHRISTIAN",1
01:17,,,,,"SUB OUT by KANE,DENMAN",,,"SUB OUT by KANE,DENMAN",1
00:59,"MISS JUMPER by HUGHES,ANTHONY",,,,,,,"MISS JUMPER by HUGHES,ANTHONY",1
--,,,,,"REBOUND DEF by SPENCE,BEN",,,"REBOUND DEF by SPENCE,BEN",1
00:47,,48 (+16),,32,"GOOD 3PTR by FITZGERALD,PAUL",BSC 48-32 (+16),,"GOOD 3PTR by FITZGERALD,PAUL",1
--,,,,,"ASSIST  by SPENCE,BEN",,,"ASSIST  by SPENCE,BEN",1
00:18,"GOOD JUMPER by HUGHES,ANTHONY(in the paint)",50 (+18),,32,,Mill 50-32 (+18),,"GOOD JUMPER by HUGHES,ANTHONY(in the paint)",1
00:05,,,,,"TURNOVER  by O'SULLIVAN,CONOR",,,"TURNOVER  by O'SULLIVAN,CONOR",1
00:05,"STEAL  by MILLER,JOSHUA",,,,,,,"STEAL  by MILLER,JOSHUA",1
00:00,"GOOD LAYUP by MILLER,JOSHUA(fastbreak)(in the paint)",52 (+20),,32,,Mill 52-32 (+20),,"GOOD LAYUP by MILLER,JOSHUA(fastbreak)(in the paint)",1
20:00,"SUB IN by JENKINS,KALEB",,,,,,,"SUB IN by JENKINS,KALEB",2
20:00,"SUB IN by MCLAURIN,RYAN",,,,,,,"SUB IN by MCLAURIN,RYAN",2
20:00,"SUB IN by SPIKES,KALVIN",,,,,,,"SUB IN by SPIKES,KALVIN",2
20:00,"SUB OUT by PELT,JUSTIN VAN",,,,,,,"SUB OUT by PELT,JUSTIN VAN",2
20:00,"SUB OUT by TURNER,JAMES",,,,,,,"SUB OUT by TURNER,JAMES",2
20:00,"SUB OUT by MILLER,JOSHUA",,,,,,,"SUB OUT by MILLER,JOSHUA",2
20:00,,,,,"SUB IN by STEWART,CHRISTIAN",,,"SUB IN by STEWART,CHRISTIAN",2
20:00,,,,,"SUB OUT by CHILDERS,JOSH",,,"SUB OUT by CHILDERS,JOSH",2
19:45,"MISS 3PTR by HUGHES,ANTHONY",,,,,,,"MISS 3PTR by HUGHES,ANTHONY",2
--,,,,,"REBOUND DEF by O'SULLIVAN,CONOR",,,"REBOUND DEF by O'SULLIVAN,CONOR",2
19:28,,,,,"MISS JUMPER by STEWART,CHRISTIAN",,,"MISS JUMPER by STEWART,CHRISTIAN",2
--,"REBOUND DEF by HUGHES,ANTHONY",,,,,,,"REBOUND DEF by HUGHES,ANTHONY",2
19:19,"GOOD LAYUP by SPIKES,KALVIN(in the paint)",54 (+22),,32,,Mill 54-32 (+22),,"GOOD LAYUP by SPIKES,KALVIN(in the paint)",2
19:04,,54 (+20),,34,"GOOD LAYUP by STEWART,CHRISTIAN(in the paint)",BSC 54-34 (+20),,"GOOD LAYUP by STEWART,CHRISTIAN(in the paint)",2
--,,,,,"ASSIST  by SPENCE,BEN",,,"ASSIST  by SPENCE,BEN",2
18:38,"MISS LAYUP by HUGHES,ANTHONY",,,,,,,"MISS LAYUP by HUGHES,ANTHONY",2
--,"REBOUND OFF by BECKER,SAXTON",,,,,,,"REBOUND OFF by BECKER,SAXTON",2
18:33,"MISS JUMPER by BECKER,SAXTON",,,,,,,"MISS JUMPER by BECKER,SAXTON",2
--,,,,,"REBOUND DEF by STEWART,CHRISTIAN",,,"REBOUND DEF by STEWART,CHRISTIAN",2
18:18,,,,,"MISS JUMPER by STEWART,CHRISTIAN",,,"MISS JUMPER by STEWART,CHRISTIAN",2
--,"REBOUND DEF by HUGHES,ANTHONY",,,,,,,"REBOUND DEF by HUGHES,ANTHONY",2
18:03,"MISS 3PTR by BECKER,SAXTON",,,,,,,"MISS 3PTR by BECKER,SAXTON",2
--,,,,,"REBOUND DEF by SPENCE,BEN",,,"REBOUND DEF by SPENCE,BEN",2
17:55,,,,,"MISS 3PTR by SPENCE,BEN",,,"MISS 3PTR by SPENCE,BEN",2
--,"REBOUND DEF by BECKER,SAXTON",,,,,,,"REBOUND DEF by BECKER,SAXTON",2
--,"REBOUND OFF by MCLAURIN,RYAN",,,,,,,"REBOUND OFF by MCLAURIN,RYAN",2
17:24,"GOOD 3PTR by JENKINS,KALEB",57 (+23),,34,,Mill 57-34 (+23),,"GOOD 3PTR by JENKINS,KALEB",2
--,"ASSIST  by SPIKES,KALVIN",,,,,,,"ASSIST  by SPIKES,KALVIN",2
17:08,,,,,"MISS JUMPER by BAK,CALVIN",,,"MISS JUMPER by BAK,CALVIN",2
--,"REBOUND DEF by SPIKES,KALVIN",,,,,,,"REBOUND DEF by SPIKES,KALVIN",2
17:06,,,,,"FOUL  by STEWART,CHRISTIAN",,,"FOUL  by STEWART,CHRISTIAN",2
17:06,"SUB IN by TULLOS,ZACHARY",,,,,,,"SUB IN by TULLOS,ZACHARY",2
17:06,"SUB OUT by SPIKES,KALVIN",,,,,,,"SUB OUT by SPIKES,KALVIN",2
17:06,,,,,"SUB IN by CHILDERS,JOSH",,,"SUB IN by CHILDERS,JOSH",2
17:06,,,,,"SUB OUT by STEWART,CHRISTIAN",,,"SUB OUT by STEWART,CHRISTIAN",2
16:51,"GOOD JUMPER by HUGHES,ANTHONY(in the paint)",59 (+25),,34,,Mill 59-34 (+25),,"GOOD JUMPER by HUGHES,ANTHONY(in the paint)",2
16:35,,,,,"TURNOVER  by O'SULLIVAN,CONOR",,,"TURNOVER  by O'SULLIVAN,CONOR",2
16:28,"GOOD 3PTR by BECKER,SAXTON",62 (+28),,34,,Mill 62-34 (+28),,"GOOD 3PTR by BECKER,SAXTON",2
--,"ASSIST  by JENKINS,KALEB",,,,,,,"ASSIST  by JENKINS,KALEB",2
16:19,,62 (+26),,36,"GOOD JUMPER by O'SULLIVAN,CONOR",BSC 62-36 (+26),,"GOOD JUMPER by O'SULLIVAN,CONOR",2
16:05,"MISS 3PTR by BECKER,SAXTON",,,,,,,"MISS 3PTR by BECKER,SAXTON",2
--,"REBOUND OFF by TULLOS,ZACHARY",,,,,,,"REBOUND OFF by TULLOS,ZACHARY",2
15:50,"GOOD JUMPER by BECKER,SAXTON",64 (+28),,36,,Mill 64-36 (+28),,"GOOD JUMPER by BECKER,SAXTON",2
--,"ASSIST  by JENKINS,KALEB",,,,,,,"ASSIST  by JENKINS,KALEB",2
15:35,"FOUL  by MCLAURIN,RYAN",,,,,,,"FOUL  by MCLAURIN,RYAN",2
15:35,TIMEOUT 20SEC by TEAM,,,,,,,TIMEOUT 20SEC by TEAM,2
15:35,,64 (+27),,37,"GOOD FT by BAK,CALVIN",BSC 64-37 (+27),,"GOOD FT by BAK,CALVIN",2
15:35,,64 (+26),,38,"GOOD FT by BAK,CALVIN",BSC 64-38 (+26),,"GOOD FT by BAK,CALVIN",2
15:35,,,,,"SUB IN by JR,BRUCE BRIGHT",,,"SUB IN by JR,BRUCE BRIGHT",2
15:35,,,,,"SUB IN by MORRISON,JASON",,,"SUB IN by MORRISON,JASON",2
15:35,,,,,"SUB IN by GONDA,MATT",,,"SUB IN by GONDA,MATT",2
15:35,,,,,"SUB OUT by BAK,CALVIN",,,"SUB OUT by BAK,CALVIN",2
15:35,,,,,"SUB OUT by SPENCE,BEN",,,"SUB OUT by SPENCE,BEN",2
15:35,,,,,"SUB OUT by O'SULLIVAN,CONOR",,,"SUB OUT by O'SULLIVAN,CONOR",2
15:26,"GOOD DUNK by TULLOS,ZACHARY(in the paint)",66 (+28),,38,,Mill 66-38 (+28),,"GOOD DUNK by TULLOS,ZACHARY(in the paint)",2
--,"ASSIST  by MCLAURIN,RYAN",,,,,,,"ASSIST  by MCLAURIN,RYAN",2
15:08,,66 (+26),,40,"GOOD JUMPER by GONDA,MATT(in the paint)",BSC 66-40 (+26),,"GOOD JUMPER by GONDA,MATT(in the paint)",2
14:44,"MISS JUMPER by MCLAURIN,RYAN",,,,,,,"MISS JUMPER by MCLAURIN,RYAN",2
--,"REBOUND OFF by TULLOS,ZACHARY",,,,,,,"REBOUND OFF by TULLOS,ZACHARY",2
14:40,"GOOD LAYUP by TULLOS,ZACHARY(in the paint)",68 (+28),,40,,Mill 68-40 (+28),,"GOOD LAYUP by TULLOS,ZACHARY(in the paint)",2
14:27,,,,,"MISS JUMPER by FITZGERALD,PAUL",,,"MISS JUMPER by FITZGERALD,PAUL",2
--,"REBOUND DEF by BECKER,SAXTON",,,,,,,"REBOUND DEF by BECKER,SAXTON",2
14:20,"MISS 3PTR by BECKER,SAXTON",,,,,,,"MISS 3PTR by BECKER,SAXTON",2
--,,,,,"REBOUND DEF by FITZGERALD,PAUL",,,"REBOUND DEF by FITZGERALD,PAUL",2
14:11,,68 (+25),,43,"GOOD 3PTR by GONDA,MATT",BSC 68-43 (+25),,"GOOD 3PTR by GONDA,MATT",2
--,,,,,"ASSIST  by JR,BRUCE BRIGHT",,,"ASSIST  by JR,BRUCE BRIGHT",2
13:54,"GOOD LAYUP by TULLOS,ZACHARY(in the paint)",70 (+27),,43,,Mill 70-43 (+27),,"GOOD LAYUP by TULLOS,ZACHARY(in the paint)",2
--,"ASSIST  by HUGHES,ANTHONY",,,,,,,"ASSIST  by HUGHES,ANTHONY",2
13:34,,70 (+24),,46,"GOOD 3PTR by MORRISON,JASON",BSC 70-46 (+24),,"GOOD 3PTR by MORRISON,JASON",2
--,,,,,"ASSIST  by GONDA,MATT",,,"ASSIST  by GONDA,MATT",2
13:15,"TURNOVER  by TULLOS,ZACHARY",,,,,,,"TURNOVER  by TULLOS,ZACHARY",2
13:04,,,,,"TURNOVER  by GONDA,MATT",,,"TURNOVER  by GONDA,MATT",2
13:04,"STEAL  by JENKINS,KALEB",,,,,,,"STEAL  by JENKINS,KALEB",2
13:03,,,,,"FOUL  by GONDA,MATT",,,"FOUL  by GONDA,MATT",2
12:58,,,,,"FOUL  by GONDA,MATT",,,"FOUL  by GONDA,MATT",2
12:41,"MISS JUMPER by BECKER,SAXTON",,,,,,,"MISS JUMPER by BECKER,SAXTON",2
12:41,,,,,"BLOCK  by JR,BRUCE BRIGHT",,,"BLOCK  by JR,BRUCE BRIGHT",2
--,"REBOUND OFF by BECKER,SAXTON",,,,,,,"REBOUND OFF by BECKER,SAXTON",2
12:32,"MISS LAYUP by MCLAURIN,RYAN",,,,,,,"MISS LAYUP by MCLAURIN,RYAN",2
--,,,,,"REBOUND DEF by GONDA,MATT",,,"REBOUND DEF by GONDA,MATT",2
12:24,,,,,"TURNOVER  by GONDA,MATT",,,"TURNOVER  by GONDA,MATT",2
12:18,"GOOD LAYUP by TULLOS,ZACHARY(in the paint)",72 (+26),,46,,Mill 72-46 (+26),,"GOOD LAYUP by TULLOS,ZACHARY(in the paint)",2
12:12,"FOUL  by HUGHES,ANTHONY",,,,,,,"FOUL  by HUGHES,ANTHONY",2
12:12,"SUB IN by GRANT,SHE'CHEM",,,,,,,"SUB IN by GRANT,SHE'CHEM",2
12:12,"SUB IN by MILLER,JOSHUA",,,,,,,"SUB IN by MILLER,JOSHUA",2
12:12,"SUB OUT by BECKER,SAXTON",,,,,,,"SUB OUT by BECKER,SAXTON",2
12:12,"SUB OUT by MCLAURIN,RYAN",,,,,,,"SUB OUT by MCLAURIN,RYAN",2
12:02,,,,,"MISS JUMPER by MORRISON,JASON",,,"MISS JUMPER by MORRISON,JASON",2
--,"REBOUND DEF by HUGHES,ANTHONY",,,,,,,"REBOUND DEF by HUGHES,ANTHONY",2
11:57,"MISS 3PTR by JENKINS,KALEB",,,,,,,"MISS 3PTR by JENKINS,KALEB",2
--,,,,,"REBOUND DEF by MORRISON,JASON",,,"REBOUND DEF by MORRISON,JASON",2
11:50,,,,,"TURNOVER  by MORRISON,JASON",,,"TURNOVER  by MORRISON,JASON",2
11:50,"STEAL  by HUGHES,ANTHONY",,,,,,,"STEAL  by HUGHES,ANTHONY",2
11:45,"GOOD LAYUP by JENKINS,KALEB(fastbreak)(in the paint)",74 (+28),,46,,Mill 74-46 (+28),,"GOOD LAYUP by JENKINS,KALEB(fastbreak)(in the paint)",2
--,"ASSIST  by HUGHES,ANTHONY",,,,,,,"ASSIST  by HUGHES,ANTHONY",2
11:45,,,,,"FOUL  by JR,BRUCE BRIGHT",,,"FOUL  by JR,BRUCE BRIGHT",2
11:45,TIMEOUT 20SEC by TEAM,,,,,,,TIMEOUT 20SEC by TEAM,2
11:45,"MISS FT by JENKINS,KALEB",,,,,,,"MISS FT by JENKINS,KALEB",2
--,,,,,"REBOUND DEF by SPENCE,BEN",,,"REBOUND DEF by SPENCE,BEN",2
11:45,,,,,"SUB IN by SPENCE,BEN",,,"SUB IN by SPENCE,BEN",2
11:45,,,,,"SUB IN by SIGLER,EVAN",,,"SUB IN by SIGLER,EVAN",2
11:45,,,,,"SUB IN by STEWART,CHRISTIAN",,,"SUB IN by STEWART,CHRISTIAN",2
11:45,,,,,"SUB IN by O'SULLIVAN,CONOR",,,"SUB IN by O'SULLIVAN,CONOR",2
11:45,,,,,"SUB IN by BAK,CALVIN",,,"SUB IN by BAK,CALVIN",2
11:45,,,,,"SUB OUT by CHILDERS,JOSH",,,"SUB OUT by CHILDERS,JOSH",2
11:45,,,,,"SUB OUT by JR,BRUCE BRIGHT",,,"SUB OUT by JR,BRUCE BRIGHT",2
11:45,,,,,"SUB OUT by MORRISON,JASON",,,"SUB OUT by MORRISON,JASON",2
11:45,,,,,"SUB OUT by GONDA,MATT",,,"SUB OUT by GONDA,MATT",2
11:45,,,,,"SUB OUT by FITZGERALD,PAUL",,,"SUB OUT by FITZGERALD,PAUL",2
11:34,,,,,"MISS JUMPER by O'SULLIVAN,CONOR",,,"MISS JUMPER by O'SULLIVAN,CONOR",2
11:34,"BLOCK  by JENKINS,KALEB",,,,,,,"BLOCK  by JENKINS,KALEB",2
--,"REBOUND DEF by HUGHES,ANTHONY",,,,,,,"REBOUND DEF by HUGHES,ANTHONY",2
11:20,"GOOD JUMPER by HUGHES,ANTHONY",76 (+30),,46,,Mill 76-46 (+30),,"GOOD JUMPER by HUGHES,ANTHONY",2
--,"ASSIST  by GRANT,SHE'CHEM",,,,,,,"ASSIST  by GRANT,SHE'CHEM",2
11:10,,76 (+28),,48,"GOOD JUMPER by BAK,CALVIN(in the paint)",BSC 76-48 (+28),,"GOOD JUMPER by BAK,CALVIN(in the paint)",2
--,,,,,"ASSIST  by SPENCE,BEN",,,"ASSIST  by SPENCE,BEN",2
10:40,"GOOD JUMPER by HUGHES,ANTHONY(in the paint)",78 (+30),,48,,Mill 78-48 (+30),,"GOOD JUMPER by HUGHES,ANTHONY(in the paint)",2
10:27,,,,,"MISS 3PTR by BAK,CALVIN",,,"MISS 3PTR by BAK,CALVIN",2
--,"REBOUND DEF by HUGHES,ANTHONY",,,,,,,"REBOUND DEF by HUGHES,ANTHONY",2
10:20,"MISS 3PTR by HUGHES,ANTHONY",,,,,,,"MISS 3PTR by HUGHES,ANTHONY",2
--,,,,,"REBOUND DEF by SIGLER,EVAN",,,"REBOUND DEF by SIGLER,EVAN",2
10:09,"FOUL  by TULLOS,ZACHARY",,,,,,,"FOUL  by TULLOS,ZACHARY",2
10:09,"SUB IN by TURNER,JAMES",,,,,,,"SUB IN by TURNER,JAMES",2
10:09,"SUB OUT by HUGHES,ANTHONY",,,,,,,"SUB OUT by HUGHES,ANTHONY",2
10:06,"FOUL  by TULLOS,ZACHARY",,,,,,,"FOUL  by TULLOS,ZACHARY",2
10:06,"SUB IN by PELT,JUSTIN VAN",,,,,,,"SUB IN by PELT,JUSTIN VAN",2
10:06,"SUB OUT by TULLOS,ZACHARY",,,,,,,"SUB OUT by TULLOS,ZACHARY",2
10:01,,78 (+28),,50,"GOOD LAYUP by STEWART,CHRISTIAN(in the paint)",BSC 78-50 (+28),,"GOOD LAYUP by STEWART,CHRISTIAN(in the paint)",2
09:42,"MISS 3PTR by JENKINS,KALEB",,,,,,,"MISS 3PTR by JENKINS,KALEB",2
--,,,,,"REBOUND DEF by SPENCE,BEN",,,"REBOUND DEF by SPENCE,BEN",2
09:35,,,,,"MISS 3PTR by O'SULLIVAN,CONOR",,,"MISS 3PTR by O'SULLIVAN,CONOR",2
--,"REBOUND DEF by TURNER,JAMES",,,,,,,"REBOUND DEF by TURNER,JAMES",2
09:27,,,,,"FOUL  by STEWART,CHRISTIAN",,,"FOUL  by STEWART,CHRISTIAN",2
09:27,"GOOD FT by TURNER,JAMES",79 (+29),,50,,Mill 79-50 (+29),,"GOOD FT by TURNER,JAMES",2
09:27,"GOOD FT by TURNER,JAMES",80 (+30),,50,,Mill 80-50 (+30),,"GOOD FT by TURNER,JAMES",2
09:27,"SUB IN by GILLIHAN,NEWLON",,,,,,,"SUB IN by GILLIHAN,NEWLON",2
09:27,"SUB OUT by JENKINS,KALEB",,,,,,,"SUB OUT by JENKINS,KALEB",2
09:27,,,,,"SUB IN by GONDA,MATT",,,"SUB IN by GONDA,MATT",2
09:27,,,,,"SUB OUT by SIGLER,EVAN",,,"SUB OUT by SIGLER,EVAN",2
09:10,,,,,"MISS JUMPER by BAK,CALVIN",,,"MISS JUMPER by BAK,CALVIN",2
--,"REBOUND DEF by PELT,JUSTIN VAN",,,,,,,"REBOUND DEF by PELT,JUSTIN VAN",2
08:43,"GOOD 3PTR by GRANT,SHE'CHEM",83 (+33),,50,,Mill 83-50 (+33),,"GOOD 3PTR by GRANT,SHE'CHEM",2
08:29,,,,,"MISS JUMPER by BAK,CALVIN",,,"MISS JUMPER by BAK,CALVIN",2
--,"REBOUND DEF by PELT,JUSTIN VAN",,,,,,,"REBOUND DEF by PELT,JUSTIN VAN",2
08:16,"MISS JUMPER by PELT,JUSTIN VAN",,,,,,,"MISS JUMPER by PELT,JUSTIN VAN",2
--,,,,,"REBOUND DEF by STEWART,CHRISTIAN",,,"REBOUND DEF by STEWART,CHRISTIAN",2
08:08,,83 (+31),,52,"GOOD LAYUP by STEWART,CHRISTIAN(in the paint)",BSC 83-52 (+31),,"GOOD LAYUP by STEWART,CHRISTIAN(in the paint)",2
07:53,"GOOD 3PTR by GILLIHAN,NEWLON",86 (+34),,52,,Mill 86-52 (+34),,"GOOD 3PTR by GILLIHAN,NEWLON",2
--,"ASSIST  by MILLER,JOSHUA",,,,,,,"ASSIST  by MILLER,JOSHUA",2
07:42,"FOUL  by PELT,JUSTIN VAN",,,,,,,"FOUL  by PELT,JUSTIN VAN",2
07:42,TIMEOUT 20SEC by TEAM,,,,,,,TIMEOUT 20SEC by TEAM,2
07:42,,86 (+33),,53,"GOOD FT by STEWART,CHRISTIAN",BSC 86-53 (+33),,"GOOD FT by STEWART,CHRISTIAN",2
07:42,,86 (+32),,54,"GOOD FT by STEWART,CHRISTIAN",BSC 86-54 (+32),,"GOOD FT by STEWART,CHRISTIAN",2
07:42,"SUB IN by BLANZ,BUCK",,,,,,,"SUB IN by BLANZ,BUCK",2
07:42,"SUB IN by YOUNG,DILLON",,,,,,,"SUB IN by YOUNG,DILLON",2
07:42,"SUB OUT by PELT,JUSTIN VAN",,,,,,,"SUB OUT by PELT,JUSTIN VAN",2
07:42,"SUB OUT by GRANT,SHE'CHEM",,,,,,,"SUB OUT by GRANT,SHE'CHEM",2
07:42,,,,,"SUB IN by KANE,DENMAN",,,"SUB IN by KANE,DENMAN",2
07:42,,,,,"SUB OUT by BAK,CALVIN",,,"SUB OUT by BAK,CALVIN",2
07:30,"TURNOVER  by BLANZ,BUCK",,,,,,,"TURNOVER  by BLANZ,BUCK",2
07:30,,,,,"STEAL  by O'SULLIVAN,CONOR",,,"STEAL  by O'SULLIVAN,CONOR",2
07:12,,,,,"MISS LAYUP by SPENCE,BEN",,,"MISS LAYUP by SPENCE,BEN",2
--,"REBOUND DEF by TURNER,JAMES",,,,,,,"REBOUND DEF by TURNER,JAMES",2
07:09,"FOUL  by TURNER,JAMES",,,,,,,"FOUL  by TURNER,JAMES",2
07:09,"TURNOVER  by TURNER,JAMES",,,,,,,"TURNOVER  by TURNER,JAMES",2
07:09,,,,,"SUB IN by FITZGERALD,PAUL",,,"SUB IN by FITZGERALD,PAUL",2
07:09,,,,,"SUB OUT by O'SULLIVAN,CONOR",,,"SUB OUT by O'SULLIVAN,CONOR",2
07:02,"FOUL  by GILLIHAN,NEWLON",,,,,,,"FOUL  by GILLIHAN,NEWLON",2
07:02,,86 (+31),,55,"GOOD FT by STEWART,CHRISTIAN",BSC 86-55 (+31),,"GOOD FT by STEWART,CHRISTIAN",2
07:02,,86 (+30),,56,"GOOD FT by STEWART,CHRISTIAN",BSC 86-56 (+30),,"GOOD FT by STEWART,CHRISTIAN",2
06:39,"MISS LAYUP by MILLER,JOSHUA",,,,,,,"MISS LAYUP by MILLER,JOSHUA",2
--,"REBOUND OFF by GILLIHAN,NEWLON",,,,,,,"REBOUND OFF by GILLIHAN,NEWLON",2
06:35,"MISS LAYUP by GILLIHAN,NEWLON",,,,,,,"MISS LAYUP by GILLIHAN,NEWLON",2
--,,,,,"REBOUND DEF by FITZGERALD,PAUL",,,"REBOUND DEF by FITZGERALD,PAUL",2
06:29,,,,,"TURNOVER  by FITZGERALD,PAUL",,,"TURNOVER  by FITZGERALD,PAUL",2
06:29,"STEAL  by TURNER,JAMES",,,,,,,"STEAL  by TURNER,JAMES",2
06:09,"GOOD LAYUP by BLANZ,BUCK(in the paint)",88 (+32),,56,,Mill 88-56 (+32),,"GOOD LAYUP by BLANZ,BUCK(in the paint)",2
05:52,,,,,"TURNOVER  by STEWART,CHRISTIAN",,,"TURNOVER  by STEWART,CHRISTIAN",2
05:52,"STEAL  by TURNER,JAMES",,,,,,,"STEAL  by TURNER,JAMES",2
05:47,"GOOD LAYUP by MILLER,JOSHUA(fastbreak)(in the paint)",90 (+34),,56,,Mill 90-56 (+34),,"GOOD LAYUP by MILLER,JOSHUA(fastbreak)(in the paint)",2
--,"ASSIST  by TURNER,JAMES",,,,,,,"ASSIST  by TURNER,JAMES",2
05:26,,90 (+32),,58,"GOOD LAYUP by SPENCE,BEN(in the paint)",BSC 90-58 (+32),,"GOOD LAYUP by SPENCE,BEN(in the paint)",2
--,,,,,"ASSIST  by STEWART,CHRISTIAN",,,"ASSIST  by STEWART,CHRISTIAN",2
05:08,"TURNOVER  by MILLER,JOSHUA",,,,,,,"TURNOVER  by MILLER,JOSHUA",2
05:08,,,,,"STEAL  by SPENCE,BEN",,,"STEAL  by SPENCE,BEN",2
04:53,,,,,"MISS 3PTR by KANE,DENMAN",,,"MISS 3PTR by KANE,DENMAN",2
--,"REBOUND DEF by TURNER,JAMES",,,,,,,"REBOUND DEF by TURNER,JAMES",2
04:40,"MISS LAYUP by TURNER,JAMES",,,,,,,"MISS LAYUP by TURNER,JAMES",2
--,,,,,"REBOUND DEF by SPENCE,BEN",,,"REBOUND DEF by SPENCE,BEN",2
04:33,"FOUL  by TURNER,JAMES",,,,,,,"FOUL  by TURNER,JAMES",2
04:33,,90 (+31),,59,"GOOD FT by SPENCE,BEN",BSC 90-59 (+31),,"GOOD FT by SPENCE,BEN",2
04:33,,90 (+30),,60,"GOOD FT by SPENCE,BEN",BSC 90-60 (+30),,"GOOD FT by SPENCE,BEN",2
04:33,"SUB IN by GIVENS,DONOVAN",,,,,,,"SUB IN by GIVENS,DONOVAN",2
04:33,"SUB IN by BURNETT,DREW",,,,,,,"SUB IN by BURNETT,DREW",2
04:33,"SUB OUT by GILLIHAN,NEWLON",,,,,,,"SUB OUT by GILLIHAN,NEWLON",2
04:33,"SUB OUT by TURNER,JAMES",,,,,,,"SUB OUT by TURNER,JAMES",2
04:33,,,,,"SUB IN by MORRISON,JASON",,,"SUB IN by MORRISON,JASON",2
04:33,,,,,"SUB IN by JR,BRUCE BRIGHT",,,"SUB IN by JR,BRUCE BRIGHT",2
04:33,,,,,"SUB IN by CHILDERS,JOSH",,,"SUB IN by CHILDERS,JOSH",2
04:33,,,,,"SUB OUT by SPENCE,BEN",,,"SUB OUT by SPENCE,BEN",2
04:33,,,,,"SUB OUT by KANE,DENMAN",,,"SUB OUT by KANE,DENMAN",2
04:33,,,,,"SUB OUT by STEWART,CHRISTIAN",,,"SUB OUT by STEWART,CHRISTIAN",2
04:15,"TURNOVER  by BLANZ,BUCK",,,,,,,"TURNOVER  by BLANZ,BUCK",2
04:09,"FOUL  by GIVENS,DONOVAN",,,,,,,"FOUL  by GIVENS,DONOVAN",2
04:09,,90 (+29),,61,"GOOD FT by MORRISON,JASON",BSC 90-61 (+29),,"GOOD FT by MORRISON,JASON",2
04:09,,90 (+28),,62,"GOOD FT by MORRISON,JASON",BSC 90-62 (+28),,"GOOD FT by MORRISON,JASON",2
04:01,"TURNOVER  by YOUNG,DILLON",,,,,,,"TURNOVER  by YOUNG,DILLON",2
04:01,,,,,"STEAL  by MORRISON,JASON",,,"STEAL  by MORRISON,JASON",2
03:55,,90 (+26),,64,"GOOD LAYUP by MORRISON,JASON(fastbreak)(in the paint)",BSC 90-64 (+26),,"GOOD LAYUP by MORRISON,JASON(fastbreak)(in the paint)",2
03:41,"MISS 3PTR by YOUNG,DILLON",,,,,,,"MISS 3PTR by YOUNG,DILLON",2
--,,,,,"REBOUND DEF by MORRISON,JASON",,,"REBOUND DEF by MORRISON,JASON",2
03:37,"FOUL  by BURNETT,DREW",,,,,,,"FOUL  by BURNETT,DREW",2
03:37,TIMEOUT 20SEC by TEAM,,,,,,,TIMEOUT 20SEC by TEAM,2
03:37,,90 (+25),,65,"GOOD FT by MORRISON,JASON",BSC 90-65 (+25),,"GOOD FT by MORRISON,JASON",2
03:37,,,,,"MISS FT by MORRISON,JASON",,,"MISS FT by MORRISON,JASON",2
--,"REBOUND DEF by BURNETT,DREW",,,,,,,"REBOUND DEF by BURNETT,DREW",2
03:37,"SUB IN by BUSH,RODREEKAS",,,,,,,"SUB IN by BUSH,RODREEKAS",2
03:37,"SUB OUT by YOUNG,DILLON",,,,,,,"SUB OUT by YOUNG,DILLON",2
03:29,"GOOD LAYUP by MILLER,JOSHUA(in the paint)",92 (+27),,65,,Mill 92-65 (+27),,"GOOD LAYUP by MILLER,JOSHUA(in the paint)",2
03:11,,,,,"MISS JUMPER by CHILDERS,JOSH",,,"MISS JUMPER by CHILDERS,JOSH",2
--,,,,,"REBOUND OFF by FITZGERALD,PAUL",,,"REBOUND OFF by FITZGERALD,PAUL",2
03:06,,92 (+25),,67,"GOOD JUMPER by FITZGERALD,PAUL(in the paint)",BSC 92-67 (+25),,"GOOD JUMPER by FITZGERALD,PAUL(in the paint)",2
02:47,"MISS LAYUP by GIVENS,DONOVAN",,,,,,,"MISS LAYUP by GIVENS,DONOVAN",2
--,,,,,"REBOUND DEF by GONDA,MATT",,,"REBOUND DEF by GONDA,MATT",2
02:39,,,,,"MISS 3PTR by FITZGERALD,PAUL",,,"MISS 3PTR by FITZGERALD,PAUL",2
--,"REBOUND DEF by MILLER,JOSHUA",,,,,,,"REBOUND DEF by MILLER,JOSHUA",2
02:08,"MISS LAYUP by MILLER,JOSHUA",,,,,,,"MISS LAYUP by MILLER,JOSHUA",2
--,"REBOUND OFF by BURNETT,DREW",,,,,,,"REBOUND OFF by BURNETT,DREW",2
02:04,"MISS JUMPER by BURNETT,DREW",,,,,,,"MISS JUMPER by BURNETT,DREW",2
--,,,,,"REBOUND DEF by CHILDERS,JOSH",,,"REBOUND DEF by CHILDERS,JOSH",2
01:54,"FOUL  by MILLER,JOSHUA",,,,,,,"FOUL  by MILLER,JOSHUA",2
01:54,,,,,"MISS FT by GONDA,MATT",,,"MISS FT by GONDA,MATT",2
--,,,,,REBOUND DEADB by TEAM,,,REBOUND DEADB by TEAM,2
01:54,,92 (+24),,68,"GOOD FT by GONDA,MATT",BSC 92-68 (+24),,"GOOD FT by GONDA,MATT",2
01:54,,,,,"SUB IN by BARNETT,CHARLIE",,,"SUB IN by BARNETT,CHARLIE",2
01:54,,,,,"SUB OUT by GONDA,MATT",,,"SUB OUT by GONDA,MATT",2
01:33,"GOOD 3PTR by BURNETT,DREW",95 (+27),,68,,Mill 95-68 (+27),,"GOOD 3PTR by BURNETT,DREW",2
--,"ASSIST  by GIVENS,DONOVAN",,,,,,,"ASSIST  by GIVENS,DONOVAN",2
01:18,"FOUL  by BURNETT,DREW",,,,,,,"FOUL  by BURNETT,DREW",2
01:18,,,,,"MISS FT by CHILDERS,JOSH",,,"MISS FT by CHILDERS,JOSH",2
--,REBOUND DEF by TEAM,,,,,,,REBOUND DEF by TEAM,2
01:07,,,,,"SUB IN by LARSON,CLARK",,,"SUB IN by LARSON,CLARK",2
01:07,,,,,"SUB OUT by CHILDERS,JOSH",,,"SUB OUT by CHILDERS,JOSH",2
01:01,"GOOD 3PTR by BLANZ,BUCK",98 (+30),,68,,Mill 98-68 (+30),,"GOOD 3PTR by BLANZ,BUCK",2
--,"ASSIST  by BUSH,RODREEKAS",,,,,,,"ASSIST  by BUSH,RODREEKAS",2
00:48,,98 (+28),,70,"GOOD JUMPER by LARSON,CLARK(in the paint)",BSC 98-70 (+28),,"GOOD JUMPER by LARSON,CLARK(in the paint)",2
00:29,"MISS 3PTR by BUSH,RODREEKAS",,,,,,,"MISS 3PTR by BUSH,RODREEKAS",2
--,"REBOUND OFF by BURNETT,DREW",,,,,,,"REBOUND OFF by BURNETT,DREW",2
00:24,"GOOD LAYUP by BURNETT,DREW(in the paint)",100 (+30),,70,,Mill 100-70 (+30),,"GOOD LAYUP by BURNETT,DREW(in the paint)",2
00:11,,100 (+28),,72,"GOOD JUMPER by MORRISON,JASON(in the paint)",BSC 100-72 (+28),,"GOOD JUMPER by MORRISON,JASON(in the paint)",2
