Time Remaining,Cent,Away Team Score,Play Team Indicator,Home Team Score,Mill,Game Score,Team Indicator,Play,Period
19:53,"MISS 3PTR by BEHR,JALEN",,,,,,,"MISS 3PTR by BEHR,JALEN",1
--,"REBOUND OFF by BOARD,BRAEDEN",,,,,,,"REBOUND OFF by BOARD,BRAEDEN",1
19:48,"MISS 3PTR by TAYLOR,JARELL",,,,,,,"MISS 3PTR by TAYLOR,JARELL",1
--,,,,,"REBOUND DEF by WILLIAMS,CAMERON",,,"REBOUND DEF by WILLIAMS,CAMERON",1
19:34,,0,,2 (+2),"GOOD JUMPER by WILLIAMS,CAMERON",Mill 0-2 (+2),,"GOOD JUMPER by WILLIAMS,CAMERON",1
19:16,"MISS 3PTR by BOARD,BRAEDEN",,,,,,,"MISS 3PTR by BOARD,BRAEDEN",1
--,,,,,"REBOUND DEF by WATSON,DOUG",,,"REBOUND DEF by WATSON,DOUG",1
18:49,,0,,5 (+5),"GOOD 3PTR by WILLIAMS,CAMERON",Mill 0-5 (+5),,"GOOD 3PTR by WILLIAMS,CAMERON",1
18:19,"GOOD 3PTR by JOHNSON,RALPH",3,,5 (+2),,Cent 3-5 (+2),,"GOOD 3PTR by JOHNSON,RALPH",1
--,"ASSIST  by BEHR,JALEN",,,,,,,"ASSIST  by BEHR,JALEN",1
17:55,,,,,"MISS 3PTR by WATSON,DOUG",,,"MISS 3PTR by WATSON,DOUG",1
--,"REBOUND DEF by BAKER,TEVIN",,,,,,,"REBOUND DEF by BAKER,TEVIN",1
17:47,"TURNOVER  by JOHNSON,RALPH",,,,,,,"TURNOVER  by JOHNSON,RALPH",1
17:47,,,,,"STEAL  by URSIN,AARON",,,"STEAL  by URSIN,AARON",1
17:39,,,,,"MISS JUMPER by BROWN,BRYCE",,,"MISS JUMPER by BROWN,BRYCE",1
--,"REBOUND DEF by TAYLOR,JARELL",,,,,,,"REBOUND DEF by TAYLOR,JARELL",1
17:34,"TURNOVER  by BAKER,TEVIN",,,,,,,"TURNOVER  by BAKER,TEVIN",1
17:34,,,,,"STEAL  by WATSON,DOUG",,,"STEAL  by WATSON,DOUG",1
17:34,"FOUL  by BEHR,JALEN",,,,,,,"FOUL  by BEHR,JALEN",1
17:16,,,,,"MISS LAYUP by BROWN,BRYCE(in the paint)",,,"MISS LAYUP by BROWN,BRYCE(in the paint)",1
--,"REBOUND DEF by TAYLOR,JARELL",,,,,,,"REBOUND DEF by TAYLOR,JARELL",1
17:05,"MISS LAYUP by BOARD,BRAEDEN(in the paint)",,,,,,,"MISS LAYUP by BOARD,BRAEDEN(in the paint)",1
--,,,,,"REBOUND DEF by WILLIAMS,CAMERON",,,"REBOUND DEF by WILLIAMS,CAMERON",1
16:57,,,,,"TURNOVER  by WILLIAMS,CAMERON",,,"TURNOVER  by WILLIAMS,CAMERON",1
16:57,"STEAL  by BOARD,BRAEDEN",,,,,,,"STEAL  by BOARD,BRAEDEN",1
16:51,"FOUL  by BOARD,BRAEDEN",,,,,,,"FOUL  by BOARD,BRAEDEN",1
16:51,"TURNOVER  by BOARD,BRAEDEN",,,,,,,"TURNOVER  by BOARD,BRAEDEN",1
16:51,,,,,"SUB IN by RUCKER,CAM",,,"SUB IN by RUCKER,CAM",1
16:51,"SUB OUT by BOARD,BRAEDEN",,,,,,,"SUB OUT by BOARD,BRAEDEN",1
16:51,"SUB IN by WIGGINS,JOSEPH",,,,,,,"SUB IN by WIGGINS,JOSEPH",1
16:51,,,,,"SUB OUT by BROWN,BRYCE",,,"SUB OUT by BROWN,BRYCE",1
16:34,,,,,"MISS 3PTR by WILLIAMS,CAMERON",,,"MISS 3PTR by WILLIAMS,CAMERON",1
--,"REBOUND DEF by JOHNSON,RALPH",,,,,,,"REBOUND DEF by JOHNSON,RALPH",1
16:28,"TURNOVER  by TAYLOR,JARELL",,,,,,,"TURNOVER  by TAYLOR,JARELL",1
16:28,,,,,"STEAL  by WILLIAMS,CAMERON",,,"STEAL  by WILLIAMS,CAMERON",1
16:21,,,,,"TURNOVER  by WILLIAMS,CAMERON",,,"TURNOVER  by WILLIAMS,CAMERON",1
16:21,"STEAL  by BAKER,TEVIN",,,,,,,"STEAL  by BAKER,TEVIN",1
16:15,"MISS 3PTR by BEHR,JALEN",,,,,,,"MISS 3PTR by BEHR,JALEN",1
--,,,,,"REBOUND DEF by WILLIAMS,CAMERON",,,"REBOUND DEF by WILLIAMS,CAMERON",1
16:00,,3,,8 (+5),"GOOD 3PTR by WATSON,DOUG",Mill 3-8 (+5),,"GOOD 3PTR by WATSON,DOUG",1
--,,,,,"ASSIST  by URSIN,AARON",,,"ASSIST  by URSIN,AARON",1
15:40,"MISS 3PTR by BAKER,TEVIN",,,,,,,"MISS 3PTR by BAKER,TEVIN",1
--,,,,,"REBOUND DEF by WILLIAMS,CAMERON",,,"REBOUND DEF by WILLIAMS,CAMERON",1
15:18,"FOUL  by BEHR,JALEN",,,,,,,"FOUL  by BEHR,JALEN",1
15:18,TIMEOUT MEDIA by TEAM,,,,,,,TIMEOUT MEDIA by TEAM,1
15:18,,,,,"SUB OUT by URSIN,AARON",,,"SUB OUT by URSIN,AARON",1
15:18,,,,,"SUB IN by STEPHEN,SETH",,,"SUB IN by STEPHEN,SETH",1
15:18,"SUB OUT by BEHR,JALEN",,,,,,,"SUB OUT by BEHR,JALEN",1
15:18,"SUB OUT by BAKER,TEVIN",,,,,,,"SUB OUT by BAKER,TEVIN",1
15:18,"SUB IN by THOMAS,SETH",,,,,,,"SUB IN by THOMAS,SETH",1
15:18,"SUB IN by HALL,AJ",,,,,,,"SUB IN by HALL,AJ",1
15:18,,,,,"MISS FT by WILLIAMS,CAMERON",,,"MISS FT by WILLIAMS,CAMERON",1
--,,,,,REBOUND DEADB by TEAM,,,REBOUND DEADB by TEAM,1
15:18,,,,,"MISS FT by WILLIAMS,CAMERON",,,"MISS FT by WILLIAMS,CAMERON",1
--,,,,,"REBOUND OFF by STEPHEN,SETH",,,"REBOUND OFF by STEPHEN,SETH",1
15:12,,,,,"MISS LAYUP by UGHOVWA,NICHOLAS(in the paint)",,,"MISS LAYUP by UGHOVWA,NICHOLAS(in the paint)",1
15:12,"BLOCK  by TAYLOR,JARELL",,,,,,,"BLOCK  by TAYLOR,JARELL",1
--,"REBOUND DEF by THOMAS,SETH",,,,,,,"REBOUND DEF by THOMAS,SETH",1
14:57,"GOOD LAYUP by JOHNSON,RALPH(in the paint)",5,,8 (+3),,Cent 5-8 (+3),,"GOOD LAYUP by JOHNSON,RALPH(in the paint)",1
14:48,,,,,"MISS LAYUP by WATSON,DOUG(in the paint)",,,"MISS LAYUP by WATSON,DOUG(in the paint)",1
--,"REBOUND DEF by WIGGINS,JOSEPH",,,,,,,"REBOUND DEF by WIGGINS,JOSEPH",1
14:38,"MISS JUMPER by TAYLOR,JARELL",,,,,,,"MISS JUMPER by TAYLOR,JARELL",1
--,"REBOUND OFF by TAYLOR,JARELL",,,,,,,"REBOUND OFF by TAYLOR,JARELL",1
14:30,"MISS JUMPER by HALL,AJ",,,,,,,"MISS JUMPER by HALL,AJ",1
--,,,,,"REBOUND DEF by WILLIAMS,CAMERON",,,"REBOUND DEF by WILLIAMS,CAMERON",1
14:11,,,,,"MISS JUMPER by UGHOVWA,NICHOLAS",,,"MISS JUMPER by UGHOVWA,NICHOLAS",1
--,"REBOUND DEF by WIGGINS,JOSEPH",,,,,,,"REBOUND DEF by WIGGINS,JOSEPH",1
13:59,"GOOD 3PTR by JOHNSON,RALPH",8,,8,,Cent 8-8 (0),,"GOOD 3PTR by JOHNSON,RALPH",1
--,"ASSIST  by WIGGINS,JOSEPH",,,,,,,"ASSIST  by WIGGINS,JOSEPH",1
13:40,,,,,"MISS 3PTR by RUCKER,CAM",,,"MISS 3PTR by RUCKER,CAM",1
--,"REBOUND DEF by HALL,AJ",,,,,,,"REBOUND DEF by HALL,AJ",1
13:22,"GOOD JUMPER by WIGGINS,JOSEPH",10 (+2),,8,,Cent 10-8 (-2),,"GOOD JUMPER by WIGGINS,JOSEPH",1
--,"ASSIST  by THOMAS,SETH",,,,,,,"ASSIST  by THOMAS,SETH",1
13:09,"FOUL  by THOMAS,SETH",,,,,,,"FOUL  by THOMAS,SETH",1
13:09,,,,,"SUB OUT by WILLIAMS,CAMERON",,,"SUB OUT by WILLIAMS,CAMERON",1
13:09,,,,,"SUB OUT by WATSON,DOUG",,,"SUB OUT by WATSON,DOUG",1
13:09,,,,,"SUB OUT by STEPHEN,SETH",,,"SUB OUT by STEPHEN,SETH",1
13:09,,,,,"SUB OUT by UGHOVWA,NICHOLAS",,,"SUB OUT by UGHOVWA,NICHOLAS",1
13:09,,,,,"SUB IN by BROWN,BROCK",,,"SUB IN by BROWN,BROCK",1
13:09,,,,,"SUB IN by EVANS,CHRISTIAN",,,"SUB IN by EVANS,CHRISTIAN",1
13:09,,,,,"SUB IN by ROTH,DREW",,,"SUB IN by ROTH,DREW",1
13:09,,,,,"SUB IN by URSIN,AARON",,,"SUB IN by URSIN,AARON",1
12:59,,,,,"MISS 3PTR by RUCKER,CAM",,,"MISS 3PTR by RUCKER,CAM",1
--,"REBOUND DEF by WIGGINS,JOSEPH",,,,,,,"REBOUND DEF by WIGGINS,JOSEPH",1
12:51,"TURNOVER  by HALL,AJ",,,,,,,"TURNOVER  by HALL,AJ",1
12:37,,10,,10,"GOOD LAYUP by URSIN,AARON(in the paint)",Mill 10-10 (0),,"GOOD LAYUP by URSIN,AARON(in the paint)",1
--,,,,,"ASSIST  by BROWN,BROCK",,,"ASSIST  by BROWN,BROCK",1
12:22,,,,,"FOUL  by RUCKER,CAM",,,"FOUL  by RUCKER,CAM",1
12:22,"SUB OUT by WIGGINS,JOSEPH",,,,,,,"SUB OUT by WIGGINS,JOSEPH",1
12:22,"SUB IN by HOOTER,DYLAN",,,,,,,"SUB IN by HOOTER,DYLAN",1
12:09,"MISS 3PTR by THOMAS,SETH",,,,,,,"MISS 3PTR by THOMAS,SETH",1
--,,,,,"REBOUND DEF by EVANS,CHRISTIAN",,,"REBOUND DEF by EVANS,CHRISTIAN",1
11:39,,,,,"MISS JUMPER by EVANS,CHRISTIAN",,,"MISS JUMPER by EVANS,CHRISTIAN",1
--,"REBOUND DEF by HALL,AJ",,,,,,,"REBOUND DEF by HALL,AJ",1
11:32,"GOOD JUMPER by TAYLOR,JARELL(in the paint)",12 (+2),,10,,Cent 12-10 (-2),,"GOOD JUMPER by TAYLOR,JARELL(in the paint)",1
10:59,,,,,"MISS JUMPER by BROWN,BROCK",,,"MISS JUMPER by BROWN,BROCK",1
10:59,,,,,"MISS LAYUP by EVANS,CHRISTIAN(in the paint)",,,"MISS LAYUP by EVANS,CHRISTIAN(in the paint)",1
10:59,"BLOCK  by THOMAS,SETH",,,,,,,"BLOCK  by THOMAS,SETH",1
--,,,,,REBOUND DEADB by TEAM,,,REBOUND DEADB by TEAM,1
10:59,TIMEOUT MEDIA by TEAM,,,,,,,TIMEOUT MEDIA by TEAM,1
10:59,,,,,"SUB OUT by ROTH,DREW",,,"SUB OUT by ROTH,DREW",1
10:59,,,,,"SUB OUT by URSIN,AARON",,,"SUB OUT by URSIN,AARON",1
10:59,,,,,"SUB IN by STEPHEN,SETH",,,"SUB IN by STEPHEN,SETH",1
10:59,,,,,"SUB IN by WILLIAMS,CAMERON",,,"SUB IN by WILLIAMS,CAMERON",1
10:59,"SUB OUT by JOHNSON,RALPH",,,,,,,"SUB OUT by JOHNSON,RALPH",1
10:59,"SUB IN by BAKER,TEVIN",,,,,,,"SUB IN by BAKER,TEVIN",1
--,,,,,"REBOUND OFF by EVANS,CHRISTIAN",,,"REBOUND OFF by EVANS,CHRISTIAN",1
10:56,,,,,TURNOVER  by TEAM,,,TURNOVER  by TEAM,1
10:37,"MISS 3PTR by TAYLOR,JARELL",,,,,,,"MISS 3PTR by TAYLOR,JARELL",1
--,"REBOUND OFF by THOMAS,SETH",,,,,,,"REBOUND OFF by THOMAS,SETH",1
10:32,"GOOD LAYUP by THOMAS,SETH(in the paint)",14 (+4),,10,,Cent 14-10 (-4),,"GOOD LAYUP by THOMAS,SETH(in the paint)",1
10:09,,,,,"MISS JUMPER by WILLIAMS,CAMERON",,,"MISS JUMPER by WILLIAMS,CAMERON",1
--,"REBOUND DEF by HOOTER,DYLAN",,,,,,,"REBOUND DEF by HOOTER,DYLAN",1
09:45,"MISS 3PTR by THOMAS,SETH",,,,,,,"MISS 3PTR by THOMAS,SETH",1
--,,,,,"REBOUND DEF by EVANS,CHRISTIAN",,,"REBOUND DEF by EVANS,CHRISTIAN",1
09:40,"FOUL  by BAKER,TEVIN",,,,,,,"FOUL  by BAKER,TEVIN",1
09:40,,14 (+3),,11,"GOOD FT by EVANS,CHRISTIAN(fastbreak)",Mill 14-11 (-3),,"GOOD FT by EVANS,CHRISTIAN(fastbreak)",1
09:40,,,,,"SUB OUT by BROWN,BROCK",,,"SUB OUT by BROWN,BROCK",1
09:40,,,,,"SUB OUT by RUCKER,CAM",,,"SUB OUT by RUCKER,CAM",1
09:40,,,,,"SUB IN by WATSON,DOUG",,,"SUB IN by WATSON,DOUG",1
09:40,,,,,"SUB IN by BROWN,BRYCE",,,"SUB IN by BROWN,BRYCE",1
09:40,"SUB OUT by HOOTER,DYLAN",,,,,,,"SUB OUT by HOOTER,DYLAN",1
09:40,"SUB OUT by TAYLOR,JARELL",,,,,,,"SUB OUT by TAYLOR,JARELL",1
09:40,"SUB IN by WIGGINS,JOSEPH",,,,,,,"SUB IN by WIGGINS,JOSEPH",1
09:40,"SUB IN by BEHR,JALEN",,,,,,,"SUB IN by BEHR,JALEN",1
09:40,,14 (+2),,12,"GOOD FT by EVANS,CHRISTIAN(fastbreak)",Mill 14-12 (-2),,"GOOD FT by EVANS,CHRISTIAN(fastbreak)",1
09:22,"MISS 3PTR by HALL,AJ",,,,,,,"MISS 3PTR by HALL,AJ",1
--,,,,,"REBOUND DEF by WILLIAMS,CAMERON",,,"REBOUND DEF by WILLIAMS,CAMERON",1
09:20,,,,,"MISS 3PTR by WATSON,DOUG",,,"MISS 3PTR by WATSON,DOUG",1
--,"REBOUND DEF by HALL,AJ",,,,,,,"REBOUND DEF by HALL,AJ",1
08:44,"MISS JUMPER by WIGGINS,JOSEPH",,,,,,,"MISS JUMPER by WIGGINS,JOSEPH",1
--,,,,,"REBOUND DEF by EVANS,CHRISTIAN",,,"REBOUND DEF by EVANS,CHRISTIAN",1
08:35,,,,,"MISS 3PTR by BROWN,BRYCE",,,"MISS 3PTR by BROWN,BRYCE",1
--,,,,,REBOUND DEADB by TEAM,,,REBOUND DEADB by TEAM,1
08:34,"FOUL  by BEHR,JALEN",,,,,,,"FOUL  by BEHR,JALEN",1
08:34,,,,,"SUB OUT by EVANS,CHRISTIAN",,,"SUB OUT by EVANS,CHRISTIAN",1
08:34,,,,,"SUB IN by DYAS,CHANDLER",,,"SUB IN by DYAS,CHANDLER",1
08:34,"SUB OUT by BEHR,JALEN",,,,,,,"SUB OUT by BEHR,JALEN",1
08:34,"SUB OUT by THOMAS,SETH",,,,,,,"SUB OUT by THOMAS,SETH",1
08:34,"SUB IN by TAYLOR,JARELL",,,,,,,"SUB IN by TAYLOR,JARELL",1
08:34,"SUB IN by MINGO,KILE",,,,,,,"SUB IN by MINGO,KILE",1
08:30,,14,,15 (+1),"GOOD 3PTR by WILLIAMS,CAMERON",Mill 14-15 (+1),,"GOOD 3PTR by WILLIAMS,CAMERON",1
--,,,,,"ASSIST  by BROWN,BRYCE",,,"ASSIST  by BROWN,BRYCE",1
08:12,,,,,"FOUL  by DYAS,CHANDLER",,,"FOUL  by DYAS,CHANDLER",1
08:12,,,,,"SUB OUT by DYAS,CHANDLER",,,"SUB OUT by DYAS,CHANDLER",1
08:12,,,,,"SUB IN by HOGAN,TJ",,,"SUB IN by HOGAN,TJ",1
07:50,"MISS JUMPER by HALL,AJ(in the paint)",,,,,,,"MISS JUMPER by HALL,AJ(in the paint)",1
--,"REBOUND OFF by BAKER,TEVIN",,,,,,,"REBOUND OFF by BAKER,TEVIN",1
07:45,"GOOD LAYUP by TAYLOR,JARELL(in the paint)",16 (+1),,15,,Cent 16-15 (-1),,"GOOD LAYUP by TAYLOR,JARELL(in the paint)",1
--,"ASSIST  by BAKER,TEVIN",,,,,,,"ASSIST  by BAKER,TEVIN",1
07:28,,,,,"MISS JUMPER by BROWN,BRYCE(in the paint)",,,"MISS JUMPER by BROWN,BRYCE(in the paint)",1
07:25,,16,,17 (+1),"GOOD LAYUP by STEPHEN,SETH(in the paint)",Mill 16-17 (+1),,"GOOD LAYUP by STEPHEN,SETH(in the paint)",1
07:25,"FOUL  by WIGGINS,JOSEPH",,,,,,,"FOUL  by WIGGINS,JOSEPH",1
07:25,TIMEOUT MEDIA by TEAM,,,,,,,TIMEOUT MEDIA by TEAM,1
07:25,,,,,"SUB OUT by BROWN,BRYCE",,,"SUB OUT by BROWN,BRYCE",1
07:25,,,,,"SUB IN by RUCKER,CAM",,,"SUB IN by RUCKER,CAM",1
07:25,,16,,18 (+2),"GOOD FT by STEPHEN,SETH",Mill 16-18 (+2),,"GOOD FT by STEPHEN,SETH",1
--,,,,,"REBOUND OFF by STEPHEN,SETH",,,"REBOUND OFF by STEPHEN,SETH",1
07:16,"MISS 3PTR by MINGO,KILE",,,,,,,"MISS 3PTR by MINGO,KILE",1
--,,,,,"REBOUND DEF by WILLIAMS,CAMERON",,,"REBOUND DEF by WILLIAMS,CAMERON",1
06:58,,,,,TIMEOUT 30SEC by TEAM,,,TIMEOUT 30SEC by TEAM,1
06:45,,,,,"MISS 3PTR by RUCKER,CAM",,,"MISS 3PTR by RUCKER,CAM",1
--,"REBOUND DEF by TAYLOR,JARELL",,,,,,,"REBOUND DEF by TAYLOR,JARELL",1
06:34,"GOOD JUMPER by TAYLOR,JARELL",18,,18,,Cent 18-18 (0),,"GOOD JUMPER by TAYLOR,JARELL",1
--,"ASSIST  by BAKER,TEVIN",,,,,,,"ASSIST  by BAKER,TEVIN",1
06:20,,,,,"MISS JUMPER by WILLIAMS,CAMERON",,,"MISS JUMPER by WILLIAMS,CAMERON",1
--,"REBOUND DEF by TAYLOR,JARELL",,,,,,,"REBOUND DEF by TAYLOR,JARELL",1
06:11,"GOOD 3PTR by TAYLOR,JARELL",21 (+3),,18,,Cent 21-18 (-3),,"GOOD 3PTR by TAYLOR,JARELL",1
--,"ASSIST  by BAKER,TEVIN",,,,,,,"ASSIST  by BAKER,TEVIN",1
05:58,,,,,"TURNOVER  by WATSON,DOUG",,,"TURNOVER  by WATSON,DOUG",1
05:58,,,,,"SUB OUT by STEPHEN,SETH",,,"SUB OUT by STEPHEN,SETH",1
05:58,,,,,"SUB OUT by HOGAN,TJ",,,"SUB OUT by HOGAN,TJ",1
05:58,,,,,"SUB IN by DYAS,CHANDLER",,,"SUB IN by DYAS,CHANDLER",1
05:58,,,,,"SUB IN by URSIN,AARON",,,"SUB IN by URSIN,AARON",1
05:58,"SUB OUT by HALL,AJ",,,,,,,"SUB OUT by HALL,AJ",1
05:58,"SUB IN by THOMAS,SETH",,,,,,,"SUB IN by THOMAS,SETH",1
05:40,"GOOD JUMPER by TAYLOR,JARELL",23 (+5),,18,,Cent 23-18 (-5),,"GOOD JUMPER by TAYLOR,JARELL",1
--,"ASSIST  by THOMAS,SETH",,,,,,,"ASSIST  by THOMAS,SETH",1
05:20,,,,,"MISS 3PTR by DYAS,CHANDLER",,,"MISS 3PTR by DYAS,CHANDLER",1
--,REBOUND DEADB by TEAM,,,,,,,REBOUND DEADB by TEAM,1
04:58,"MISS JUMPER by TAYLOR,JARELL",,,,,,,"MISS JUMPER by TAYLOR,JARELL",1
--,,,,,"REBOUND DEF by URSIN,AARON",,,"REBOUND DEF by URSIN,AARON",1
04:45,,,,,"TURNOVER  by RUCKER,CAM",,,"TURNOVER  by RUCKER,CAM",1
04:29,"GOOD 3PTR by TAYLOR,JARELL",26 (+8),,18,,Cent 26-18 (-8),,"GOOD 3PTR by TAYLOR,JARELL",1
--,"ASSIST  by BAKER,TEVIN",,,,,,,"ASSIST  by BAKER,TEVIN",1
04:11,,,,,"MISS DUNK by WILLIAMS,CAMERON(in the paint)",,,"MISS DUNK by WILLIAMS,CAMERON(in the paint)",1
04:11,"BLOCK  by WIGGINS,JOSEPH",,,,,,,"BLOCK  by WIGGINS,JOSEPH",1
04:09,"FOUL  by WIGGINS,JOSEPH",,,,,,,"FOUL  by WIGGINS,JOSEPH",1
04:09,,26 (+7),,19,"GOOD FT by WILLIAMS,CAMERON",Mill 26-19 (-7),,"GOOD FT by WILLIAMS,CAMERON",1
04:09,,,,,"SUB OUT by DYAS,CHANDLER",,,"SUB OUT by DYAS,CHANDLER",1
04:09,,,,,"SUB IN by UGHOVWA,NICHOLAS",,,"SUB IN by UGHOVWA,NICHOLAS",1
04:09,"SUB OUT by MINGO,KILE",,,,,,,"SUB OUT by MINGO,KILE",1
04:09,"SUB IN by JOHNSON,RALPH",,,,,,,"SUB IN by JOHNSON,RALPH",1
04:09,,,,,"MISS FT by WILLIAMS,CAMERON",,,"MISS FT by WILLIAMS,CAMERON",1
--,"REBOUND DEF by TAYLOR,JARELL",,,,,,,"REBOUND DEF by TAYLOR,JARELL",1
--,,,,,"REBOUND OFF by WILLIAMS,CAMERON",,,"REBOUND OFF by WILLIAMS,CAMERON",1
03:58,,,,,"FOUL  by URSIN,AARON",,,"FOUL  by URSIN,AARON",1
03:58,TIMEOUT MEDIA by TEAM,,,,,,,TIMEOUT MEDIA by TEAM,1
03:58,,,,,"SUB OUT by WILLIAMS,CAMERON",,,"SUB OUT by WILLIAMS,CAMERON",1
03:58,,,,,"SUB IN by EVANS,CHRISTIAN",,,"SUB IN by EVANS,CHRISTIAN",1
03:58,"GOOD FT by WIGGINS,JOSEPH",27 (+8),,19,,Cent 27-19 (-8),,"GOOD FT by WIGGINS,JOSEPH",1
03:58,"GOOD FT by WIGGINS,JOSEPH",28 (+9),,19,,Cent 28-19 (-9),,"GOOD FT by WIGGINS,JOSEPH",1
03:58,"SUB OUT by WIGGINS,JOSEPH",,,,,,,"SUB OUT by WIGGINS,JOSEPH",1
03:58,"SUB IN by HOOTER,DYLAN",,,,,,,"SUB IN by HOOTER,DYLAN",1
03:46,,28 (+6),,22,"GOOD 3PTR by WATSON,DOUG",Mill 28-22 (-6),,"GOOD 3PTR by WATSON,DOUG",1
--,,,,,"ASSIST  by RUCKER,CAM",,,"ASSIST  by RUCKER,CAM",1
03:24,"GOOD 3PTR by TAYLOR,JARELL",31 (+9),,22,,Cent 31-22 (-9),,"GOOD 3PTR by TAYLOR,JARELL",1
--,"ASSIST  by JOHNSON,RALPH",,,,,,,"ASSIST  by JOHNSON,RALPH",1
03:05,,,,,"TURNOVER  by RUCKER,CAM",,,"TURNOVER  by RUCKER,CAM",1
03:05,"STEAL  by TAYLOR,JARELL",,,,,,,"STEAL  by TAYLOR,JARELL",1
02:54,"GOOD 3PTR by JOHNSON,RALPH",34 (+12),,22,,Cent 34-22 (-12),,"GOOD 3PTR by JOHNSON,RALPH",1
--,"ASSIST  by BAKER,TEVIN",,,,,,,"ASSIST  by BAKER,TEVIN",1
02:39,,,,,"TURNOVER  by RUCKER,CAM",,,"TURNOVER  by RUCKER,CAM",1
02:39,"STEAL  by THOMAS,SETH",,,,,,,"STEAL  by THOMAS,SETH",1
02:33,"MISS LAYUP by THOMAS,SETH(in the paint)",,,,,,,"MISS LAYUP by THOMAS,SETH(in the paint)",1
--,"REBOUND OFF by THOMAS,SETH",,,,,,,"REBOUND OFF by THOMAS,SETH",1
02:27,"MISS LAYUP by THOMAS,SETH(in the paint)",,,,,,,"MISS LAYUP by THOMAS,SETH(in the paint)",1
--,,,,,"REBOUND DEF by UGHOVWA,NICHOLAS",,,"REBOUND DEF by UGHOVWA,NICHOLAS",1
02:12,,34 (+10),,24,"GOOD LAYUP by RUCKER,CAM(in the paint)",Mill 34-24 (-10),,"GOOD LAYUP by RUCKER,CAM(in the paint)",1
01:50,"MISS 3PTR by THOMAS,SETH",,,,,,,"MISS 3PTR by THOMAS,SETH",1
--,,,,,"REBOUND DEF by RUCKER,CAM",,,"REBOUND DEF by RUCKER,CAM",1
01:40,,,,,"MISS 3PTR by WATSON,DOUG",,,"MISS 3PTR by WATSON,DOUG",1
--,REBOUND DEADB by TEAM,,,,,,,REBOUND DEADB by TEAM,1
01:39,,,,,"FOUL  by URSIN,AARON",,,"FOUL  by URSIN,AARON",1
01:39,"FOUL  by HOOTER,DYLAN",,,,,,,"FOUL  by HOOTER,DYLAN",1
01:39,,,,,"SUB OUT by WATSON,DOUG",,,"SUB OUT by WATSON,DOUG",1
01:39,,,,,"SUB OUT by UGHOVWA,NICHOLAS",,,"SUB OUT by UGHOVWA,NICHOLAS",1
01:39,,,,,"SUB OUT by RUCKER,CAM",,,"SUB OUT by RUCKER,CAM",1
01:39,,,,,"SUB OUT by URSIN,AARON",,,"SUB OUT by URSIN,AARON",1
01:39,,,,,"SUB IN by STEPHEN,SETH",,,"SUB IN by STEPHEN,SETH",1
01:39,,,,,"SUB IN by WILLIAMS,CAMERON",,,"SUB IN by WILLIAMS,CAMERON",1
01:39,,,,,"SUB IN by BROWN,BROCK",,,"SUB IN by BROWN,BROCK",1
01:39,,,,,"SUB IN by BROWN,BRYCE",,,"SUB IN by BROWN,BRYCE",1
01:39,"SUB OUT by BAKER,TEVIN",,,,,,,"SUB OUT by BAKER,TEVIN",1
01:39,"SUB IN by HALL,AJ",,,,,,,"SUB IN by HALL,AJ",1
01:13,"MISS JUMPER by THOMAS,SETH",,,,,,,"MISS JUMPER by THOMAS,SETH",1
--,,,,,"REBOUND DEF by WILLIAMS,CAMERON",,,"REBOUND DEF by WILLIAMS,CAMERON",1
01:04,,,,,"FOUL  by EVANS,CHRISTIAN",,,"FOUL  by EVANS,CHRISTIAN",1
01:04,,,,,"TURNOVER  by EVANS,CHRISTIAN",,,"TURNOVER  by EVANS,CHRISTIAN",1
00:44,"MISS JUMPER by HOOTER,DYLAN",,,,,,,"MISS JUMPER by HOOTER,DYLAN",1
--,,,,,"REBOUND DEF by WILLIAMS,CAMERON",,,"REBOUND DEF by WILLIAMS,CAMERON",1
00:35,,,,,"TURNOVER  by BROWN,BRYCE",,,"TURNOVER  by BROWN,BRYCE",1
00:35,TIMEOUT 30SEC by TEAM,,,,,,,TIMEOUT 30SEC by TEAM,1
00:22,,,,,"FOUL  by BROWN,BROCK",,,"FOUL  by BROWN,BROCK",1
00:05,"MISS JUMPER by HALL,AJ",,,,,,,"MISS JUMPER by HALL,AJ",1
--,,,,,"REBOUND DEF by BROWN,BRYCE",,,"REBOUND DEF by BROWN,BRYCE",1
20:00,,,,,"SUB OUT by STEPHEN,SETH",,,"SUB OUT by STEPHEN,SETH",2
20:00,,,,,"SUB OUT by BROWN,BROCK",,,"SUB OUT by BROWN,BROCK",2
20:00,,,,,"SUB OUT by EVANS,CHRISTIAN",,,"SUB OUT by EVANS,CHRISTIAN",2
20:00,,,,,"SUB IN by WATSON,DOUG",,,"SUB IN by WATSON,DOUG",2
20:00,,,,,"SUB IN by UGHOVWA,NICHOLAS",,,"SUB IN by UGHOVWA,NICHOLAS",2
20:00,,,,,"SUB IN by URSIN,AARON",,,"SUB IN by URSIN,AARON",2
20:00,"SUB OUT by HOOTER,DYLAN",,,,,,,"SUB OUT by HOOTER,DYLAN",2
20:00,"SUB OUT by THOMAS,SETH",,,,,,,"SUB OUT by THOMAS,SETH",2
20:00,"SUB OUT by HALL,AJ",,,,,,,"SUB OUT by HALL,AJ",2
20:00,"SUB IN by BOARD,BRAEDEN",,,,,,,"SUB IN by BOARD,BRAEDEN",2
20:00,"SUB IN by BEHR,JALEN",,,,,,,"SUB IN by BEHR,JALEN",2
20:00,"SUB IN by BAKER,TEVIN",,,,,,,"SUB IN by BAKER,TEVIN",2
19:52,,,,,"MISS JUMPER by URSIN,AARON(in the paint)",,,"MISS JUMPER by URSIN,AARON(in the paint)",2
--,"REBOUND DEF by BEHR,JALEN",,,,,,,"REBOUND DEF by BEHR,JALEN",2
19:36,"MISS 3PTR by TAYLOR,JARELL",,,,,,,"MISS 3PTR by TAYLOR,JARELL",2
--,"REBOUND OFF by BOARD,BRAEDEN",,,,,,,"REBOUND OFF by BOARD,BRAEDEN",2
19:31,,,,,"FOUL  by WILLIAMS,CAMERON",,,"FOUL  by WILLIAMS,CAMERON",2
19:31,"GOOD FT by BAKER,TEVIN",35 (+11),,24,,Cent 35-24 (-11),,"GOOD FT by BAKER,TEVIN",2
19:31,"GOOD FT by BAKER,TEVIN",36 (+12),,24,,Cent 36-24 (-12),,"GOOD FT by BAKER,TEVIN",2
19:15,,,,,"TURNOVER  by WATSON,DOUG",,,"TURNOVER  by WATSON,DOUG",2
19:15,"STEAL  by BEHR,JALEN",,,,,,,"STEAL  by BEHR,JALEN",2
19:07,"MISS JUMPER by BAKER,TEVIN",,,,,,,"MISS JUMPER by BAKER,TEVIN",2
--,,,,,"REBOUND DEF by WILLIAMS,CAMERON",,,"REBOUND DEF by WILLIAMS,CAMERON",2
18:59,,,,,"MISS 3PTR by WILLIAMS,CAMERON",,,"MISS 3PTR by WILLIAMS,CAMERON",2
--,"REBOUND DEF by TAYLOR,JARELL",,,,,,,"REBOUND DEF by TAYLOR,JARELL",2
18:39,"MISS LAYUP by JOHNSON,RALPH(in the paint)",,,,,,,"MISS LAYUP by JOHNSON,RALPH(in the paint)",2
18:39,,,,,"BLOCK  by UGHOVWA,NICHOLAS",,,"BLOCK  by UGHOVWA,NICHOLAS",2
--,REBOUND DEADB by TEAM,,,,,,,REBOUND DEADB by TEAM,2
18:39,,,,,"SUB OUT by UGHOVWA,NICHOLAS",,,"SUB OUT by UGHOVWA,NICHOLAS",2
18:39,,,,,"SUB IN by BASS,DEVIN",,,"SUB IN by BASS,DEVIN",2
18:30,"GOOD 3PTR by BEHR,JALEN",39 (+15),,24,,Cent 39-24 (-15),,"GOOD 3PTR by BEHR,JALEN",2
--,"ASSIST  by JOHNSON,RALPH",,,,,,,"ASSIST  by JOHNSON,RALPH",2
18:15,,,,,"MISS LAYUP by BROWN,BRYCE(in the paint)",,,"MISS LAYUP by BROWN,BRYCE(in the paint)",2
18:15,"BLOCK  by BOARD,BRAEDEN",,,,,,,"BLOCK  by BOARD,BRAEDEN",2
--,,,,,REBOUND DEADB by TEAM,,,REBOUND DEADB by TEAM,2
18:15,,,,,"SUB OUT by WILLIAMS,CAMERON",,,"SUB OUT by WILLIAMS,CAMERON",2
18:15,,,,,"SUB IN by EVANS,CHRISTIAN",,,"SUB IN by EVANS,CHRISTIAN",2
18:10,,,,,"MISS 3PTR by WATSON,DOUG",,,"MISS 3PTR by WATSON,DOUG",2
--,"REBOUND DEF by TAYLOR,JARELL",,,,,,,"REBOUND DEF by TAYLOR,JARELL",2
17:58,"GOOD 3PTR by JOHNSON,RALPH",42 (+18),,24,,Cent 42-24 (-18),,"GOOD 3PTR by JOHNSON,RALPH",2
--,"ASSIST  by BAKER,TEVIN",,,,,,,"ASSIST  by BAKER,TEVIN",2
17:43,,,,,"MISS 3PTR by EVANS,CHRISTIAN",,,"MISS 3PTR by EVANS,CHRISTIAN",2
--,"REBOUND DEF by TAYLOR,JARELL",,,,,,,"REBOUND DEF by TAYLOR,JARELL",2
17:36,"TURNOVER  by TAYLOR,JARELL",,,,,,,"TURNOVER  by TAYLOR,JARELL",2
17:36,,,,,"STEAL  by WATSON,DOUG",,,"STEAL  by WATSON,DOUG",2
17:32,,,,,"SUB OUT by WATSON,DOUG",,,"SUB OUT by WATSON,DOUG",2
17:32,,,,,"SUB OUT by BROWN,BRYCE",,,"SUB OUT by BROWN,BRYCE",2
17:32,,,,,"SUB IN by BROWN,BROCK",,,"SUB IN by BROWN,BROCK",2
17:32,,,,,"SUB IN by RUCKER,CAM",,,"SUB IN by RUCKER,CAM",2
17:24,,,,,"MISS 3PTR by BASS,DEVIN",,,"MISS 3PTR by BASS,DEVIN",2
17:22,,,,,"SUB OUT by BASS,DEVIN",,,"SUB OUT by BASS,DEVIN",2
17:22,,,,,"SUB IN by WILLIAMS,CAMERON",,,"SUB IN by WILLIAMS,CAMERON",2
--,REBOUND DEADB by TEAM,,,,,,,REBOUND DEADB by TEAM,2
17:02,"MISS LAYUP by JOHNSON,RALPH(in the paint)",,,,,,,"MISS LAYUP by JOHNSON,RALPH(in the paint)",2
17:02,,,,,"BLOCK  by URSIN,AARON",,,"BLOCK  by URSIN,AARON",2
--,,,,,"REBOUND DEF by URSIN,AARON",,,"REBOUND DEF by URSIN,AARON",2
16:54,"FOUL  by BOARD,BRAEDEN",,,,,,,"FOUL  by BOARD,BRAEDEN",2
16:51,,,,,"MISS 3PTR by WILLIAMS,CAMERON",,,"MISS 3PTR by WILLIAMS,CAMERON",2
--,"REBOUND DEF by TAYLOR,JARELL",,,,,,,"REBOUND DEF by TAYLOR,JARELL",2
16:26,"MISS 3PTR by BOARD,BRAEDEN",,,,,,,"MISS 3PTR by BOARD,BRAEDEN",2
--,,,,,"REBOUND DEF by URSIN,AARON",,,"REBOUND DEF by URSIN,AARON",2
16:05,,,,,"MISS JUMPER by RUCKER,CAM(in the paint)",,,"MISS JUMPER by RUCKER,CAM(in the paint)",2
16:05,"BLOCK  by BOARD,BRAEDEN",,,,,,,"BLOCK  by BOARD,BRAEDEN",2
--,"REBOUND DEF by BAKER,TEVIN",,,,,,,"REBOUND DEF by BAKER,TEVIN",2
15:54,"MISS JUMPER by BEHR,JALEN(in the paint)",,,,,,,"MISS JUMPER by BEHR,JALEN(in the paint)",2
15:54,,,,,"BLOCK  by URSIN,AARON",,,"BLOCK  by URSIN,AARON",2
--,,,,,"REBOUND DEF by URSIN,AARON",,,"REBOUND DEF by URSIN,AARON",2
15:44,"FOUL  by JOHNSON,RALPH",,,,,,,"FOUL  by JOHNSON,RALPH",2
15:44,TIMEOUT MEDIA by TEAM,,,,,,,TIMEOUT MEDIA by TEAM,2
15:44,"SUB OUT by BOARD,BRAEDEN",,,,,,,"SUB OUT by BOARD,BRAEDEN",2
15:44,"SUB IN by WIGGINS,JOSEPH",,,,,,,"SUB IN by WIGGINS,JOSEPH",2
15:35,,,,,"MISS LAYUP by URSIN,AARON(in the paint)",,,"MISS LAYUP by URSIN,AARON(in the paint)",2
--,"REBOUND DEF by TAYLOR,JARELL",,,,,,,"REBOUND DEF by TAYLOR,JARELL",2
15:16,,,,,"FOUL  by URSIN,AARON",,,"FOUL  by URSIN,AARON",2
15:06,"MISS JUMPER by BAKER,TEVIN(in the paint)",,,,,,,"MISS JUMPER by BAKER,TEVIN(in the paint)",2
--,,,,,"REBOUND DEF by WILLIAMS,CAMERON",,,"REBOUND DEF by WILLIAMS,CAMERON",2
14:55,,,,,"MISS 3PTR by BROWN,BROCK",,,"MISS 3PTR by BROWN,BROCK",2
--,"REBOUND DEF by BEHR,JALEN",,,,,,,"REBOUND DEF by BEHR,JALEN",2
14:43,"GOOD JUMPER by WIGGINS,JOSEPH",44 (+20),,24,,Cent 44-24 (-20),,"GOOD JUMPER by WIGGINS,JOSEPH",2
--,"ASSIST  by BEHR,JALEN",,,,,,,"ASSIST  by BEHR,JALEN",2
14:23,,,,,"SUB OUT by BROWN,BROCK",,,"SUB OUT by BROWN,BROCK",2
14:23,,,,,"SUB OUT by RUCKER,CAM",,,"SUB OUT by RUCKER,CAM",2
14:23,,,,,"SUB OUT by URSIN,AARON",,,"SUB OUT by URSIN,AARON",2
14:23,,,,,"SUB IN by STEPHEN,SETH",,,"SUB IN by STEPHEN,SETH",2
14:23,,,,,"SUB IN by WATSON,DOUG",,,"SUB IN by WATSON,DOUG",2
14:23,,,,,"SUB IN by BROWN,BRYCE",,,"SUB IN by BROWN,BRYCE",2
14:23,"SUB OUT by BEHR,JALEN",,,,,,,"SUB OUT by BEHR,JALEN",2
14:23,"SUB OUT by BAKER,TEVIN",,,,,,,"SUB OUT by BAKER,TEVIN",2
14:23,"SUB IN by THOMAS,SETH",,,,,,,"SUB IN by THOMAS,SETH",2
14:23,"SUB IN by HALL,AJ",,,,,,,"SUB IN by HALL,AJ",2
14:17,,,,,"MISS LAYUP by EVANS,CHRISTIAN(in the paint)",,,"MISS LAYUP by EVANS,CHRISTIAN(in the paint)",2
--,"REBOUND DEF by THOMAS,SETH",,,,,,,"REBOUND DEF by THOMAS,SETH",2
14:10,,,,,"FOUL  by BROWN,BRYCE",,,"FOUL  by BROWN,BRYCE",2
14:10,"GOOD FT by JOHNSON,RALPH(fastbreak)",45 (+21),,24,,Cent 45-24 (-21),,"GOOD FT by JOHNSON,RALPH(fastbreak)",2
14:10,"GOOD FT by JOHNSON,RALPH(fastbreak)",46 (+22),,24,,Cent 46-24 (-22),,"GOOD FT by JOHNSON,RALPH(fastbreak)",2
14:00,"FOUL  by WIGGINS,JOSEPH",,,,,,,"FOUL  by WIGGINS,JOSEPH",2
14:00,"SUB OUT by WIGGINS,JOSEPH",,,,,,,"SUB OUT by WIGGINS,JOSEPH",2
14:00,"SUB IN by HOOTER,DYLAN",,,,,,,"SUB IN by HOOTER,DYLAN",2
13:54,"FOUL  by THOMAS,SETH",,,,,,,"FOUL  by THOMAS,SETH",2
13:54,,46 (+21),,25,"GOOD FT by WATSON,DOUG",Mill 46-25 (-21),,"GOOD FT by WATSON,DOUG",2
13:54,,,,,"SUB OUT by EVANS,CHRISTIAN",,,"SUB OUT by EVANS,CHRISTIAN",2
13:54,,,,,"SUB IN by URSIN,AARON",,,"SUB IN by URSIN,AARON",2
13:54,,,,,"MISS FT by WATSON,DOUG",,,"MISS FT by WATSON,DOUG",2
--,"REBOUND DEF by HALL,AJ",,,,,,,"REBOUND DEF by HALL,AJ",2
13:45,"MISS JUMPER by THOMAS,SETH",,,,,,,"MISS JUMPER by THOMAS,SETH",2
--,,,,,"REBOUND DEF by URSIN,AARON",,,"REBOUND DEF by URSIN,AARON",2
13:33,,46 (+19),,27,"GOOD LAYUP by WILLIAMS,CAMERON(in the paint)",Mill 46-27 (-19),,"GOOD LAYUP by WILLIAMS,CAMERON(in the paint)",2
13:17,"GOOD 3PTR by THOMAS,SETH",49 (+22),,27,,Cent 49-27 (-22),,"GOOD 3PTR by THOMAS,SETH",2
--,"ASSIST  by JOHNSON,RALPH",,,,,,,"ASSIST  by JOHNSON,RALPH",2
13:02,,,,,"MISS 3PTR by BROWN,BRYCE",,,"MISS 3PTR by BROWN,BRYCE",2
--,"REBOUND DEF by HALL,AJ",,,,,,,"REBOUND DEF by HALL,AJ",2
12:48,"MISS 3PTR by THOMAS,SETH",,,,,,,"MISS 3PTR by THOMAS,SETH",2
--,,,,,"REBOUND DEF by URSIN,AARON",,,"REBOUND DEF by URSIN,AARON",2
12:43,,49 (+19),,30,"GOOD 3PTR by WILLIAMS,CAMERON",Mill 49-30 (-19),,"GOOD 3PTR by WILLIAMS,CAMERON",2
12:43,,,,,TIMEOUT 30SEC by TEAM,,,TIMEOUT 30SEC by TEAM,2
12:43,,,,,"SUB OUT by WILLIAMS,CAMERON",,,"SUB OUT by WILLIAMS,CAMERON",2
12:43,,,,,"SUB IN by EVANS,CHRISTIAN",,,"SUB IN by EVANS,CHRISTIAN",2
12:43,"SUB OUT by JOHNSON,RALPH",,,,,,,"SUB OUT by JOHNSON,RALPH",2
12:43,"SUB OUT by TAYLOR,JARELL",,,,,,,"SUB OUT by TAYLOR,JARELL",2
12:43,"SUB IN by BEHR,JALEN",,,,,,,"SUB IN by BEHR,JALEN",2
12:43,"SUB IN by BAKER,TEVIN",,,,,,,"SUB IN by BAKER,TEVIN",2
12:28,"GOOD LAYUP by THOMAS,SETH(in the paint)",51 (+21),,30,,Cent 51-30 (-21),,"GOOD LAYUP by THOMAS,SETH(in the paint)",2
12:04,,51 (+19),,32,"GOOD LAYUP by EVANS,CHRISTIAN(in the paint)",Mill 51-32 (-19),,"GOOD LAYUP by EVANS,CHRISTIAN(in the paint)",2
11:43,"MISS 3PTR by HALL,AJ",,,,,,,"MISS 3PTR by HALL,AJ",2
--,,,,,"REBOUND DEF by WATSON,DOUG",,,"REBOUND DEF by WATSON,DOUG",2
11:38,,,,,"FOUL  by WATSON,DOUG",,,"FOUL  by WATSON,DOUG",2
11:38,,,,,"TURNOVER  by WATSON,DOUG",,,"TURNOVER  by WATSON,DOUG",2
11:38,TIMEOUT MEDIA by TEAM,,,,,,,TIMEOUT MEDIA by TEAM,2
11:10,"MISS 3PTR by THOMAS,SETH",,,,,,,"MISS 3PTR by THOMAS,SETH",2
--,,,,,REBOUND DEADB by TEAM,,,REBOUND DEADB by TEAM,2
10:57,,,,,"MISS 3PTR by WATSON,DOUG",,,"MISS 3PTR by WATSON,DOUG",2
--,,,,,"REBOUND OFF by EVANS,CHRISTIAN",,,"REBOUND OFF by EVANS,CHRISTIAN",2
10:50,,,,,"TURNOVER  by EVANS,CHRISTIAN",,,"TURNOVER  by EVANS,CHRISTIAN",2
10:50,"STEAL  by THOMAS,SETH",,,,,,,"STEAL  by THOMAS,SETH",2
10:46,"GOOD LAYUP by HALL,AJ(fastbreak)(in the paint)",53 (+21),,32,,Cent 53-32 (-21),,"GOOD LAYUP by HALL,AJ(fastbreak)(in the paint)",2
--,"ASSIST  by THOMAS,SETH",,,,,,,"ASSIST  by THOMAS,SETH",2
10:46,,,,,"FOUL  by WATSON,DOUG",,,"FOUL  by WATSON,DOUG",2
10:46,,,,,"SUB OUT by STEPHEN,SETH",,,"SUB OUT by STEPHEN,SETH",2
10:46,,,,,"SUB OUT by WATSON,DOUG",,,"SUB OUT by WATSON,DOUG",2
10:46,,,,,"SUB OUT by URSIN,AARON",,,"SUB OUT by URSIN,AARON",2
10:46,,,,,"SUB IN by WILLIAMS,CAMERON",,,"SUB IN by WILLIAMS,CAMERON",2
10:46,,,,,"SUB IN by UGHOVWA,NICHOLAS",,,"SUB IN by UGHOVWA,NICHOLAS",2
10:46,,,,,"SUB IN by RUCKER,CAM",,,"SUB IN by RUCKER,CAM",2
10:46,"SUB OUT by THOMAS,SETH",,,,,,,"SUB OUT by THOMAS,SETH",2
10:46,"SUB IN by TAYLOR,JARELL",,,,,,,"SUB IN by TAYLOR,JARELL",2
10:46,"GOOD FT by HALL,AJ(fastbreak)",54 (+22),,32,,Cent 54-32 (-22),,"GOOD FT by HALL,AJ(fastbreak)",2
10:22,,,,,"MISS JUMPER by WILLIAMS,CAMERON",,,"MISS JUMPER by WILLIAMS,CAMERON",2
--,"REBOUND DEF by HOOTER,DYLAN",,,,,,,"REBOUND DEF by HOOTER,DYLAN",2
09:58,"MISS JUMPER by BEHR,JALEN(in the paint)",,,,,,,"MISS JUMPER by BEHR,JALEN(in the paint)",2
--,"REBOUND OFF by HOOTER,DYLAN",,,,,,,"REBOUND OFF by HOOTER,DYLAN",2
09:57,"MISS LAYUP by HOOTER,DYLAN(in the paint)",,,,,,,"MISS LAYUP by HOOTER,DYLAN(in the paint)",2
09:57,,,,,"BLOCK  by WILLIAMS,CAMERON",,,"BLOCK  by WILLIAMS,CAMERON",2
--,REBOUND DEADB by TEAM,,,,,,,REBOUND DEADB by TEAM,2
09:46,"MISS JUMPER by BEHR,JALEN(in the paint)",,,,,,,"MISS JUMPER by BEHR,JALEN(in the paint)",2
--,,,,,"REBOUND DEF by WILLIAMS,CAMERON",,,"REBOUND DEF by WILLIAMS,CAMERON",2
09:37,,54 (+20),,34,"GOOD LAYUP by EVANS,CHRISTIAN(in the paint)",Mill 54-34 (-20),,"GOOD LAYUP by EVANS,CHRISTIAN(in the paint)",2
--,,,,,"ASSIST  by WILLIAMS,CAMERON",,,"ASSIST  by WILLIAMS,CAMERON",2
09:08,"GOOD LAYUP by HOOTER,DYLAN(in the paint)",56 (+22),,34,,Cent 56-34 (-22),,"GOOD LAYUP by HOOTER,DYLAN(in the paint)",2
--,"ASSIST  by BAKER,TEVIN",,,,,,,"ASSIST  by BAKER,TEVIN",2
08:53,,,,,"TURNOVER  by BROWN,BRYCE",,,"TURNOVER  by BROWN,BRYCE",2
08:53,"STEAL  by TAYLOR,JARELL",,,,,,,"STEAL  by TAYLOR,JARELL",2
08:47,"TURNOVER  by HALL,AJ",,,,,,,"TURNOVER  by HALL,AJ",2
08:47,,,,,"STEAL  by EVANS,CHRISTIAN",,,"STEAL  by EVANS,CHRISTIAN",2
08:41,,56 (+20),,36,"GOOD LAYUP by BROWN,BRYCE(fastbreak)(in the paint)",Mill 56-36 (-20),,"GOOD LAYUP by BROWN,BRYCE(fastbreak)(in the paint)",2
--,,,,,"ASSIST  by EVANS,CHRISTIAN",,,"ASSIST  by EVANS,CHRISTIAN",2
08:41,TIMEOUT 30SEC by TEAM,,,,,,,TIMEOUT 30SEC by TEAM,2
08:41,,,,,"SUB OUT by UGHOVWA,NICHOLAS",,,"SUB OUT by UGHOVWA,NICHOLAS",2
08:41,,,,,"SUB OUT by BROWN,BRYCE",,,"SUB OUT by BROWN,BRYCE",2
08:41,,,,,"SUB IN by BROWN,BROCK",,,"SUB IN by BROWN,BROCK",2
08:41,,,,,"SUB IN by URSIN,AARON",,,"SUB IN by URSIN,AARON",2
08:41,"SUB OUT by HOOTER,DYLAN",,,,,,,"SUB OUT by HOOTER,DYLAN",2
08:41,"SUB OUT by HALL,AJ",,,,,,,"SUB OUT by HALL,AJ",2
08:41,"SUB IN by WIGGINS,JOSEPH",,,,,,,"SUB IN by WIGGINS,JOSEPH",2
08:41,"SUB IN by JOHNSON,RALPH",,,,,,,"SUB IN by JOHNSON,RALPH",2
08:41,,,,,"SUB OUT by RUCKER,CAM",,,"SUB OUT by RUCKER,CAM",2
08:41,,,,,"SUB IN by STEPHEN,SETH",,,"SUB IN by STEPHEN,SETH",2
08:24,,,,,"FOUL  by RUCKER,CAM",,,"FOUL  by RUCKER,CAM",2
08:24,,,,,"FOUL TECH by RUCKER,CAM",,,"FOUL TECH by RUCKER,CAM",2
08:24,"MISS FT by BEHR,JALEN",,,,,,,"MISS FT by BEHR,JALEN",2
--,REBOUND DEADB by TEAM,,,,,,,REBOUND DEADB by TEAM,2
08:24,"MISS FT by BEHR,JALEN",,,,,,,"MISS FT by BEHR,JALEN",2
--,REBOUND DEADB by TEAM,,,,,,,REBOUND DEADB by TEAM,2
08:21,"GOOD JUMPER by TAYLOR,JARELL",58 (+22),,36,,Cent 58-36 (-22),,"GOOD JUMPER by TAYLOR,JARELL",2
--,"ASSIST  by BAKER,TEVIN",,,,,,,"ASSIST  by BAKER,TEVIN",2
08:03,,,,,"MISS 3PTR by BROWN,BROCK",,,"MISS 3PTR by BROWN,BROCK",2
--,,,,,REBOUND DEADB by TEAM,,,REBOUND DEADB by TEAM,2
07:53,,,,,"MISS JUMPER by BROWN,BROCK",,,"MISS JUMPER by BROWN,BROCK",2
--,"REBOUND DEF by WIGGINS,JOSEPH",,,,,,,"REBOUND DEF by WIGGINS,JOSEPH",2
07:53,,,,,"FOUL  by STEPHEN,SETH",,,"FOUL  by STEPHEN,SETH",2
07:53,,,,,"SUB OUT by EVANS,CHRISTIAN",,,"SUB OUT by EVANS,CHRISTIAN",2
07:53,,,,,"SUB IN by WATSON,DOUG",,,"SUB IN by WATSON,DOUG",2
07:53,"GOOD FT by WIGGINS,JOSEPH",59 (+23),,36,,Cent 59-36 (-23),,"GOOD FT by WIGGINS,JOSEPH",2
07:53,"GOOD FT by WIGGINS,JOSEPH",60 (+24),,36,,Cent 60-36 (-24),,"GOOD FT by WIGGINS,JOSEPH",2
07:38,,,,,"TURNOVER  by WATSON,DOUG",,,"TURNOVER  by WATSON,DOUG",2
07:22,,,,,"FOUL  by STEPHEN,SETH",,,"FOUL  by STEPHEN,SETH",2
07:22,"GOOD FT by TAYLOR,JARELL",61 (+25),,36,,Cent 61-36 (-25),,"GOOD FT by TAYLOR,JARELL",2
07:22,"GOOD FT by TAYLOR,JARELL",62 (+26),,36,,Cent 62-36 (-26),,"GOOD FT by TAYLOR,JARELL",2
07:22,,,,,"SUB OUT by WATSON,DOUG",,,"SUB OUT by WATSON,DOUG",2
07:22,,,,,"SUB IN by HAUPT,KYLE",,,"SUB IN by HAUPT,KYLE",2
07:04,,,,,"MISS JUMPER by WILLIAMS,CAMERON",,,"MISS JUMPER by WILLIAMS,CAMERON",2
--,,,,,"REBOUND OFF by URSIN,AARON",,,"REBOUND OFF by URSIN,AARON",2
06:58,,,,,"MISS LAYUP by URSIN,AARON(in the paint)",,,"MISS LAYUP by URSIN,AARON(in the paint)",2
06:58,"BLOCK  by WIGGINS,JOSEPH",,,,,,,"BLOCK  by WIGGINS,JOSEPH",2
--,"REBOUND DEF by TAYLOR,JARELL",,,,,,,"REBOUND DEF by TAYLOR,JARELL",2
06:50,"TURNOVER  by TAYLOR,JARELL",,,,,,,"TURNOVER  by TAYLOR,JARELL",2
06:50,,,,,"STEAL  by HAUPT,KYLE",,,"STEAL  by HAUPT,KYLE",2
06:43,,,,,"TURNOVER  by HAUPT,KYLE",,,"TURNOVER  by HAUPT,KYLE",2
06:43,"STEAL  by BEHR,JALEN",,,,,,,"STEAL  by BEHR,JALEN",2
06:27,"MISS JUMPER by TAYLOR,JARELL",,,,,,,"MISS JUMPER by TAYLOR,JARELL",2
--,"REBOUND OFF by WIGGINS,JOSEPH",,,,,,,"REBOUND OFF by WIGGINS,JOSEPH",2
06:20,"MISS LAYUP by TAYLOR,JARELL(in the paint)",,,,,,,"MISS LAYUP by TAYLOR,JARELL(in the paint)",2
--,"REBOUND OFF by JOHNSON,RALPH",,,,,,,"REBOUND OFF by JOHNSON,RALPH",2
05:57,"MISS 3PTR by BEHR,JALEN",,,,,,,"MISS 3PTR by BEHR,JALEN",2
--,"REBOUND OFF by WIGGINS,JOSEPH",,,,,,,"REBOUND OFF by WIGGINS,JOSEPH",2
05:56,,,,,"FOUL  by URSIN,AARON",,,"FOUL  by URSIN,AARON",2
05:56,"MISS FT by WIGGINS,JOSEPH",,,,,,,"MISS FT by WIGGINS,JOSEPH",2
--,REBOUND DEADB by TEAM,,,,,,,REBOUND DEADB by TEAM,2
05:56,,,,,"SUB OUT by WILLIAMS,CAMERON",,,"SUB OUT by WILLIAMS,CAMERON",2
05:56,,,,,"SUB OUT by BROWN,BROCK",,,"SUB OUT by BROWN,BROCK",2
05:56,,,,,"SUB OUT by URSIN,AARON",,,"SUB OUT by URSIN,AARON",2
05:56,,,,,"SUB IN by BROWN,BRYCE",,,"SUB IN by BROWN,BRYCE",2
05:56,,,,,"SUB IN by BASS,DEVIN",,,"SUB IN by BASS,DEVIN",2
05:56,,,,,"SUB IN by EVANS,CHRISTIAN",,,"SUB IN by EVANS,CHRISTIAN",2
05:56,"SUB OUT by TAYLOR,JARELL",,,,,,,"SUB OUT by TAYLOR,JARELL",2
05:56,"SUB IN by THOMAS,SETH",,,,,,,"SUB IN by THOMAS,SETH",2
05:56,"GOOD FT by WIGGINS,JOSEPH",63 (+27),,36,,Cent 63-36 (-27),,"GOOD FT by WIGGINS,JOSEPH",2
05:42,"FOUL  by WIGGINS,JOSEPH",,,,,,,"FOUL  by WIGGINS,JOSEPH",2
05:40,,63 (+25),,38,"GOOD LAYUP by EVANS,CHRISTIAN(in the paint)",Mill 63-38 (-25),,"GOOD LAYUP by EVANS,CHRISTIAN(in the paint)",2
05:18,"TURNOVER  by WIGGINS,JOSEPH",,,,,,,"TURNOVER  by WIGGINS,JOSEPH",2
05:18,,,,,"SUB OUT by HAUPT,KYLE",,,"SUB OUT by HAUPT,KYLE",2
05:18,,,,,"SUB IN by HOGAN,TJ",,,"SUB IN by HOGAN,TJ",2
05:18,"SUB OUT by WIGGINS,JOSEPH",,,,,,,"SUB OUT by WIGGINS,JOSEPH",2
05:18,"SUB OUT by BAKER,TEVIN",,,,,,,"SUB OUT by BAKER,TEVIN",2
05:18,"SUB IN by HOOTER,DYLAN",,,,,,,"SUB IN by HOOTER,DYLAN",2
05:18,"SUB IN by TAYLOR,JARELL",,,,,,,"SUB IN by TAYLOR,JARELL",2
04:53,,63 (+22),,41,"GOOD 3PTR by EVANS,CHRISTIAN",Mill 63-41 (-22),,"GOOD 3PTR by EVANS,CHRISTIAN",2
--,,,,,"ASSIST  by BROWN,BRYCE",,,"ASSIST  by BROWN,BRYCE",2
04:25,"GOOD LAYUP by THOMAS,SETH(in the paint)",65 (+24),,41,,Cent 65-41 (-24),,"GOOD LAYUP by THOMAS,SETH(in the paint)",2
--,"ASSIST  by HOOTER,DYLAN",,,,,,,"ASSIST  by HOOTER,DYLAN",2
03:59,,65 (+21),,44,"GOOD 3PTR by EVANS,CHRISTIAN",Mill 65-44 (-21),,"GOOD 3PTR by EVANS,CHRISTIAN",2
--,,,,,"ASSIST  by BASS,DEVIN",,,"ASSIST  by BASS,DEVIN",2
03:42,"TURNOVER  by HOOTER,DYLAN",,,,,,,"TURNOVER  by HOOTER,DYLAN",2
03:42,,,,,"STEAL  by EVANS,CHRISTIAN",,,"STEAL  by EVANS,CHRISTIAN",2
03:38,,65 (+19),,46,"GOOD LAYUP by EVANS,CHRISTIAN(fastbreak)(in the paint)",Mill 65-46 (-19),,"GOOD LAYUP by EVANS,CHRISTIAN(fastbreak)(in the paint)",2
03:38,TIMEOUT 30SEC by TEAM,,,,,,,TIMEOUT 30SEC by TEAM,2
03:38,,,,,"SUB OUT by BASS,DEVIN",,,"SUB OUT by BASS,DEVIN",2
03:38,,,,,"SUB IN by DYAS,CHANDLER",,,"SUB IN by DYAS,CHANDLER",2
03:38,"SUB OUT by HOOTER,DYLAN",,,,,,,"SUB OUT by HOOTER,DYLAN",2
03:38,"SUB IN by WIGGINS,JOSEPH",,,,,,,"SUB IN by WIGGINS,JOSEPH",2
03:21,"FOUL  by THOMAS,SETH",,,,,,,"FOUL  by THOMAS,SETH",2
03:21,"TURNOVER  by THOMAS,SETH",,,,,,,"TURNOVER  by THOMAS,SETH",2
03:21,,,,,"SUB OUT by STEPHEN,SETH",,,"SUB OUT by STEPHEN,SETH",2
03:21,,,,,"SUB IN by MCNEES,ANDREW",,,"SUB IN by MCNEES,ANDREW",2
03:05,"FOUL  by TAYLOR,JARELL",,,,,,,"FOUL  by TAYLOR,JARELL",2
03:05,"SUB OUT by THOMAS,SETH",,,,,,,"SUB OUT by THOMAS,SETH",2
03:05,"SUB IN by HALL,AJ",,,,,,,"SUB IN by HALL,AJ",2
03:04,"GOOD FT by JOHNSON,RALPH(fastbreak)",66 (+20),,46,,Cent 66-46 (-20),,"GOOD FT by JOHNSON,RALPH(fastbreak)",2
03:04,"GOOD FT by JOHNSON,RALPH(fastbreak)",67 (+21),,46,,Cent 67-46 (-21),,"GOOD FT by JOHNSON,RALPH(fastbreak)",2
03:04,,,,,"SUB OUT by BROWN,BRYCE",,,"SUB OUT by BROWN,BRYCE",2
03:04,,,,,"SUB IN by CARTER,DYLAN",,,"SUB IN by CARTER,DYLAN",2
02:50,,67 (+20),,47,"GOOD FT by MCNEES,ANDREW",Mill 67-47 (-20),,"GOOD FT by MCNEES,ANDREW",2
02:50,,67 (+19),,48,"GOOD FT by MCNEES,ANDREW",Mill 67-48 (-19),,"GOOD FT by MCNEES,ANDREW",2
02:50,,,,,"FOUL  by MCNEES,ANDREW",,,"FOUL  by MCNEES,ANDREW",2
02:34,,,,,"MISS 3PTR by CARTER,DYLAN",,,"MISS 3PTR by CARTER,DYLAN",2
02:34,,,,,"SUB OUT by CARTER,DYLAN",,,"SUB OUT by CARTER,DYLAN",2
02:34,,,,,"SUB IN by BROWN,BRYCE",,,"SUB IN by BROWN,BRYCE",2
--,"REBOUND DEF by TAYLOR,JARELL",,,,,,,"REBOUND DEF by TAYLOR,JARELL",2
02:24,"GOOD 3PTR by TAYLOR,JARELL",70 (+22),,48,,Cent 70-48 (-22),,"GOOD 3PTR by TAYLOR,JARELL",2
--,"ASSIST  by HALL,AJ",,,,,,,"ASSIST  by HALL,AJ",2
01:57,,,,,"TURNOVER  by HOGAN,TJ",,,"TURNOVER  by HOGAN,TJ",2
01:57,"STEAL  by WIGGINS,JOSEPH",,,,,,,"STEAL  by WIGGINS,JOSEPH",2
01:52,"GOOD 3PTR by HALL,AJ(fastbreak)",73 (+25),,48,,Cent 73-48 (-25),,"GOOD 3PTR by HALL,AJ(fastbreak)",2
--,"ASSIST  by WIGGINS,JOSEPH",,,,,,,"ASSIST  by WIGGINS,JOSEPH",2
01:44,,,,,"TURNOVER  by BROWN,BRYCE",,,"TURNOVER  by BROWN,BRYCE",2
01:44,"STEAL  by BEHR,JALEN",,,,,,,"STEAL  by BEHR,JALEN",2
01:40,TIMEOUT 30SEC by TEAM,,,,,,,TIMEOUT 30SEC by TEAM,2
01:40,,,,,"SUB OUT by EVANS,CHRISTIAN",,,"SUB OUT by EVANS,CHRISTIAN",2
01:40,"SUB OUT by WIGGINS,JOSEPH",,,,,,,"SUB OUT by WIGGINS,JOSEPH",2
01:40,"SUB OUT by BEHR,JALEN",,,,,,,"SUB OUT by BEHR,JALEN",2
01:40,"SUB OUT by JOHNSON,RALPH",,,,,,,"SUB OUT by JOHNSON,RALPH",2
01:40,"SUB OUT by TAYLOR,JARELL",,,,,,,"SUB OUT by TAYLOR,JARELL",2
01:40,"SUB IN by HARRIS,COBY",,,,,,,"SUB IN by HARRIS,COBY",2
01:40,"SUB IN by WASHINGTON,TRENT",,,,,,,"SUB IN by WASHINGTON,TRENT",2
01:40,"SUB IN by YOUNG,DREW",,,,,,,"SUB IN by YOUNG,DREW",2
01:40,"SUB IN by MINGO,KILE",,,,,,,"SUB IN by MINGO,KILE",2
01:40,,,,,"SUB IN by CARTER,DYLAN",,,"SUB IN by CARTER,DYLAN",2
01:22,"MISS 3PTR by MINGO,KILE",,,,,,,"MISS 3PTR by MINGO,KILE",2
01:20,,,,,"SUB OUT by BROWN,BRYCE",,,"SUB OUT by BROWN,BRYCE",2
01:20,,,,,"SUB OUT by HOGAN,TJ",,,"SUB OUT by HOGAN,TJ",2
01:20,,,,,"SUB IN by HAUPT,KYLE",,,"SUB IN by HAUPT,KYLE",2
01:20,,,,,"SUB IN by SMITH,JAYLEN",,,"SUB IN by SMITH,JAYLEN",2
01:20,"SUB OUT by HALL,AJ",,,,,,,"SUB OUT by HALL,AJ",2
01:20,"SUB IN by CORMIER,ANTONIO",,,,,,,"SUB IN by CORMIER,ANTONIO",2
--,REBOUND DEADB by TEAM,,,,,,,REBOUND DEADB by TEAM,2
01:05,"MISS LAYUP by HARRIS,COBY(in the paint)",,,,,,,"MISS LAYUP by HARRIS,COBY(in the paint)",2
--,"REBOUND OFF by YOUNG,DREW",,,,,,,"REBOUND OFF by YOUNG,DREW",2
01:00,"TURNOVER  by YOUNG,DREW",,,,,,,"TURNOVER  by YOUNG,DREW",2
01:00,,,,,"STEAL  by HAUPT,KYLE",,,"STEAL  by HAUPT,KYLE",2
00:48,,73 (+23),,50,"GOOD JUMPER by MCNEES,ANDREW",Mill 73-50 (-23),,"GOOD JUMPER by MCNEES,ANDREW",2
00:48,"FOUL  by HARRIS,COBY",,,,,,,"FOUL  by HARRIS,COBY",2
00:48,,,,,"MISS FT by MCNEES,ANDREW",,,"MISS FT by MCNEES,ANDREW",2
--,"REBOUND DEF by MINGO,KILE",,,,,,,"REBOUND DEF by MINGO,KILE",2
00:31,"MISS 3PTR by MINGO,KILE",,,,,,,"MISS 3PTR by MINGO,KILE",2
--,,,,,"REBOUND DEF by DYAS,CHANDLER",,,"REBOUND DEF by DYAS,CHANDLER",2
00:18,,,,,"MISS 3PTR by DYAS,CHANDLER",,,"MISS 3PTR by DYAS,CHANDLER",2
--,"REBOUND DEF by CORMIER,ANTONIO",,,,,,,"REBOUND DEF by CORMIER,ANTONIO",2
