Time Remaining,HC,Away Team Score,Play Team Indicator,Home Team Score,MILLSAPS,Game Score,Team Indicator,Play,Period
19:39,,,,,"MISS 3PTR by MOORE,MYLES",,,"MISS 3PTR by MOORE,MYLES",1
--,"REBOUND DEF by VANCE,LUKE",,,,,,,"REBOUND DEF by VANCE,LUKE",1
19:19,"GOOD 3PTR by NIKOLOVSKI,DREW",3 (+3),,0,,HC 3-0 (-3),,"GOOD 3PTR by NIKOLOVSKI,DREW",1
--,"ASSIST  by GUMM,GABE",,,,,,,"ASSIST  by GUMM,GABE",1
18:50,,,,,"MISS JUMPER by GERCHOW,ALEX",,,"MISS JUMPER by GERCHOW,ALEX",1
--,,,,,"REBOUND OFF by MCSWAIN,JOSH",,,"REBOUND OFF by MCSWAIN,JOSH",1
18:47,,,,,"TURNOVER  by MCSWAIN,JOSH",,,"TURNOVER  by MCSWAIN,JOSH",1
18:42,"STEAL  by ALDOUS,HANK",,,,,,,"STEAL  by ALDOUS,HANK",1
18:41,"TURNOVER  by ALDOUS,HANK",,,,,,,"TURNOVER  by ALDOUS,HANK",1
18:13,,,,,"MISS 3PTR by ROBERTSON,MARC",,,"MISS 3PTR by ROBERTSON,MARC",1
--,"REBOUND DEF by VANCE,LUKE",,,,,,,"REBOUND DEF by VANCE,LUKE",1
17:56,"MISS 3PTR by NIKOLOVSKI,DREW",,,,,,,"MISS 3PTR by NIKOLOVSKI,DREW",1
--,,,,,REBOUND DEADB by TEAM,,,REBOUND DEADB by TEAM,1
17:49,"FOUL  by CONARD,ALEC",,,,,,,"FOUL  by CONARD,ALEC",1
17:38,,,,,"MISS JUMPER by MCSWAIN,JOSH",,,"MISS JUMPER by MCSWAIN,JOSH",1
--,,,,,"REBOUND OFF by MOORE,MYLES",,,"REBOUND OFF by MOORE,MYLES",1
17:34,,3 (+1),,2,"GOOD LAYUP by MOORE,MYLES(in the paint)",MILLSAPS 3-2 (-1),,"GOOD LAYUP by MOORE,MYLES(in the paint)",1
17:15,"TURNOVER  by VANCE,LUKE",,,,,,,"TURNOVER  by VANCE,LUKE",1
16:54,,3,,4 (+1),"GOOD JUMPER by MCSWAIN,JOSH",MILLSAPS 3-4 (+1),,"GOOD JUMPER by MCSWAIN,JOSH",1
--,,,,,"ASSIST  by AUBERT,DUSTIN",,,"ASSIST  by AUBERT,DUSTIN",1
16:35,"TURNOVER  by GUMM,GABE",,,,,,,"TURNOVER  by GUMM,GABE",1
16:13,,3,,6 (+3),"GOOD JUMPER by GERCHOW,ALEX",MILLSAPS 3-6 (+3),,"GOOD JUMPER by GERCHOW,ALEX",1
--,,,,,"ASSIST  by ROBERTSON,MARC",,,"ASSIST  by ROBERTSON,MARC",1
15:57,,,,,"FOUL  by GERCHOW,ALEX",,,"FOUL  by GERCHOW,ALEX",1
15:57,"MISS FT by VANCE,LUKE",,,,,,,"MISS FT by VANCE,LUKE",1
--,REBOUND DEADB by TEAM,,,,,,,REBOUND DEADB by TEAM,1
15:57,"GOOD FT by VANCE,LUKE",4,,6 (+2),,HC 4-6 (+2),,"GOOD FT by VANCE,LUKE",1
15:44,"FOUL  by CONARD,ALEC",,,,,,,"FOUL  by CONARD,ALEC",1
15:44,"SUB IN by OGLE,JOHN",,,,,,,"SUB IN by OGLE,JOHN",1
15:44,"SUB OUT by CONARD,ALEC",,,,,,,"SUB OUT by CONARD,ALEC",1
15:38,,4,,8 (+4),"GOOD JUMPER by MCSWAIN,JOSH",MILLSAPS 4-8 (+4),,"GOOD JUMPER by MCSWAIN,JOSH",1
--,,,,,"ASSIST  by GERCHOW,ALEX",,,"ASSIST  by GERCHOW,ALEX",1
15:22,,,,,"FOUL  by GERCHOW,ALEX",,,"FOUL  by GERCHOW,ALEX",1
15:22,,,,,"SUB IN by GAGEN,BRENNAN",,,"SUB IN by GAGEN,BRENNAN",1
15:22,,,,,"SUB OUT by GERCHOW,ALEX",,,"SUB OUT by GERCHOW,ALEX",1
15:19,"MISS 3PTR by ALDOUS,HANK",,,,,,,"MISS 3PTR by ALDOUS,HANK",1
--,,,,,"REBOUND DEF by ROBERTSON,MARC",,,"REBOUND DEF by ROBERTSON,MARC",1
15:15,,,,,"TURNOVER  by ROBERTSON,MARC",,,"TURNOVER  by ROBERTSON,MARC",1
15:14,"STEAL  by OGLE,JOHN",,,,,,,"STEAL  by OGLE,JOHN",1
15:12,"TURNOVER  by OGLE,JOHN",,,,,,,"TURNOVER  by OGLE,JOHN",1
15:11,,,,,"STEAL  by AUBERT,DUSTIN",,,"STEAL  by AUBERT,DUSTIN",1
15:06,,4,,10 (+6),"GOOD JUMPER by GAGEN,BRENNAN(fastbreak)(in the paint)",MILLSAPS 4-10 (+6),,"GOOD JUMPER by GAGEN,BRENNAN(fastbreak)(in the paint)",1
--,,,,,"ASSIST  by AUBERT,DUSTIN",,,"ASSIST  by AUBERT,DUSTIN",1
14:41,,,,,"SUB IN by DETILLIEU,RYAN",,,"SUB IN by DETILLIEU,RYAN",1
14:41,,,,,"SUB OUT by AUBERT,DUSTIN",,,"SUB OUT by AUBERT,DUSTIN",1
14:29,"TURNOVER  by ALDOUS,HANK",,,,,,,"TURNOVER  by ALDOUS,HANK",1
14:29,"SUB IN by BARRETT,JORDAN",,,,,,,"SUB IN by BARRETT,JORDAN",1
14:29,"SUB OUT by ALDOUS,HANK",,,,,,,"SUB OUT by ALDOUS,HANK",1
14:29,,,,,"SUB IN by MANCUSO,LOGAN",,,"SUB IN by MANCUSO,LOGAN",1
14:29,,,,,"SUB IN by PRATER,DALLAS",,,"SUB IN by PRATER,DALLAS",1
14:29,,,,,"SUB OUT by MCSWAIN,JOSH",,,"SUB OUT by MCSWAIN,JOSH",1
14:29,,,,,"SUB OUT by ROBERTSON,MARC",,,"SUB OUT by ROBERTSON,MARC",1
14:06,,4,,12 (+8),"GOOD LAYUP by MOORE,MYLES(in the paint)",MILLSAPS 4-12 (+8),,"GOOD LAYUP by MOORE,MYLES(in the paint)",1
13:58,TIMEOUT 30SEC by TEAM,,,,,,,TIMEOUT 30SEC by TEAM,1
13:29,"MISS LAYUP by BARRETT,JORDAN",,,,,,,"MISS LAYUP by BARRETT,JORDAN",1
--,"REBOUND OFF by NIKOLOVSKI,DREW",,,,,,,"REBOUND OFF by NIKOLOVSKI,DREW",1
13:17,,,,,"FOUL  by MANCUSO,LOGAN",,,"FOUL  by MANCUSO,LOGAN",1
13:06,"TURNOVER  by BARRETT,JORDAN",,,,,,,"TURNOVER  by BARRETT,JORDAN",1
12:52,"FOUL  by NIKOLOVSKI,DREW",,,,,,,"FOUL  by NIKOLOVSKI,DREW",1
12:52,,4,,13 (+9),"GOOD FT by PRATER,DALLAS",MILLSAPS 4-13 (+9),,"GOOD FT by PRATER,DALLAS",1
12:52,,4,,14 (+10),"GOOD FT by PRATER,DALLAS",MILLSAPS 4-14 (+10),,"GOOD FT by PRATER,DALLAS",1
12:52,"SUB IN by GARRETT,TRAVIS",,,,,,,"SUB IN by GARRETT,TRAVIS",1
12:52,"SUB OUT by NIKOLOVSKI,DREW",,,,,,,"SUB OUT by NIKOLOVSKI,DREW",1
12:37,"TURNOVER  by OGLE,JOHN",,,,,,,"TURNOVER  by OGLE,JOHN",1
12:34,,,,,"STEAL  by MOORE,MYLES",,,"STEAL  by MOORE,MYLES",1
12:31,,,,,"TURNOVER  by MOORE,MYLES",,,"TURNOVER  by MOORE,MYLES",1
12:30,"STEAL  by VANCE,LUKE",,,,,,,"STEAL  by VANCE,LUKE",1
12:11,"MISS 3PTR by GARRETT,TRAVIS",,,,,,,"MISS 3PTR by GARRETT,TRAVIS",1
--,,,,,REBOUND DEF by TEAM,,,REBOUND DEF by TEAM,1
11:51,"FOUL  by BARRETT,JORDAN",,,,,,,"FOUL  by BARRETT,JORDAN",1
11:51,,4,,15 (+11),"GOOD FT by MOORE,MYLES",MILLSAPS 4-15 (+11),,"GOOD FT by MOORE,MYLES",1
11:51,,4,,16 (+12),"GOOD FT by MOORE,MYLES",MILLSAPS 4-16 (+12),,"GOOD FT by MOORE,MYLES",1
11:51,,,,,"SUB IN by ATKINSON,QUINN",,,"SUB IN by ATKINSON,QUINN",1
11:51,,,,,"SUB OUT by MOORE,MYLES",,,"SUB OUT by MOORE,MYLES",1
11:41,"GOOD JUMPER by GUMM,GABE",6,,16 (+10),,HC 6-16 (+10),,"GOOD JUMPER by GUMM,GABE",1
11:34,,,,,"TURNOVER  by GAGEN,BRENNAN",,,"TURNOVER  by GAGEN,BRENNAN",1
11:28,"TURNOVER  by GUMM,GABE",,,,,,,"TURNOVER  by GUMM,GABE",1
11:28,"FOUL  by GUMM,GABE",,,,,,,"FOUL  by GUMM,GABE",1
11:12,,,,,"MISS LAYUP by PRATER,DALLAS",,,"MISS LAYUP by PRATER,DALLAS",1
--,"REBOUND DEF by OGLE,JOHN",,,,,,,"REBOUND DEF by OGLE,JOHN",1
11:04,,,,,"FOUL  by DETILLIEU,RYAN",,,"FOUL  by DETILLIEU,RYAN",1
11:03,"GOOD LAYUP by OGLE,JOHN(in the paint)",8,,16 (+8),,HC 8-16 (+8),,"GOOD LAYUP by OGLE,JOHN(in the paint)",1
--,"ASSIST  by GUMM,GABE",,,,,,,"ASSIST  by GUMM,GABE",1
11:03,,,,,"FOUL  by GAGEN,BRENNAN",,,"FOUL  by GAGEN,BRENNAN",1
11:03,"MISS FT by OGLE,JOHN",,,,,,,"MISS FT by OGLE,JOHN",1
--,,,,,"REBOUND DEF by ATKINSON,QUINN",,,"REBOUND DEF by ATKINSON,QUINN",1
10:43,,8,,18 (+10),"GOOD LAYUP by ATKINSON,QUINN(in the paint)",MILLSAPS 8-18 (+10),,"GOOD LAYUP by ATKINSON,QUINN(in the paint)",1
10:24,"MISS JUMPER by OGLE,JOHN",,,,,,,"MISS JUMPER by OGLE,JOHN",1
--,,,,,"REBOUND DEF by MANCUSO,LOGAN",,,"REBOUND DEF by MANCUSO,LOGAN",1
10:08,,,,,"TURNOVER  by GAGEN,BRENNAN",,,"TURNOVER  by GAGEN,BRENNAN",1
10:07,"STEAL  by BARRETT,JORDAN",,,,,,,"STEAL  by BARRETT,JORDAN",1
10:03,"TURNOVER  by GARRETT,TRAVIS",,,,,,,"TURNOVER  by GARRETT,TRAVIS",1
10:03,"SUB IN by ALDOUS,HANK",,,,,,,"SUB IN by ALDOUS,HANK",1
10:03,"SUB OUT by GUMM,GABE",,,,,,,"SUB OUT by GUMM,GABE",1
10:03,,,,,"SUB IN by MOORE,MYLES",,,"SUB IN by MOORE,MYLES",1
10:03,,,,,"SUB IN by AUBERT,DUSTIN",,,"SUB IN by AUBERT,DUSTIN",1
10:03,,,,,"SUB IN by MCSWAIN,JOSH",,,"SUB IN by MCSWAIN,JOSH",1
10:03,,,,,"SUB OUT by PRATER,DALLAS",,,"SUB OUT by PRATER,DALLAS",1
10:03,,,,,"SUB OUT by DETILLIEU,RYAN",,,"SUB OUT by DETILLIEU,RYAN",1
10:03,,,,,"SUB OUT by MANCUSO,LOGAN",,,"SUB OUT by MANCUSO,LOGAN",1
09:49,,8,,20 (+12),"GOOD LAYUP by ATKINSON,QUINN(in the paint)",MILLSAPS 8-20 (+12),,"GOOD LAYUP by ATKINSON,QUINN(in the paint)",1
09:15,"MISS 3PTR by BARRETT,JORDAN",,,,,,,"MISS 3PTR by BARRETT,JORDAN",1
--,"REBOUND OFF by VANCE,LUKE",,,,,,,"REBOUND OFF by VANCE,LUKE",1
09:09,"MISS LAYUP by VANCE,LUKE",,,,,,,"MISS LAYUP by VANCE,LUKE",1
--,,,,,REBOUND DEF by TEAM,,,REBOUND DEF by TEAM,1
09:06,"SUB IN by NIKOLOVSKI,DREW",,,,,,,"SUB IN by NIKOLOVSKI,DREW",1
09:06,"SUB OUT by GARRETT,TRAVIS",,,,,,,"SUB OUT by GARRETT,TRAVIS",1
08:40,,,,,"FOUL  by AUBERT,DUSTIN",,,"FOUL  by AUBERT,DUSTIN",1
08:40,,,,,"TURNOVER  by AUBERT,DUSTIN",,,"TURNOVER  by AUBERT,DUSTIN",1
08:18,"GOOD LAYUP by BARRETT,JORDAN(in the paint)",10,,20 (+10),,HC 10-20 (+10),,"GOOD LAYUP by BARRETT,JORDAN(in the paint)",1
08:03,"FOUL  by ALDOUS,HANK",,,,,,,"FOUL  by ALDOUS,HANK",1
08:03,"SUB IN by LITTLEFIELD,GEAREN",,,,,,,"SUB IN by LITTLEFIELD,GEAREN",1
08:03,"SUB IN by GUMM,GABE",,,,,,,"SUB IN by GUMM,GABE",1
08:03,"SUB OUT by VANCE,LUKE",,,,,,,"SUB OUT by VANCE,LUKE",1
08:03,"SUB OUT by ALDOUS,HANK",,,,,,,"SUB OUT by ALDOUS,HANK",1
07:49,,,,,"MISS JUMPER by MCSWAIN,JOSH",,,"MISS JUMPER by MCSWAIN,JOSH",1
--,"REBOUND DEF by OGLE,JOHN",,,,,,,"REBOUND DEF by OGLE,JOHN",1
07:27,"GOOD JUMPER by OGLE,JOHN",12,,20 (+8),,HC 12-20 (+8),,"GOOD JUMPER by OGLE,JOHN",1
--,"ASSIST  by GUMM,GABE",,,,,,,"ASSIST  by GUMM,GABE",1
07:06,,,,,"TURNOVER  by ATKINSON,QUINN",,,"TURNOVER  by ATKINSON,QUINN",1
07:05,"STEAL  by OGLE,JOHN",,,,,,,"STEAL  by OGLE,JOHN",1
06:50,"MISS LAYUP by BARRETT,JORDAN",,,,,,,"MISS LAYUP by BARRETT,JORDAN",1
--,"REBOUND OFF by LITTLEFIELD,GEAREN",,,,,,,"REBOUND OFF by LITTLEFIELD,GEAREN",1
06:47,"GOOD LAYUP by LITTLEFIELD,GEAREN(in the paint)",14,,20 (+6),,HC 14-20 (+6),,"GOOD LAYUP by LITTLEFIELD,GEAREN(in the paint)",1
06:45,,,,,TIMEOUT 30SEC by TEAM,,,TIMEOUT 30SEC by TEAM,1
06:33,"FOUL  by BARRETT,JORDAN",,,,,,,"FOUL  by BARRETT,JORDAN",1
06:33,,14,,21 (+7),"GOOD FT by MOORE,MYLES",MILLSAPS 14-21 (+7),,"GOOD FT by MOORE,MYLES",1
06:33,,14,,22 (+8),"GOOD FT by MOORE,MYLES",MILLSAPS 14-22 (+8),,"GOOD FT by MOORE,MYLES",1
06:33,"SUB IN by ALDOUS,HANK",,,,,,,"SUB IN by ALDOUS,HANK",1
06:33,"SUB OUT by BARRETT,JORDAN",,,,,,,"SUB OUT by BARRETT,JORDAN",1
06:33,,,,,"SUB IN by ROBERTSON,MARC",,,"SUB IN by ROBERTSON,MARC",1
06:33,,,,,"SUB OUT by ATKINSON,QUINN",,,"SUB OUT by ATKINSON,QUINN",1
06:08,"MISS 3PTR by NIKOLOVSKI,DREW",,,,,,,"MISS 3PTR by NIKOLOVSKI,DREW",1
--,,,,,"REBOUND DEF by AUBERT,DUSTIN",,,"REBOUND DEF by AUBERT,DUSTIN",1
05:49,,14,,24 (+10),"GOOD JUMPER by MCSWAIN,JOSH",MILLSAPS 14-24 (+10),,"GOOD JUMPER by MCSWAIN,JOSH",1
--,,,,,"ASSIST  by AUBERT,DUSTIN",,,"ASSIST  by AUBERT,DUSTIN",1
05:29,,,,,"FOUL  by MCSWAIN,JOSH",,,"FOUL  by MCSWAIN,JOSH",1
05:29,"MISS FT by ALDOUS,HANK",,,,,,,"MISS FT by ALDOUS,HANK",1
--,REBOUND DEADB by TEAM,,,,,,,REBOUND DEADB by TEAM,1
05:29,"GOOD FT by ALDOUS,HANK",15,,24 (+9),,HC 15-24 (+9),,"GOOD FT by ALDOUS,HANK",1
05:29,"SUB IN by VANCE,LUKE",,,,,,,"SUB IN by VANCE,LUKE",1
05:29,"SUB OUT by LITTLEFIELD,GEAREN",,,,,,,"SUB OUT by LITTLEFIELD,GEAREN",1
05:15,,,,,"MISS JUMPER by MCSWAIN,JOSH",,,"MISS JUMPER by MCSWAIN,JOSH",1
--,,,,,"REBOUND OFF by ROBERTSON,MARC",,,"REBOUND OFF by ROBERTSON,MARC",1
04:58,,,,,"MISS LAYUP by AUBERT,DUSTIN",,,"MISS LAYUP by AUBERT,DUSTIN",1
--,"REBOUND DEF by ALDOUS,HANK",,,,,,,"REBOUND DEF by ALDOUS,HANK",1
04:44,,,,,"FOUL  by MCSWAIN,JOSH",,,"FOUL  by MCSWAIN,JOSH",1
04:44,"MISS FT by VANCE,LUKE",,,,,,,"MISS FT by VANCE,LUKE",1
--,"REBOUND OFF by OGLE,JOHN",,,,,,,"REBOUND OFF by OGLE,JOHN",1
04:44,,,,,"SUB IN by MANCUSO,LOGAN",,,"SUB IN by MANCUSO,LOGAN",1
04:44,,,,,"SUB IN by DETILLIEU,RYAN",,,"SUB IN by DETILLIEU,RYAN",1
04:44,,,,,"SUB OUT by MCSWAIN,JOSH",,,"SUB OUT by MCSWAIN,JOSH",1
04:44,,,,,"SUB OUT by AUBERT,DUSTIN",,,"SUB OUT by AUBERT,DUSTIN",1
04:43,"TURNOVER  by OGLE,JOHN",,,,,,,"TURNOVER  by OGLE,JOHN",1
04:37,,,,,"TURNOVER  by MOORE,MYLES",,,"TURNOVER  by MOORE,MYLES",1
04:17,"GOOD JUMPER by ALDOUS,HANK(in the paint)",17,,24 (+7),,HC 17-24 (+7),,"GOOD JUMPER by ALDOUS,HANK(in the paint)",1
04:01,,,,,"MISS JUMPER by MANCUSO,LOGAN",,,"MISS JUMPER by MANCUSO,LOGAN",1
--,"REBOUND DEF by OGLE,JOHN",,,,,,,"REBOUND DEF by OGLE,JOHN",1
03:49,"TURNOVER  by NIKOLOVSKI,DREW",,,,,,,"TURNOVER  by NIKOLOVSKI,DREW",1
03:48,,,,,"STEAL  by MANCUSO,LOGAN",,,"STEAL  by MANCUSO,LOGAN",1
03:29,,,,,"MISS 3PTR by DETILLIEU,RYAN",,,"MISS 3PTR by DETILLIEU,RYAN",1
--,,,,,"REBOUND OFF by MANCUSO,LOGAN",,,"REBOUND OFF by MANCUSO,LOGAN",1
03:26,,,,,"MISS LAYUP by MANCUSO,LOGAN",,,"MISS LAYUP by MANCUSO,LOGAN",1
--,,,,,"REBOUND OFF by MANCUSO,LOGAN",,,"REBOUND OFF by MANCUSO,LOGAN",1
03:19,,17,,26 (+9),"GOOD LAYUP by MANCUSO,LOGAN(in the paint)",MILLSAPS 17-26 (+9),,"GOOD LAYUP by MANCUSO,LOGAN(in the paint)",1
03:02,"MISS 3PTR by NIKOLOVSKI,DREW",,,,,,,"MISS 3PTR by NIKOLOVSKI,DREW",1
--,"REBOUND OFF by VANCE,LUKE",,,,,,,"REBOUND OFF by VANCE,LUKE",1
02:57,"GOOD 3PTR by ALDOUS,HANK",20,,26 (+6),,HC 20-26 (+6),,"GOOD 3PTR by ALDOUS,HANK",1
--,"ASSIST  by VANCE,LUKE",,,,,,,"ASSIST  by VANCE,LUKE",1
02:32,,,,,"MISS 3PTR by DETILLIEU,RYAN",,,"MISS 3PTR by DETILLIEU,RYAN",1
--,"REBOUND DEF by ALDOUS,HANK",,,,,,,"REBOUND DEF by ALDOUS,HANK",1
02:20,"MISS 3PTR by GUMM,GABE",,,,,,,"MISS 3PTR by GUMM,GABE",1
--,,,,,"REBOUND DEF by GAGEN,BRENNAN",,,"REBOUND DEF by GAGEN,BRENNAN",1
01:53,,20,,29 (+9),"GOOD 3PTR by ROBERTSON,MARC",MILLSAPS 20-29 (+9),,"GOOD 3PTR by ROBERTSON,MARC",1
--,,,,,"ASSIST  by DETILLIEU,RYAN",,,"ASSIST  by DETILLIEU,RYAN",1
01:32,"GOOD JUMPER by GUMM,GABE",22,,29 (+7),,HC 22-29 (+7),,"GOOD JUMPER by GUMM,GABE",1
00:53,,,,,"MISS 3PTR by GAGEN,BRENNAN",,,"MISS 3PTR by GAGEN,BRENNAN",1
--,"REBOUND DEF by ALDOUS,HANK",,,,,,,"REBOUND DEF by ALDOUS,HANK",1
00:47,"MISS LAYUP by ALDOUS,HANK",,,,,,,"MISS LAYUP by ALDOUS,HANK",1
--,,,,,"REBOUND DEF by MANCUSO,LOGAN",,,"REBOUND DEF by MANCUSO,LOGAN",1
00:43,"FOUL  by VANCE,LUKE",,,,,,,"FOUL  by VANCE,LUKE",1
00:43,,22,,30 (+8),"GOOD FT by GAGEN,BRENNAN",MILLSAPS 22-30 (+8),,"GOOD FT by GAGEN,BRENNAN",1
00:43,,22,,31 (+9),"GOOD FT by GAGEN,BRENNAN",MILLSAPS 22-31 (+9),,"GOOD FT by GAGEN,BRENNAN",1
00:43,"SUB IN by LITTLEFIELD,GEAREN",,,,,,,"SUB IN by LITTLEFIELD,GEAREN",1
00:43,"SUB OUT by OGLE,JOHN",,,,,,,"SUB OUT by OGLE,JOHN",1
00:43,,,,,"SUB IN by HANSTAD,RAJAN",,,"SUB IN by HANSTAD,RAJAN",1
00:43,,,,,"SUB IN by PRATER,DALLAS",,,"SUB IN by PRATER,DALLAS",1
00:43,,,,,"SUB OUT by MOORE,MYLES",,,"SUB OUT by MOORE,MYLES",1
00:43,,,,,"SUB OUT by ROBERTSON,MARC",,,"SUB OUT by ROBERTSON,MARC",1
00:32,"GOOD JUMPER by GUMM,GABE",24,,31 (+7),,HC 24-31 (+7),,"GOOD JUMPER by GUMM,GABE",1
00:03,,,,,"MISS LAYUP by PRATER,DALLAS",,,"MISS LAYUP by PRATER,DALLAS",1
--,"REBOUND DEF by ALDOUS,HANK",,,,,,,"REBOUND DEF by ALDOUS,HANK",1
00:00,"MISS 3PTR by ALDOUS,HANK",,,,,,,"MISS 3PTR by ALDOUS,HANK",1
--,,,,,REBOUND DEF by TEAM,,,REBOUND DEF by TEAM,1
19:48,"MISS 3PTR by NIKOLOVSKI,DREW",,,,,,,"MISS 3PTR by NIKOLOVSKI,DREW",2
--,,,,,REBOUND DEF by TEAM,,,REBOUND DEF by TEAM,2
19:21,,,,,"TURNOVER  by MCSWAIN,JOSH",,,"TURNOVER  by MCSWAIN,JOSH",2
18:55,"TURNOVER  by ALDOUS,HANK",,,,,,,"TURNOVER  by ALDOUS,HANK",2
18:55,"SUB IN by GARRETT,TRAVIS",,,,,,,"SUB IN by GARRETT,TRAVIS",2
18:55,"SUB OUT by NIKOLOVSKI,DREW",,,,,,,"SUB OUT by NIKOLOVSKI,DREW",2
18:38,,24,,33 (+9),"GOOD JUMPER by ROBERTSON,MARC",MILLSAPS 24-33 (+9),,"GOOD JUMPER by ROBERTSON,MARC",2
18:13,"MISS JUMPER by ALDOUS,HANK",,,,,,,"MISS JUMPER by ALDOUS,HANK",2
--,,,,,"REBOUND DEF by ROBERTSON,MARC",,,"REBOUND DEF by ROBERTSON,MARC",2
17:50,,24,,35 (+11),"GOOD JUMPER by AUBERT,DUSTIN(in the paint)",MILLSAPS 24-35 (+11),,"GOOD JUMPER by AUBERT,DUSTIN(in the paint)",2
17:41,TIMEOUT TEAM by TEAM,,,,,,,TIMEOUT TEAM by TEAM,2
17:38,"MISS LAYUP by ALDOUS,HANK",,,,,,,"MISS LAYUP by ALDOUS,HANK",2
--,,,,,"REBOUND DEF by MOORE,MYLES",,,"REBOUND DEF by MOORE,MYLES",2
17:13,"FOUL  by CONARD,ALEC",,,,,,,"FOUL  by CONARD,ALEC",2
17:13,,24,,36 (+12),"GOOD FT by MCSWAIN,JOSH",MILLSAPS 24-36 (+12),,"GOOD FT by MCSWAIN,JOSH",2
17:13,,24,,37 (+13),"GOOD FT by MCSWAIN,JOSH",MILLSAPS 24-37 (+13),,"GOOD FT by MCSWAIN,JOSH",2
17:13,"SUB IN by OGLE,JOHN",,,,,,,"SUB IN by OGLE,JOHN",2
17:13,"SUB IN by BARRETT,JORDAN",,,,,,,"SUB IN by BARRETT,JORDAN",2
17:13,"SUB OUT by CONARD,ALEC",,,,,,,"SUB OUT by CONARD,ALEC",2
17:13,"SUB OUT by ALDOUS,HANK",,,,,,,"SUB OUT by ALDOUS,HANK",2
16:55,"GOOD LAYUP by VANCE,LUKE(in the paint)",26,,37 (+11),,HC 26-37 (+11),,"GOOD LAYUP by VANCE,LUKE(in the paint)",2
--,"ASSIST  by GUMM,GABE",,,,,,,"ASSIST  by GUMM,GABE",2
16:33,,,,,"MISS JUMPER by MOORE,MYLES",,,"MISS JUMPER by MOORE,MYLES",2
--,,,,,REBOUND OFF by TEAM,,,REBOUND OFF by TEAM,2
16:07,,,,,"MISS JUMPER by ROBERTSON,MARC",,,"MISS JUMPER by ROBERTSON,MARC",2
--,"REBOUND DEF by OGLE,JOHN",,,,,,,"REBOUND DEF by OGLE,JOHN",2
16:05,,,,,"FOUL  by MCSWAIN,JOSH",,,"FOUL  by MCSWAIN,JOSH",2
15:51,"MISS LAYUP by BARRETT,JORDAN",,,,,,,"MISS LAYUP by BARRETT,JORDAN",2
--,REBOUND OFF by TEAM,,,,,,,REBOUND OFF by TEAM,2
15:47,,,,,"SUB IN by ATKINSON,QUINN",,,"SUB IN by ATKINSON,QUINN",2
15:47,,,,,"SUB IN by GAGEN,BRENNAN",,,"SUB IN by GAGEN,BRENNAN",2
15:47,,,,,"SUB IN by DETILLIEU,RYAN",,,"SUB IN by DETILLIEU,RYAN",2
15:47,,,,,"SUB OUT by MCSWAIN,JOSH",,,"SUB OUT by MCSWAIN,JOSH",2
15:47,,,,,"SUB OUT by MOORE,MYLES",,,"SUB OUT by MOORE,MYLES",2
15:47,,,,,"SUB OUT by AUBERT,DUSTIN",,,"SUB OUT by AUBERT,DUSTIN",2
15:45,"TURNOVER  by GUMM,GABE",,,,,,,"TURNOVER  by GUMM,GABE",2
15:30,,,,,"STEAL  by GAGEN,BRENNAN",,,"STEAL  by GAGEN,BRENNAN",2
15:15,"SUB IN by ALDOUS,HANK",,,,,,,"SUB IN by ALDOUS,HANK",2
15:15,"SUB OUT by GUMM,GABE",,,,,,,"SUB OUT by GUMM,GABE",2
15:00,,26,,39 (+13),"GOOD JUMPER by DETILLIEU,RYAN",MILLSAPS 26-39 (+13),,"GOOD JUMPER by DETILLIEU,RYAN",2
14:40,"MISS 3PTR by GUMM,GABE",,,,,,,"MISS 3PTR by GUMM,GABE",2
--,,,,,"REBOUND DEF by ROBERTSON,MARC",,,"REBOUND DEF by ROBERTSON,MARC",2
14:26,"FOUL  by GUMM,GABE",,,,,,,"FOUL  by GUMM,GABE",2
14:26,,26,,40 (+14),"GOOD FT by DETILLIEU,RYAN",MILLSAPS 26-40 (+14),,"GOOD FT by DETILLIEU,RYAN",2
14:26,,26,,41 (+15),"GOOD FT by DETILLIEU,RYAN",MILLSAPS 26-41 (+15),,"GOOD FT by DETILLIEU,RYAN",2
14:21,TIMEOUT TEAM by TEAM,,,,,,,TIMEOUT TEAM by TEAM,2
14:16,"GOOD LAYUP by ALDOUS,HANK(in the paint)",28,,41 (+13),,HC 28-41 (+13),,"GOOD LAYUP by ALDOUS,HANK(in the paint)",2
--,"ASSIST  by BARRETT,JORDAN",,,,,,,"ASSIST  by BARRETT,JORDAN",2
14:05,,28,,44 (+16),"GOOD 3PTR by ROBERTSON,MARC(fastbreak)(in the paint)",MILLSAPS 28-44 (+16),,"GOOD 3PTR by ROBERTSON,MARC(fastbreak)(in the paint)",2
13:46,,,,,"FOUL  by GERCHOW,ALEX",,,"FOUL  by GERCHOW,ALEX",2
13:46,"MISS FT by BARRETT,JORDAN",,,,,,,"MISS FT by BARRETT,JORDAN",2
--,REBOUND DEADB by TEAM,,,,,,,REBOUND DEADB by TEAM,2
13:46,"MISS FT by BARRETT,JORDAN",,,,,,,"MISS FT by BARRETT,JORDAN",2
--,,,,,"REBOUND DEF by ROBERTSON,MARC",,,"REBOUND DEF by ROBERTSON,MARC",2
13:33,"FOUL  by BARRETT,JORDAN",,,,,,,"FOUL  by BARRETT,JORDAN",2
13:33,"SUB IN by GUMM,GABE",,,,,,,"SUB IN by GUMM,GABE",2
13:33,"SUB OUT by BARRETT,JORDAN",,,,,,,"SUB OUT by BARRETT,JORDAN",2
13:28,,,,,"TURNOVER  by ATKINSON,QUINN",,,"TURNOVER  by ATKINSON,QUINN",2
13:28,,,,,"SUB IN by PRATER,DALLAS",,,"SUB IN by PRATER,DALLAS",2
13:28,,,,,"SUB OUT by ATKINSON,QUINN",,,"SUB OUT by ATKINSON,QUINN",2
13:18,"MISS 3PTR by GARRETT,TRAVIS",,,,,,,"MISS 3PTR by GARRETT,TRAVIS",2
--,,,,,"REBOUND DEF by GERCHOW,ALEX",,,"REBOUND DEF by GERCHOW,ALEX",2
12:53,,,,,"TURNOVER  by GERCHOW,ALEX",,,"TURNOVER  by GERCHOW,ALEX",2
12:53,,,,,"SUB IN by MOORE,MYLES",,,"SUB IN by MOORE,MYLES",2
12:53,,,,,"SUB OUT by ROBERTSON,MARC",,,"SUB OUT by ROBERTSON,MARC",2
12:41,"MISS JUMPER by GUMM,GABE",,,,,,,"MISS JUMPER by GUMM,GABE",2
--,,,,,REBOUND DEF by TEAM,,,REBOUND DEF by TEAM,2
12:39,"SUB IN by NIKOLOVSKI,DREW",,,,,,,"SUB IN by NIKOLOVSKI,DREW",2
12:39,"SUB IN by BARRETT,JORDAN",,,,,,,"SUB IN by BARRETT,JORDAN",2
12:39,"SUB OUT by GARRETT,TRAVIS",,,,,,,"SUB OUT by GARRETT,TRAVIS",2
12:39,"SUB OUT by GUMM,GABE",,,,,,,"SUB OUT by GUMM,GABE",2
12:13,"FOUL  by OGLE,JOHN",,,,,,,"FOUL  by OGLE,JOHN",2
12:13,,,,,"SUB IN by MANCUSO,LOGAN",,,"SUB IN by MANCUSO,LOGAN",2
12:13,,,,,"SUB IN by AUBERT,DUSTIN",,,"SUB IN by AUBERT,DUSTIN",2
12:13,,,,,"SUB OUT by GERCHOW,ALEX",,,"SUB OUT by GERCHOW,ALEX",2
12:13,,,,,"SUB OUT by DETILLIEU,RYAN",,,"SUB OUT by DETILLIEU,RYAN",2
11:59,,,,,"TURNOVER  by AUBERT,DUSTIN",,,"TURNOVER  by AUBERT,DUSTIN",2
11:50,"MISS 3PTR by OGLE,JOHN",,,,,,,"MISS 3PTR by OGLE,JOHN",2
--,,,,,"REBOUND DEF by AUBERT,DUSTIN",,,"REBOUND DEF by AUBERT,DUSTIN",2
11:30,"FOUL  by NIKOLOVSKI,DREW",,,,,,,"FOUL  by NIKOLOVSKI,DREW",2
11:18,,,,,TURNOVER  by TEAM,,,TURNOVER  by TEAM,2
11:05,"MISS 3PTR by OGLE,JOHN",,,,,,,"MISS 3PTR by OGLE,JOHN",2
--,"REBOUND OFF by NIKOLOVSKI,DREW",,,,,,,"REBOUND OFF by NIKOLOVSKI,DREW",2
10:55,"GOOD LAYUP by OGLE,JOHN(in the paint)",30,,44 (+14),,HC 30-44 (+14),,"GOOD LAYUP by OGLE,JOHN(in the paint)",2
--,"ASSIST  by ALDOUS,HANK",,,,,,,"ASSIST  by ALDOUS,HANK",2
10:45,,,,,"MISS LAYUP by MOORE,MYLES",,,"MISS LAYUP by MOORE,MYLES",2
--,"REBOUND DEF by ALDOUS,HANK",,,,,,,"REBOUND DEF by ALDOUS,HANK",2
10:38,"MISS 3PTR by NIKOLOVSKI,DREW",,,,,,,"MISS 3PTR by NIKOLOVSKI,DREW",2
10:38,,,,,"BLOCK  by MOORE,MYLES",,,"BLOCK  by MOORE,MYLES",2
--,REBOUND OFF by TEAM,,,,,,,REBOUND OFF by TEAM,2
10:33,,,,,TIMEOUT TEAM by TEAM,,,TIMEOUT TEAM by TEAM,2
10:31,"FOUL  by OGLE,JOHN",,,,,,,"FOUL  by OGLE,JOHN",2
10:31,"TURNOVER  by OGLE,JOHN",,,,,,,"TURNOVER  by OGLE,JOHN",2
10:26,,,,,"TURNOVER  by GAGEN,BRENNAN",,,"TURNOVER  by GAGEN,BRENNAN",2
10:24,,,,,"FOUL  by PRATER,DALLAS",,,"FOUL  by PRATER,DALLAS",2
10:20,"GOOD 3PTR by ALDOUS,HANK",33,,44 (+11),,HC 33-44 (+11),,"GOOD 3PTR by ALDOUS,HANK",2
--,"ASSIST  by BARRETT,JORDAN",,,,,,,"ASSIST  by BARRETT,JORDAN",2
10:10,,,,,"TURNOVER  by GAGEN,BRENNAN",,,"TURNOVER  by GAGEN,BRENNAN",2
10:09,"STEAL  by BARRETT,JORDAN",,,,,,,"STEAL  by BARRETT,JORDAN",2
10:04,"MISS 3PTR by NIKOLOVSKI,DREW",,,,,,,"MISS 3PTR by NIKOLOVSKI,DREW",2
--,"REBOUND OFF by ALDOUS,HANK",,,,,,,"REBOUND OFF by ALDOUS,HANK",2
10:01,"GOOD LAYUP by ALDOUS,HANK(in the paint)",35,,44 (+9),,HC 35-44 (+9),,"GOOD LAYUP by ALDOUS,HANK(in the paint)",2
09:59,,,,,"FOUL  by MANCUSO,LOGAN",,,"FOUL  by MANCUSO,LOGAN",2
09:59,"GOOD FT by ALDOUS,HANK",36,,44 (+8),,HC 36-44 (+8),,"GOOD FT by ALDOUS,HANK",2
09:59,,,,,"SUB IN by GERCHOW,ALEX",,,"SUB IN by GERCHOW,ALEX",2
09:59,,,,,"SUB IN by MCSWAIN,JOSH",,,"SUB IN by MCSWAIN,JOSH",2
09:59,,,,,"SUB IN by ROBERTSON,MARC",,,"SUB IN by ROBERTSON,MARC",2
09:59,,,,,"SUB OUT by MANCUSO,LOGAN",,,"SUB OUT by MANCUSO,LOGAN",2
09:59,,,,,"SUB OUT by PRATER,DALLAS",,,"SUB OUT by PRATER,DALLAS",2
09:59,,,,,"SUB OUT by GAGEN,BRENNAN",,,"SUB OUT by GAGEN,BRENNAN",2
09:42,,,,,"TURNOVER  by ROBERTSON,MARC",,,"TURNOVER  by ROBERTSON,MARC",2
09:41,"STEAL  by VANCE,LUKE",,,,,,,"STEAL  by VANCE,LUKE",2
09:38,"GOOD LAYUP by ALDOUS,HANK(fastbreak)(in the paint)",38,,44 (+6),,HC 38-44 (+6),,"GOOD LAYUP by ALDOUS,HANK(fastbreak)(in the paint)",2
--,"ASSIST  by VANCE,LUKE",,,,,,,"ASSIST  by VANCE,LUKE",2
09:16,"FOUL  by VANCE,LUKE",,,,,,,"FOUL  by VANCE,LUKE",2
09:16,,38,,45 (+7),"GOOD FT by GERCHOW,ALEX",MILLSAPS 38-45 (+7),,"GOOD FT by GERCHOW,ALEX",2
09:16,,38,,46 (+8),"GOOD FT by GERCHOW,ALEX",MILLSAPS 38-46 (+8),,"GOOD FT by GERCHOW,ALEX",2
08:57,"GOOD DUNK by ALDOUS,HANK(in the paint)",40,,46 (+6),,HC 40-46 (+6),,"GOOD DUNK by ALDOUS,HANK(in the paint)",2
08:47,,,,,"MISS LAYUP by ROBERTSON,MARC",,,"MISS LAYUP by ROBERTSON,MARC",2
--,,,,,"REBOUND OFF by GERCHOW,ALEX",,,"REBOUND OFF by GERCHOW,ALEX",2
08:45,,40,,48 (+8),"GOOD LAYUP by GERCHOW,ALEX(in the paint)",MILLSAPS 40-48 (+8),,"GOOD LAYUP by GERCHOW,ALEX(in the paint)",2
08:34,,,,,"FOUL  by MOORE,MYLES",,,"FOUL  by MOORE,MYLES",2
08:32,"MISS JUMPER by NIKOLOVSKI,DREW",,,,,,,"MISS JUMPER by NIKOLOVSKI,DREW",2
--,"REBOUND OFF by OGLE,JOHN",,,,,,,"REBOUND OFF by OGLE,JOHN",2
08:27,,,,,"FOUL  by GERCHOW,ALEX",,,"FOUL  by GERCHOW,ALEX",2
08:27,"GOOD FT by OGLE,JOHN",41,,48 (+7),,HC 41-48 (+7),,"GOOD FT by OGLE,JOHN",2
08:27,"GOOD FT by OGLE,JOHN",42,,48 (+6),,HC 42-48 (+6),,"GOOD FT by OGLE,JOHN",2
08:27,,,,,"SUB IN by GAGEN,BRENNAN",,,"SUB IN by GAGEN,BRENNAN",2
08:27,,,,,"SUB IN by DETILLIEU,RYAN",,,"SUB IN by DETILLIEU,RYAN",2
08:27,,,,,"SUB OUT by GERCHOW,ALEX",,,"SUB OUT by GERCHOW,ALEX",2
08:27,,,,,"SUB OUT by AUBERT,DUSTIN",,,"SUB OUT by AUBERT,DUSTIN",2
08:19,,42,,50 (+8),"GOOD JUMPER by MCSWAIN,JOSH(in the paint)",MILLSAPS 42-50 (+8),,"GOOD JUMPER by MCSWAIN,JOSH(in the paint)",2
08:03,"MISS 3PTR by ALDOUS,HANK",,,,,,,"MISS 3PTR by ALDOUS,HANK",2
--,,,,,REBOUND DEF by TEAM,,,REBOUND DEF by TEAM,2
07:37,,42,,52 (+10),"GOOD JUMPER by ROBERTSON,MARC",MILLSAPS 42-52 (+10),,"GOOD JUMPER by ROBERTSON,MARC",2
07:20,"GOOD LAYUP by VANCE,LUKE(in the paint)",44,,52 (+8),,HC 44-52 (+8),,"GOOD LAYUP by VANCE,LUKE(in the paint)",2
--,"ASSIST  by BARRETT,JORDAN",,,,,,,"ASSIST  by BARRETT,JORDAN",2
06:46,,,,,"MISS 3PTR by DETILLIEU,RYAN",,,"MISS 3PTR by DETILLIEU,RYAN",2
--,"REBOUND DEF by ALDOUS,HANK",,,,,,,"REBOUND DEF by ALDOUS,HANK",2
06:22,"TURNOVER  by BARRETT,JORDAN",,,,,,,"TURNOVER  by BARRETT,JORDAN",2
06:22,"SUB IN by CONARD,ALEC",,,,,,,"SUB IN by CONARD,ALEC",2
06:22,"SUB OUT by OGLE,JOHN",,,,,,,"SUB OUT by OGLE,JOHN",2
06:05,,,,,"MISS JUMPER by MCSWAIN,JOSH",,,"MISS JUMPER by MCSWAIN,JOSH",2
--,"REBOUND DEF by NIKOLOVSKI,DREW",,,,,,,"REBOUND DEF by NIKOLOVSKI,DREW",2
05:49,"GOOD 3PTR by ALDOUS,HANK",47,,52 (+5),,HC 47-52 (+5),,"GOOD 3PTR by ALDOUS,HANK",2
--,"ASSIST  by BARRETT,JORDAN",,,,,,,"ASSIST  by BARRETT,JORDAN",2
05:17,"FOUL  by ALDOUS,HANK",,,,,,,"FOUL  by ALDOUS,HANK",2
05:17,,,,,"MISS FT by MOORE,MYLES",,,"MISS FT by MOORE,MYLES",2
--,,,,,REBOUND DEADB by TEAM,,,REBOUND DEADB by TEAM,2
05:17,,47,,53 (+6),"GOOD FT by MOORE,MYLES",MILLSAPS 47-53 (+6),,"GOOD FT by MOORE,MYLES",2
05:17,,,,,TIMEOUT 30SEC by TEAM,,,TIMEOUT 30SEC by TEAM,2
05:02,,,,,"FOUL  by MCSWAIN,JOSH",,,"FOUL  by MCSWAIN,JOSH",2
05:02,"GOOD FT by VANCE,LUKE",48,,53 (+5),,HC 48-53 (+5),,"GOOD FT by VANCE,LUKE",2
05:02,"GOOD FT by VANCE,LUKE",49,,53 (+4),,HC 49-53 (+4),,"GOOD FT by VANCE,LUKE",2
05:02,,,,,"SUB IN by GERCHOW,ALEX",,,"SUB IN by GERCHOW,ALEX",2
05:02,,,,,"SUB OUT by MCSWAIN,JOSH",,,"SUB OUT by MCSWAIN,JOSH",2
04:31,,,,,"MISS LAYUP by DETILLIEU,RYAN",,,"MISS LAYUP by DETILLIEU,RYAN",2
--,,,,,"REBOUND OFF by GERCHOW,ALEX",,,"REBOUND OFF by GERCHOW,ALEX",2
04:27,,49,,55 (+6),"GOOD JUMPER by GERCHOW,ALEX(in the paint)",MILLSAPS 49-55 (+6),,"GOOD JUMPER by GERCHOW,ALEX(in the paint)",2
04:06,"MISS JUMPER by ALDOUS,HANK",,,,,,,"MISS JUMPER by ALDOUS,HANK",2
--,,,,,"REBOUND DEF by DETILLIEU,RYAN",,,"REBOUND DEF by DETILLIEU,RYAN",2
03:58,,,,,"MISS LAYUP by MOORE,MYLES",,,"MISS LAYUP by MOORE,MYLES",2
--,,,,,"REBOUND OFF by GERCHOW,ALEX",,,"REBOUND OFF by GERCHOW,ALEX",2
03:54,,,,,"MISS LAYUP by GERCHOW,ALEX",,,"MISS LAYUP by GERCHOW,ALEX",2
--,REBOUND DEF by TEAM,,,,,,,REBOUND DEF by TEAM,2
03:32,"MISS LAYUP by BARRETT,JORDAN",,,,,,,"MISS LAYUP by BARRETT,JORDAN",2
--,,,,,"REBOUND DEF by DETILLIEU,RYAN",,,"REBOUND DEF by DETILLIEU,RYAN",2
02:57,,,,,TIMEOUT TEAM by TEAM,,,TIMEOUT TEAM by TEAM,2
02:57,,,,,"MISS 3PTR by ROBERTSON,MARC",,,"MISS 3PTR by ROBERTSON,MARC",2
--,,,,,"REBOUND OFF by MOORE,MYLES",,,"REBOUND OFF by MOORE,MYLES",2
02:57,,,,,"SUB IN by MCSWAIN,JOSH",,,"SUB IN by MCSWAIN,JOSH",2
02:57,,,,,"SUB IN by AUBERT,DUSTIN",,,"SUB IN by AUBERT,DUSTIN",2
02:57,,,,,"SUB OUT by GERCHOW,ALEX",,,"SUB OUT by GERCHOW,ALEX",2
02:57,,,,,"SUB OUT by DETILLIEU,RYAN",,,"SUB OUT by DETILLIEU,RYAN",2
02:40,,49,,57 (+8),"GOOD LAYUP by MCSWAIN,JOSH(in the paint)",MILLSAPS 49-57 (+8),,"GOOD LAYUP by MCSWAIN,JOSH(in the paint)",2
--,,,,,"ASSIST  by AUBERT,DUSTIN",,,"ASSIST  by AUBERT,DUSTIN",2
02:40,"FOUL  by BARRETT,JORDAN",,,,,,,"FOUL  by BARRETT,JORDAN",2
02:40,,,,,"MISS FT by MCSWAIN,JOSH",,,"MISS FT by MCSWAIN,JOSH",2
--,"REBOUND DEF by BARRETT,JORDAN",,,,,,,"REBOUND DEF by BARRETT,JORDAN",2
02:20,"TURNOVER  by NIKOLOVSKI,DREW",,,,,,,"TURNOVER  by NIKOLOVSKI,DREW",2
02:09,,49,,60 (+11),"GOOD 3PTR by MOORE,MYLES",MILLSAPS 49-60 (+11),,"GOOD 3PTR by MOORE,MYLES",2
--,,,,,"ASSIST  by GAGEN,BRENNAN",,,"ASSIST  by GAGEN,BRENNAN",2
02:00,TIMEOUT TEAM by TEAM,,,,,,,TIMEOUT TEAM by TEAM,2
01:38,"MISS 3PTR by ALDOUS,HANK",,,,,,,"MISS 3PTR by ALDOUS,HANK",2
--,REBOUND DEADB by TEAM,,,,,,,REBOUND DEADB by TEAM,2
01:35,,,,,"FOUL  by AUBERT,DUSTIN",,,"FOUL  by AUBERT,DUSTIN",2
01:35,"MISS FT by NIKOLOVSKI,DREW",,,,,,,"MISS FT by NIKOLOVSKI,DREW",2
--,,,,,"REBOUND DEF by MCSWAIN,JOSH",,,"REBOUND DEF by MCSWAIN,JOSH",2
01:35,"FOUL  by VANCE,LUKE",,,,,,,"FOUL  by VANCE,LUKE",2
01:35,,49,,61 (+12),"GOOD FT by MCSWAIN,JOSH",MILLSAPS 49-61 (+12),,"GOOD FT by MCSWAIN,JOSH",2
01:35,,,,,"MISS FT by MCSWAIN,JOSH",,,"MISS FT by MCSWAIN,JOSH",2
--,"REBOUND DEF by CONARD,ALEC",,,,,,,"REBOUND DEF by CONARD,ALEC",2
01:27,"GOOD 3PTR by CONARD,ALEC",52,,61 (+9),,HC 52-61 (+9),,"GOOD 3PTR by CONARD,ALEC",2
--,"ASSIST  by BARRETT,JORDAN",,,,,,,"ASSIST  by BARRETT,JORDAN",2
01:21,,,,,"TURNOVER  by GAGEN,BRENNAN",,,"TURNOVER  by GAGEN,BRENNAN",2
01:20,"STEAL  by BARRETT,JORDAN",,,,,,,"STEAL  by BARRETT,JORDAN",2
01:19,,,,,"FOUL  by GAGEN,BRENNAN",,,"FOUL  by GAGEN,BRENNAN",2
01:19,"MISS FT by BARRETT,JORDAN",,,,,,,"MISS FT by BARRETT,JORDAN",2
--,REBOUND DEADB by TEAM,,,,,,,REBOUND DEADB by TEAM,2
01:19,"GOOD FT by BARRETT,JORDAN",53,,61 (+8),,HC 53-61 (+8),,"GOOD FT by BARRETT,JORDAN",2
01:18,"FOUL  by BARRETT,JORDAN",,,,,,,"FOUL  by BARRETT,JORDAN",2
01:18,,53,,62 (+9),"GOOD FT by MOORE,MYLES",MILLSAPS 53-62 (+9),,"GOOD FT by MOORE,MYLES",2
01:18,,53,,63 (+10),"GOOD FT by MOORE,MYLES",MILLSAPS 53-63 (+10),,"GOOD FT by MOORE,MYLES",2
01:18,"SUB IN by GARRETT,TRAVIS",,,,,,,"SUB IN by GARRETT,TRAVIS",2
01:18,"SUB OUT by BARRETT,JORDAN",,,,,,,"SUB OUT by BARRETT,JORDAN",2
01:08,"GOOD 3PTR by CONARD,ALEC",56,,63 (+7),,HC 56-63 (+7),,"GOOD 3PTR by CONARD,ALEC",2
--,"ASSIST  by NIKOLOVSKI,DREW",,,,,,,"ASSIST  by NIKOLOVSKI,DREW",2
01:05,TIMEOUT 30SEC by TEAM,,,,,,,TIMEOUT 30SEC by TEAM,2
00:55,"FOUL  by NIKOLOVSKI,DREW",,,,,,,"FOUL  by NIKOLOVSKI,DREW",2
00:55,,,,,"MISS FT by AUBERT,DUSTIN",,,"MISS FT by AUBERT,DUSTIN",2
--,,,,,REBOUND DEADB by TEAM,,,REBOUND DEADB by TEAM,2
00:55,,56,,64 (+8),"GOOD FT by AUBERT,DUSTIN",MILLSAPS 56-64 (+8),,"GOOD FT by AUBERT,DUSTIN",2
00:50,"GOOD 3PTR by NIKOLOVSKI,DREW",59,,64 (+5),,HC 59-64 (+5),,"GOOD 3PTR by NIKOLOVSKI,DREW",2
--,"ASSIST  by CONARD,ALEC",,,,,,,"ASSIST  by CONARD,ALEC",2
00:41,,59,,65 (+6),"GOOD FT by GAGEN,BRENNAN",MILLSAPS 59-65 (+6),,"GOOD FT by GAGEN,BRENNAN",2
00:41,"FOUL  by GARRETT,TRAVIS",,,,,,,"FOUL  by GARRETT,TRAVIS",2
00:34,,,,,"FOUL  by MOORE,MYLES",,,"FOUL  by MOORE,MYLES",2
00:34,,59,,66 (+7),"GOOD FT by GAGEN,BRENNAN",MILLSAPS 59-66 (+7),,"GOOD FT by GAGEN,BRENNAN",2
00:34,"GOOD FT by CONARD,ALEC",60,,66 (+6),,HC 60-66 (+6),,"GOOD FT by CONARD,ALEC",2
00:34,"GOOD FT by CONARD,ALEC",61,,66 (+5),,HC 61-66 (+5),,"GOOD FT by CONARD,ALEC",2
00:34,"GOOD FT by CONARD,ALEC",62,,66 (+4),,HC 62-66 (+4),,"GOOD FT by CONARD,ALEC",2
00:34,,,,,TIMEOUT TEAM by TEAM,,,TIMEOUT TEAM by TEAM,2
00:34,"SUB IN by GUMM,GABE",,,,,,,"SUB IN by GUMM,GABE",2
00:34,"SUB OUT by GARRETT,TRAVIS",,,,,,,"SUB OUT by GARRETT,TRAVIS",2
00:31,"FOUL  by GUMM,GABE",,,,,,,"FOUL  by GUMM,GABE",2
00:31,,62,,67 (+5),"GOOD FT by MOORE,MYLES",MILLSAPS 62-67 (+5),,"GOOD FT by MOORE,MYLES",2
00:31,,,,,"MISS FT by MOORE,MYLES",,,"MISS FT by MOORE,MYLES",2
--,"REBOUND DEF by CONARD,ALEC",,,,,,,"REBOUND DEF by CONARD,ALEC",2
00:23,"MISS 3PTR by CONARD,ALEC",,,,,,,"MISS 3PTR by CONARD,ALEC",2
--,,,,,"REBOUND DEF by ROBERTSON,MARC",,,"REBOUND DEF by ROBERTSON,MARC",2
00:12,"FOUL  by NIKOLOVSKI,DREW",,,,,,,"FOUL  by NIKOLOVSKI,DREW",2
00:12,,62,,68 (+6),"GOOD FT by MOORE,MYLES",MILLSAPS 62-68 (+6),,"GOOD FT by MOORE,MYLES",2
00:12,,62,,69 (+7),"GOOD FT by MOORE,MYLES",MILLSAPS 62-69 (+7),,"GOOD FT by MOORE,MYLES",2
00:06,"GOOD 3PTR by ALDOUS,HANK",65,,69 (+4),,HC 65-69 (+4),,"GOOD 3PTR by ALDOUS,HANK",2
--,"ASSIST  by GUMM,GABE",,,,,,,"ASSIST  by GUMM,GABE",2
00:03,TIMEOUT TEAM by TEAM,,,,,,,TIMEOUT TEAM by TEAM,2
00:03,,,,,TIMEOUT TEAM by TEAM,,,TIMEOUT TEAM by TEAM,2
00:03,"SUB IN by LITTLEFIELD,GEAREN",,,,,,,"SUB IN by LITTLEFIELD,GEAREN",2
00:03,"SUB OUT by CONARD,ALEC",,,,,,,"SUB OUT by CONARD,ALEC",2
00:02,"FOUL  by GUMM,GABE",,,,,,,"FOUL  by GUMM,GABE",2
00:02,,65,,70 (+5),"GOOD FT by MOORE,MYLES",MILLSAPS 65-70 (+5),,"GOOD FT by MOORE,MYLES",2
00:02,,65,,71 (+6),"GOOD FT by MOORE,MYLES",MILLSAPS 65-71 (+6),,"GOOD FT by MOORE,MYLES",2
00:01,"MISS 3PTR by ALDOUS,HANK",,,,,,,"MISS 3PTR by ALDOUS,HANK",2
--,,,,,"REBOUND DEF by MOORE,MYLES",,,"REBOUND DEF by MOORE,MYLES",2
