Time Remaining,SEW,Away Team Score,Play Team Indicator,Home Team Score,OUM,Game Score,Team Indicator,Play,Period
19:40,"GOOD LAYUP by WILLIAMS,TRENT(in the paint)",2 (+2),,0,,SEW 2-0 (+2),,"GOOD LAYUP by WILLIAMS,TRENT(in the paint)",1
19:22,,2,,3 (+1),"GOOD 3PTR by JOVAAG,BRANDEN",OUM 2-3 (-1),,"GOOD 3PTR by JOVAAG,BRANDEN",1
--,,,,,"ASSIST  by PITTS,ALEC",,,"ASSIST  by PITTS,ALEC",1
19:12,"TURNOVER  by BRYANT,VALENTINO",,,,,,,"TURNOVER  by BRYANT,VALENTINO",1
18:53,,,,,"MISS 3PTR by JOVAAG,BRANDEN",,,"MISS 3PTR by JOVAAG,BRANDEN",1
--,"REBOUND DEF by BROWN,TYLER",,,,,,,"REBOUND DEF by BROWN,TYLER",1
18:31,"MISS JUMPER by NELSON,ANVIL",,,,,,,"MISS JUMPER by NELSON,ANVIL",1
18:31,,,,,"BLOCK  by STEIOFF,ANDREW",,,"BLOCK  by STEIOFF,ANDREW",1
--,,,,,"REBOUND DEF by JOVAAG,BRANDEN",,,"REBOUND DEF by JOVAAG,BRANDEN",1
18:21,,2,,5 (+3),"GOOD JUMPER by PITTS,ALEC(fastbreak)",OUM 2-5 (-3),,"GOOD JUMPER by PITTS,ALEC(fastbreak)",1
18:01,"TURNOVER  by BRYANT,VALENTINO",,,,,,,"TURNOVER  by BRYANT,VALENTINO",1
18:00,,,,,"STEAL  by PITTS,ALEC",,,"STEAL  by PITTS,ALEC",1
17:54,,,,,"MISS LAYUP by PITTS,ALEC",,,"MISS LAYUP by PITTS,ALEC",1
17:54,"BLOCK  by BRYANT,VALENTINO",,,,,,,"BLOCK  by BRYANT,VALENTINO",1
--,,,,,"REBOUND OFF by PITTS,ALEC",,,"REBOUND OFF by PITTS,ALEC",1
17:48,,,,,"MISS 3PTR by JOVAAG,BRANDEN",,,"MISS 3PTR by JOVAAG,BRANDEN",1
--,"REBOUND DEF by BRYANT,VALENTINO",,,,,,,"REBOUND DEF by BRYANT,VALENTINO",1
17:36,"MISS 3PTR by BRYANT,VALENTINO",,,,,,,"MISS 3PTR by BRYANT,VALENTINO",1
--,"REBOUND OFF by NELSON,ANVIL",,,,,,,"REBOUND OFF by NELSON,ANVIL",1
17:21,"MISS LAYUP by BROWN,TYLER",,,,,,,"MISS LAYUP by BROWN,TYLER",1
17:21,,,,,"BLOCK  by MOLINET,CHRISTIAN",,,"BLOCK  by MOLINET,CHRISTIAN",1
--,,,,,"REBOUND DEF by STEIOFF,ANDREW",,,"REBOUND DEF by STEIOFF,ANDREW",1
17:16,,,,,"MISS 3PTR by PITTS,ALEC",,,"MISS 3PTR by PITTS,ALEC",1
--,"REBOUND DEF by BROWN,TYLER",,,,,,,"REBOUND DEF by BROWN,TYLER",1
16:50,"MISS JUMPER by AFFRONTI,LEWIS",,,,,,,"MISS JUMPER by AFFRONTI,LEWIS",1
--,,,,,"REBOUND DEF by PITTS,ALEC",,,"REBOUND DEF by PITTS,ALEC",1
16:37,,,,,"MISS 3PTR by PURDY,SAM",,,"MISS 3PTR by PURDY,SAM",1
--,"REBOUND DEF by NELSON,ANVIL",,,,,,,"REBOUND DEF by NELSON,ANVIL",1
16:27,"MISS JUMPER by NELSON,ANVIL",,,,,,,"MISS JUMPER by NELSON,ANVIL",1
--,,,,,"REBOUND DEF by PURDY,SAM",,,"REBOUND DEF by PURDY,SAM",1
16:02,"FOUL  by NELSON,ANVIL",,,,,,,"FOUL  by NELSON,ANVIL",1
15:47,,2,,8 (+6),"GOOD 3PTR by JOVAAG,BRANDEN",OUM 2-8 (-6),,"GOOD 3PTR by JOVAAG,BRANDEN",1
--,,,,,"ASSIST  by MOLINET,CHRISTIAN",,,"ASSIST  by MOLINET,CHRISTIAN",1
15:43,TIMEOUT 30SEC by TEAM,,,,,,,TIMEOUT 30SEC by TEAM,1
15:23,"GOOD LAYUP by BRYANT,VALENTINO(in the paint)",4,,8 (+4),,SEW 4-8 (-4),,"GOOD LAYUP by BRYANT,VALENTINO(in the paint)",1
15:03,,4,,11 (+7),"GOOD 3PTR by PURDY,SAM",OUM 4-11 (-7),,"GOOD 3PTR by PURDY,SAM",1
--,,,,,"ASSIST  by PITTS,ALEC",,,"ASSIST  by PITTS,ALEC",1
14:37,"MISS JUMPER by NELSON,ANVIL",,,,,,,"MISS JUMPER by NELSON,ANVIL",1
14:37,,,,,"BLOCK  by STEIOFF,ANDREW",,,"BLOCK  by STEIOFF,ANDREW",1
--,REBOUND OFF by TEAM,,,,,,,REBOUND OFF by TEAM,1
14:36,"SUB IN by BOULDIN,BRETT",,,,,,,"SUB IN by BOULDIN,BRETT",1
14:36,"SUB IN by VEAL,ROBERT",,,,,,,"SUB IN by VEAL,ROBERT",1
14:36,"SUB OUT by WILLIAMS,TRENT",,,,,,,"SUB OUT by WILLIAMS,TRENT",1
14:36,"SUB OUT by BROWN,TYLER",,,,,,,"SUB OUT by BROWN,TYLER",1
14:27,"MISS JUMPER by VEAL,ROBERT",,,,,,,"MISS JUMPER by VEAL,ROBERT",1
14:27,,,,,"BLOCK  by STEIOFF,ANDREW",,,"BLOCK  by STEIOFF,ANDREW",1
--,REBOUND OFF by TEAM,,,,,,,REBOUND OFF by TEAM,1
14:22,TURNOVER  by TEAM,,,,,,,TURNOVER  by TEAM,1
14:22,,,,,"SUB IN by CERONE,TYLER",,,"SUB IN by CERONE,TYLER",1
14:22,,,,,"SUB OUT by MOLINET,CHRISTIAN",,,"SUB OUT by MOLINET,CHRISTIAN",1
13:57,,,,,"MISS JUMPER by PITTS,ALEC",,,"MISS JUMPER by PITTS,ALEC",1
--,,,,,"REBOUND OFF by CERONE,TYLER",,,"REBOUND OFF by CERONE,TYLER",1
13:52,,,,,"MISS 3PTR by PURDY,SAM",,,"MISS 3PTR by PURDY,SAM",1
--,"REBOUND DEF by VEAL,ROBERT",,,,,,,"REBOUND DEF by VEAL,ROBERT",1
13:23,,,,,"FOUL  by STEIOFF,ANDREW",,,"FOUL  by STEIOFF,ANDREW",1
13:23,"GOOD FT by BOULDIN,BRETT",5,,11 (+6),,SEW 5-11 (-6),,"GOOD FT by BOULDIN,BRETT",1
13:23,"MISS FT by BOULDIN,BRETT",,,,,,,"MISS FT by BOULDIN,BRETT",1
--,,,,,"REBOUND DEF by KINNEY,JORDAN",,,"REBOUND DEF by KINNEY,JORDAN",1
13:23,"SUB IN by BROWN,TYLER",,,,,,,"SUB IN by BROWN,TYLER",1
13:23,"SUB OUT by NELSON,ANVIL",,,,,,,"SUB OUT by NELSON,ANVIL",1
13:23,,,,,"SUB IN by DAVIS,ALEX",,,"SUB IN by DAVIS,ALEX",1
13:23,,,,,"SUB IN by KINNEY,JORDAN",,,"SUB IN by KINNEY,JORDAN",1
13:23,,,,,"SUB OUT by JOVAAG,BRANDEN",,,"SUB OUT by JOVAAG,BRANDEN",1
13:23,,,,,"SUB OUT by STEIOFF,ANDREW",,,"SUB OUT by STEIOFF,ANDREW",1
13:07,,,,,"MISS LAYUP by KINNEY,JORDAN",,,"MISS LAYUP by KINNEY,JORDAN",1
13:07,"BLOCK  by VEAL,ROBERT",,,,,,,"BLOCK  by VEAL,ROBERT",1
--,"REBOUND DEF by AFFRONTI,LEWIS",,,,,,,"REBOUND DEF by AFFRONTI,LEWIS",1
12:57,"MISS JUMPER by BRYANT,VALENTINO",,,,,,,"MISS JUMPER by BRYANT,VALENTINO",1
--,,,,,"REBOUND DEF by CERONE,TYLER",,,"REBOUND DEF by CERONE,TYLER",1
12:44,,,,,"MISS JUMPER by CERONE,TYLER",,,"MISS JUMPER by CERONE,TYLER",1
--,"REBOUND DEF by BROWN,TYLER",,,,,,,"REBOUND DEF by BROWN,TYLER",1
12:23,,,,,"FOUL  by KINNEY,JORDAN",,,"FOUL  by KINNEY,JORDAN",1
12:17,"GOOD LAYUP by BROWN,TYLER(in the paint)",7,,11 (+4),,SEW 7-11 (-4),,"GOOD LAYUP by BROWN,TYLER(in the paint)",1
--,"ASSIST  by BOULDIN,BRETT",,,,,,,"ASSIST  by BOULDIN,BRETT",1
11:52,"FOUL  by VEAL,ROBERT",,,,,,,"FOUL  by VEAL,ROBERT",1
11:19,,,,,"MISS JUMPER by PITTS,ALEC",,,"MISS JUMPER by PITTS,ALEC",1
--,"REBOUND DEF by BRYANT,VALENTINO",,,,,,,"REBOUND DEF by BRYANT,VALENTINO",1
10:43,"SUB IN by WILLIAMS,TRENT",,,,,,,"SUB IN by WILLIAMS,TRENT",1
10:43,"SUB IN by NELSON,ANVIL",,,,,,,"SUB IN by NELSON,ANVIL",1
10:43,"SUB OUT by AFFRONTI,LEWIS",,,,,,,"SUB OUT by AFFRONTI,LEWIS",1
10:43,"SUB OUT by VEAL,ROBERT",,,,,,,"SUB OUT by VEAL,ROBERT",1
10:43,,,,,"SUB IN by MOLINET,CHRISTIAN",,,"SUB IN by MOLINET,CHRISTIAN",1
10:43,,,,,"SUB OUT by PITTS,ALEC",,,"SUB OUT by PITTS,ALEC",1
10:42,"MISS 3PTR by BROWN,TYLER",,,,,,,"MISS 3PTR by BROWN,TYLER",1
--,,,,,REBOUND DEF by TEAM,,,REBOUND DEF by TEAM,1
10:19,"FOUL  by NELSON,ANVIL",,,,,,,"FOUL  by NELSON,ANVIL",1
10:19,"SUB IN by VEAL,ROBERT",,,,,,,"SUB IN by VEAL,ROBERT",1
10:19,"SUB OUT by NELSON,ANVIL",,,,,,,"SUB OUT by NELSON,ANVIL",1
10:19,,,,,"SUB IN by STEIOFF,ANDREW",,,"SUB IN by STEIOFF,ANDREW",1
10:19,,,,,"SUB OUT by PURDY,SAM",,,"SUB OUT by PURDY,SAM",1
10:03,,7,,13 (+6),"GOOD LAYUP by MOLINET,CHRISTIAN(in the paint)",OUM 7-13 (-6),,"GOOD LAYUP by MOLINET,CHRISTIAN(in the paint)",1
--,,,,,"ASSIST  by CERONE,TYLER",,,"ASSIST  by CERONE,TYLER",1
09:37,"MISS JUMPER by BRYANT,VALENTINO",,,,,,,"MISS JUMPER by BRYANT,VALENTINO",1
--,,,,,"REBOUND DEF by STEIOFF,ANDREW",,,"REBOUND DEF by STEIOFF,ANDREW",1
09:12,,,,,"MISS 3PTR by CERONE,TYLER",,,"MISS 3PTR by CERONE,TYLER",1
--,,,,,"REBOUND OFF by KINNEY,JORDAN",,,"REBOUND OFF by KINNEY,JORDAN",1
09:09,"FOUL  by VEAL,ROBERT",,,,,,,"FOUL  by VEAL,ROBERT",1
09:09,"SUB IN by MARTIN,SAM",,,,,,,"SUB IN by MARTIN,SAM",1
09:09,"SUB IN by BEVIACQUA,BRYAN",,,,,,,"SUB IN by BEVIACQUA,BRYAN",1
09:09,"SUB OUT by BRYANT,VALENTINO",,,,,,,"SUB OUT by BRYANT,VALENTINO",1
09:09,"SUB OUT by VEAL,ROBERT",,,,,,,"SUB OUT by VEAL,ROBERT",1
09:09,,,,,"SUB IN by PURDY,SAM",,,"SUB IN by PURDY,SAM",1
09:09,,,,,"SUB IN by COURSON,TYLER",,,"SUB IN by COURSON,TYLER",1
09:09,,,,,"SUB OUT by CERONE,TYLER",,,"SUB OUT by CERONE,TYLER",1
09:09,,,,,"SUB OUT by KINNEY,JORDAN",,,"SUB OUT by KINNEY,JORDAN",1
08:51,,,,,"MISS JUMPER by MOLINET,CHRISTIAN",,,"MISS JUMPER by MOLINET,CHRISTIAN",1
--,"REBOUND DEF by WILLIAMS,TRENT",,,,,,,"REBOUND DEF by WILLIAMS,TRENT",1
08:17,"TURNOVER  by MARTIN,SAM",,,,,,,"TURNOVER  by MARTIN,SAM",1
08:17,,,,,"SUB IN by JOVAAG,BRANDEN",,,"SUB IN by JOVAAG,BRANDEN",1
08:17,,,,,"SUB OUT by DAVIS,ALEX",,,"SUB OUT by DAVIS,ALEX",1
08:06,"FOUL  by WILLIAMS,TRENT",,,,,,,"FOUL  by WILLIAMS,TRENT",1
08:06,,7,,14 (+7),"GOOD FT by STEIOFF,ANDREW",OUM 7-14 (-7),,"GOOD FT by STEIOFF,ANDREW",1
08:06,,7,,15 (+8),"GOOD FT by STEIOFF,ANDREW",OUM 7-15 (-8),,"GOOD FT by STEIOFF,ANDREW",1
08:06,"SUB IN by AFFRONTI,LEWIS",,,,,,,"SUB IN by AFFRONTI,LEWIS",1
08:06,"SUB OUT by BOULDIN,BRETT",,,,,,,"SUB OUT by BOULDIN,BRETT",1
07:45,"MISS 3PTR by WILLIAMS,TRENT",,,,,,,"MISS 3PTR by WILLIAMS,TRENT",1
--,,,,,"REBOUND DEF by MOLINET,CHRISTIAN",,,"REBOUND DEF by MOLINET,CHRISTIAN",1
07:29,"FOUL  by MARTIN,SAM",,,,,,,"FOUL  by MARTIN,SAM",1
07:29,,7,,16 (+9),"GOOD FT by MOLINET,CHRISTIAN",OUM 7-16 (-9),,"GOOD FT by MOLINET,CHRISTIAN",1
07:29,,,,,"MISS FT by MOLINET,CHRISTIAN",,,"MISS FT by MOLINET,CHRISTIAN",1
--,"REBOUND DEF by BRYANT,VALENTINO",,,,,,,"REBOUND DEF by BRYANT,VALENTINO",1
07:29,,,,,"FOUL  by COURSON,TYLER",,,"FOUL  by COURSON,TYLER",1
07:29,"SUB IN by BRYANT,VALENTINO",,,,,,,"SUB IN by BRYANT,VALENTINO",1
07:29,"SUB OUT by BROWN,TYLER",,,,,,,"SUB OUT by BROWN,TYLER",1
07:05,"MISS LAYUP by WILLIAMS,TRENT",,,,,,,"MISS LAYUP by WILLIAMS,TRENT",1
--,,,,,"REBOUND DEF by STEIOFF,ANDREW",,,"REBOUND DEF by STEIOFF,ANDREW",1
06:50,,,,,"MISS LAYUP by STEIOFF,ANDREW",,,"MISS LAYUP by STEIOFF,ANDREW",1
--,"REBOUND DEF by MARTIN,SAM",,,,,,,"REBOUND DEF by MARTIN,SAM",1
06:23,"GOOD LAYUP by WILLIAMS,TRENT(in the paint)",9,,16 (+7),,SEW 9-16 (-7),,"GOOD LAYUP by WILLIAMS,TRENT(in the paint)",1
06:23,,,,,"FOUL  by COURSON,TYLER",,,"FOUL  by COURSON,TYLER",1
06:23,"GOOD FT by WILLIAMS,TRENT",10,,16 (+6),,SEW 10-16 (-6),,"GOOD FT by WILLIAMS,TRENT",1
06:23,"SUB IN by BOULDIN,BRETT",,,,,,,"SUB IN by BOULDIN,BRETT",1
06:23,"SUB OUT by BEVIACQUA,BRYAN",,,,,,,"SUB OUT by BEVIACQUA,BRYAN",1
06:23,,,,,"SUB IN by PITTS,ALEC",,,"SUB IN by PITTS,ALEC",1
06:23,,,,,"SUB OUT by COURSON,TYLER",,,"SUB OUT by COURSON,TYLER",1
06:14,,,,,"FOUL  by PITTS,ALEC",,,"FOUL  by PITTS,ALEC",1
06:14,,,,,"TURNOVER  by PITTS,ALEC",,,"TURNOVER  by PITTS,ALEC",1
05:58,"MISS JUMPER by MARTIN,SAM",,,,,,,"MISS JUMPER by MARTIN,SAM",1
05:58,,,,,"BLOCK  by STEIOFF,ANDREW",,,"BLOCK  by STEIOFF,ANDREW",1
--,,,,,"REBOUND DEF by STEIOFF,ANDREW",,,"REBOUND DEF by STEIOFF,ANDREW",1
05:46,,10,,18 (+8),"GOOD LAYUP by STEIOFF,ANDREW(in the paint)",OUM 10-18 (-8),,"GOOD LAYUP by STEIOFF,ANDREW(in the paint)",1
--,,,,,"ASSIST  by PITTS,ALEC",,,"ASSIST  by PITTS,ALEC",1
05:26,"GOOD LAYUP by BRYANT,VALENTINO(in the paint)",12,,18 (+6),,SEW 12-18 (-6),,"GOOD LAYUP by BRYANT,VALENTINO(in the paint)",1
--,"ASSIST  by MARTIN,SAM",,,,,,,"ASSIST  by MARTIN,SAM",1
05:06,,12,,21 (+9),"GOOD 3PTR by JOVAAG,BRANDEN",OUM 12-21 (-9),,"GOOD 3PTR by JOVAAG,BRANDEN",1
--,,,,,"ASSIST  by PITTS,ALEC",,,"ASSIST  by PITTS,ALEC",1
04:41,"MISS 3PTR by BRYANT,VALENTINO",,,,,,,"MISS 3PTR by BRYANT,VALENTINO",1
--,,,,,"REBOUND DEF by JOVAAG,BRANDEN",,,"REBOUND DEF by JOVAAG,BRANDEN",1
04:34,,12,,23 (+11),"GOOD LAYUP by STEIOFF,ANDREW(fastbreak)(in the paint)",OUM 12-23 (-11),,"GOOD LAYUP by STEIOFF,ANDREW(fastbreak)(in the paint)",1
--,,,,,"ASSIST  by PURDY,SAM",,,"ASSIST  by PURDY,SAM",1
04:32,TIMEOUT 30SEC by TEAM,,,,,,,TIMEOUT 30SEC by TEAM,1
04:18,,,,,"FOUL  by JOVAAG,BRANDEN",,,"FOUL  by JOVAAG,BRANDEN",1
04:17,"SUB IN by BROWN,TYLER",,,,,,,"SUB IN by BROWN,TYLER",1
04:17,"SUB OUT by WILLIAMS,TRENT",,,,,,,"SUB OUT by WILLIAMS,TRENT",1
04:05,"TURNOVER  by AFFRONTI,LEWIS",,,,,,,"TURNOVER  by AFFRONTI,LEWIS",1
03:45,"FOUL  by KIRKPATRICK,TODD",,,,,,,"FOUL  by KIRKPATRICK,TODD",1
03:45,,12,,24 (+12),"GOOD FT by STEIOFF,ANDREW",OUM 12-24 (-12),,"GOOD FT by STEIOFF,ANDREW",1
03:45,,,,,"MISS FT by STEIOFF,ANDREW",,,"MISS FT by STEIOFF,ANDREW",1
--,"REBOUND DEF by BOULDIN,BRETT",,,,,,,"REBOUND DEF by BOULDIN,BRETT",1
03:45,"SUB IN by KIRKPATRICK,TODD",,,,,,,"SUB IN by KIRKPATRICK,TODD",1
03:45,"SUB OUT by MARTIN,SAM",,,,,,,"SUB OUT by MARTIN,SAM",1
03:14,"GOOD LAYUP by BRYANT,VALENTINO(in the paint)",14,,24 (+10),,SEW 14-24 (-10),,"GOOD LAYUP by BRYANT,VALENTINO(in the paint)",1
02:55,,,,,"MISS 3PTR by MOLINET,CHRISTIAN",,,"MISS 3PTR by MOLINET,CHRISTIAN",1
--,,,,,REBOUND DEADB by TEAM,,,REBOUND DEADB by TEAM,1
02:51,"FOUL  by BROWN,TYLER",,,,,,,"FOUL  by BROWN,TYLER",1
02:51,,,,,"MISS FT by PURDY,SAM",,,"MISS FT by PURDY,SAM",1
--,"REBOUND DEF by BROWN,TYLER",,,,,,,"REBOUND DEF by BROWN,TYLER",1
02:51,,,,,"SUB IN by CERONE,TYLER",,,"SUB IN by CERONE,TYLER",1
02:51,,,,,"SUB OUT by MOLINET,CHRISTIAN",,,"SUB OUT by MOLINET,CHRISTIAN",1
02:35,"GOOD JUMPER by AFFRONTI,LEWIS",16,,24 (+8),,SEW 16-24 (-8),,"GOOD JUMPER by AFFRONTI,LEWIS",1
02:11,,,,,"MISS 3PTR by CERONE,TYLER",,,"MISS 3PTR by CERONE,TYLER",1
--,,,,,REBOUND DEADB by TEAM,,,REBOUND DEADB by TEAM,1
02:09,"FOUL  by AFFRONTI,LEWIS",,,,,,,"FOUL  by AFFRONTI,LEWIS",1
02:09,,16,,25 (+9),"GOOD FT by STEIOFF,ANDREW",OUM 16-25 (-9),,"GOOD FT by STEIOFF,ANDREW",1
02:09,,16,,26 (+10),"GOOD FT by STEIOFF,ANDREW",OUM 16-26 (-10),,"GOOD FT by STEIOFF,ANDREW",1
01:48,"MISS 3PTR by AFFRONTI,LEWIS",,,,,,,"MISS 3PTR by AFFRONTI,LEWIS",1
--,"REBOUND OFF by KIRKPATRICK,TODD",,,,,,,"REBOUND OFF by KIRKPATRICK,TODD",1
01:31,"MISS LAYUP by BROWN,TYLER",,,,,,,"MISS LAYUP by BROWN,TYLER",1
--,,,,,"REBOUND DEF by PURDY,SAM",,,"REBOUND DEF by PURDY,SAM",1
01:10,,,,,"TURNOVER  by PURDY,SAM",,,"TURNOVER  by PURDY,SAM",1
01:09,"STEAL  by KIRKPATRICK,TODD",,,,,,,"STEAL  by KIRKPATRICK,TODD",1
00:54,"MISS JUMPER by BOULDIN,BRETT",,,,,,,"MISS JUMPER by BOULDIN,BRETT",1
--,"REBOUND OFF by BOULDIN,BRETT",,,,,,,"REBOUND OFF by BOULDIN,BRETT",1
00:53,,,,,"FOUL  by PITTS,ALEC",,,"FOUL  by PITTS,ALEC",1
00:53,"GOOD FT by BOULDIN,BRETT",17,,26 (+9),,SEW 17-26 (-9),,"GOOD FT by BOULDIN,BRETT",1
00:53,"GOOD FT by BOULDIN,BRETT",18,,26 (+8),,SEW 18-26 (-8),,"GOOD FT by BOULDIN,BRETT",1
00:53,,,,,"SUB IN by MOLINET,CHRISTIAN",,,"SUB IN by MOLINET,CHRISTIAN",1
00:53,,,,,"SUB OUT by PITTS,ALEC",,,"SUB OUT by PITTS,ALEC",1
00:23,,18,,29 (+11),"GOOD 3PTR by JOVAAG,BRANDEN",OUM 18-29 (-11),,"GOOD 3PTR by JOVAAG,BRANDEN",1
--,,,,,"ASSIST  by MOLINET,CHRISTIAN",,,"ASSIST  by MOLINET,CHRISTIAN",1
00:03,"MISS JUMPER by BRYANT,VALENTINO",,,,,,,"MISS JUMPER by BRYANT,VALENTINO",1
--,,,,,"REBOUND DEF by STEIOFF,ANDREW",,,"REBOUND DEF by STEIOFF,ANDREW",1
19:52,,,,,"MISS JUMPER by MOLINET,CHRISTIAN",,,"MISS JUMPER by MOLINET,CHRISTIAN",2
--,REBOUND DEF by TEAM,,,,,,,REBOUND DEF by TEAM,2
19:35,"GOOD LAYUP by BROWN,TYLER(in the paint)",20,,29 (+9),,SEW 20-29 (-9),,"GOOD LAYUP by BROWN,TYLER(in the paint)",2
19:06,,,,,"MISS 3PTR by JOVAAG,BRANDEN",,,"MISS 3PTR by JOVAAG,BRANDEN",2
--,,,,,"REBOUND OFF by STEIOFF,ANDREW",,,"REBOUND OFF by STEIOFF,ANDREW",2
18:55,"FOUL  by NELSON,ANVIL",,,,,,,"FOUL  by NELSON,ANVIL",2
18:43,,20,,30 (+10),"GOOD FT by STEIOFF,ANDREW",OUM 20-30 (-10),,"GOOD FT by STEIOFF,ANDREW",2
18:41,,,,,"MISS FT by STEIOFF,ANDREW",,,"MISS FT by STEIOFF,ANDREW",2
--,"REBOUND DEF by WILLIAMS,TRENT",,,,,,,"REBOUND DEF by WILLIAMS,TRENT",2
18:34,"TURNOVER  by BRYANT,VALENTINO",,,,,,,"TURNOVER  by BRYANT,VALENTINO",2
18:34,,,,,"STEAL  by PITTS,ALEC",,,"STEAL  by PITTS,ALEC",2
18:34,,20,,32 (+12),"GOOD LAYUP by DAVIS,ALEX(fastbreak)(in the paint)",OUM 20-32 (-12),,"GOOD LAYUP by DAVIS,ALEX(fastbreak)(in the paint)",2
--,,,,,"ASSIST  by PURDY,SAM",,,"ASSIST  by PURDY,SAM",2
18:25,"GOOD 3PTR by BROWN,TYLER",23,,32 (+9),,SEW 23-32 (-9),,"GOOD 3PTR by BROWN,TYLER",2
--,"ASSIST  by BRYANT,VALENTINO",,,,,,,"ASSIST  by BRYANT,VALENTINO",2
17:55,,23,,35 (+12),"GOOD 3PTR by PITTS,ALEC",OUM 23-35 (-12),,"GOOD 3PTR by PITTS,ALEC",2
--,,,,,"ASSIST  by JOVAAG,BRANDEN",,,"ASSIST  by JOVAAG,BRANDEN",2
17:29,"MISS 3PTR by AFFRONTI,LEWIS",,,,,,,"MISS 3PTR by AFFRONTI,LEWIS",2
--,"REBOUND OFF by BRYANT,VALENTINO",,,,,,,"REBOUND OFF by BRYANT,VALENTINO",2
17:15,"MISS JUMPER by AFFRONTI,LEWIS",,,,,,,"MISS JUMPER by AFFRONTI,LEWIS",2
--,"REBOUND OFF by AFFRONTI,LEWIS",,,,,,,"REBOUND OFF by AFFRONTI,LEWIS",2
17:11,"GOOD LAYUP by AFFRONTI,LEWIS(in the paint)",25,,35 (+10),,SEW 25-35 (-10),,"GOOD LAYUP by AFFRONTI,LEWIS(in the paint)",2
16:50,,25,,37 (+12),"GOOD JUMPER by PITTS,ALEC",OUM 25-37 (-12),,"GOOD JUMPER by PITTS,ALEC",2
16:17,"MISS JUMPER by BRYANT,VALENTINO",,,,,,,"MISS JUMPER by BRYANT,VALENTINO",2
16:17,,,,,"BLOCK  by PITTS,ALEC",,,"BLOCK  by PITTS,ALEC",2
--,,,,,"REBOUND DEF by JOVAAG,BRANDEN",,,"REBOUND DEF by JOVAAG,BRANDEN",2
16:13,,,,,"TURNOVER  by JOVAAG,BRANDEN",,,"TURNOVER  by JOVAAG,BRANDEN",2
16:11,"TURNOVER  by BRYANT,VALENTINO",,,,,,,"TURNOVER  by BRYANT,VALENTINO",2
16:10,,,,,"STEAL  by MOLINET,CHRISTIAN",,,"STEAL  by MOLINET,CHRISTIAN",2
16:08,,,,,"MISS LAYUP by PURDY,SAM",,,"MISS LAYUP by PURDY,SAM",2
--,"REBOUND DEF by NELSON,ANVIL",,,,,,,"REBOUND DEF by NELSON,ANVIL",2
15:53,"GOOD LAYUP by BROWN,TYLER(in the paint)",27,,37 (+10),,SEW 27-37 (-10),,"GOOD LAYUP by BROWN,TYLER(in the paint)",2
15:35,,,,,"MISS 3PTR by PITTS,ALEC",,,"MISS 3PTR by PITTS,ALEC",2
--,"REBOUND DEF by BROWN,TYLER",,,,,,,"REBOUND DEF by BROWN,TYLER",2
15:18,"GOOD LAYUP by WILLIAMS,TRENT(in the paint)",29,,37 (+8),,SEW 29-37 (-8),,"GOOD LAYUP by WILLIAMS,TRENT(in the paint)",2
15:11,,,,,TIMEOUT 30SEC by TEAM,,,TIMEOUT 30SEC by TEAM,2
15:11,"SUB IN by BOULDIN,BRETT",,,,,,,"SUB IN by BOULDIN,BRETT",2
15:11,"SUB OUT by WILLIAMS,TRENT",,,,,,,"SUB OUT by WILLIAMS,TRENT",2
14:40,,29,,39 (+10),"GOOD JUMPER by MOLINET,CHRISTIAN",OUM 29-39 (-10),,"GOOD JUMPER by MOLINET,CHRISTIAN",2
14:15,"MISS JUMPER by NELSON,ANVIL",,,,,,,"MISS JUMPER by NELSON,ANVIL",2
--,"REBOUND OFF by BRYANT,VALENTINO",,,,,,,"REBOUND OFF by BRYANT,VALENTINO",2
14:14,,,,,"SUB IN by CERONE,TYLER",,,"SUB IN by CERONE,TYLER",2
14:14,,,,,"SUB OUT by JOVAAG,BRANDEN",,,"SUB OUT by JOVAAG,BRANDEN",2
14:06,"MISS 3PTR by AFFRONTI,LEWIS",,,,,,,"MISS 3PTR by AFFRONTI,LEWIS",2
--,,,,,"REBOUND DEF by PURDY,SAM",,,"REBOUND DEF by PURDY,SAM",2
13:55,,29,,41 (+12),"GOOD LAYUP by PITTS,ALEC(fastbreak)(in the paint)",OUM 29-41 (-12),,"GOOD LAYUP by PITTS,ALEC(fastbreak)(in the paint)",2
13:55,"FOUL  by BOULDIN,BRETT",,,,,,,"FOUL  by BOULDIN,BRETT",2
13:55,,29,,42 (+13),"GOOD FT by PITTS,ALEC",OUM 29-42 (-13),,"GOOD FT by PITTS,ALEC",2
13:55,"SUB IN by VEAL,ROBERT",,,,,,,"SUB IN by VEAL,ROBERT",2
13:55,"SUB OUT by BROWN,TYLER",,,,,,,"SUB OUT by BROWN,TYLER",2
13:15,"GOOD 3PTR by BOULDIN,BRETT",32,,42 (+10),,SEW 32-42 (-10),,"GOOD 3PTR by BOULDIN,BRETT",2
--,"ASSIST  by NELSON,ANVIL",,,,,,,"ASSIST  by NELSON,ANVIL",2
13:00,,,,,"MISS JUMPER by MOLINET,CHRISTIAN",,,"MISS JUMPER by MOLINET,CHRISTIAN",2
--,"REBOUND DEF by NELSON,ANVIL",,,,,,,"REBOUND DEF by NELSON,ANVIL",2
12:55,"TURNOVER  by BRYANT,VALENTINO",,,,,,,"TURNOVER  by BRYANT,VALENTINO",2
12:55,"SUB IN by WILLIAMS,TRENT",,,,,,,"SUB IN by WILLIAMS,TRENT",2
12:55,"SUB OUT by BRYANT,VALENTINO",,,,,,,"SUB OUT by BRYANT,VALENTINO",2
12:39,,,,,"MISS 3PTR by PURDY,SAM",,,"MISS 3PTR by PURDY,SAM",2
--,"REBOUND DEF by WILLIAMS,TRENT",,,,,,,"REBOUND DEF by WILLIAMS,TRENT",2
12:23,,,,,"FOUL  by STEIOFF,ANDREW",,,"FOUL  by STEIOFF,ANDREW",2
12:23,"MISS FT by NELSON,ANVIL",,,,,,,"MISS FT by NELSON,ANVIL",2
--,REBOUND DEADB by TEAM,,,,,,,REBOUND DEADB by TEAM,2
12:23,"GOOD FT by NELSON,ANVIL",33,,42 (+9),,SEW 33-42 (-9),,"GOOD FT by NELSON,ANVIL",2
12:23,,,,,"SUB IN by DAVIS,ALEX",,,"SUB IN by DAVIS,ALEX",2
12:23,,,,,"SUB IN by KINNEY,JORDAN",,,"SUB IN by KINNEY,JORDAN",2
12:23,,,,,"SUB OUT by MOLINET,CHRISTIAN",,,"SUB OUT by MOLINET,CHRISTIAN",2
12:23,,,,,"SUB OUT by STEIOFF,ANDREW",,,"SUB OUT by STEIOFF,ANDREW",2
12:02,,,,,"MISS 3PTR by PITTS,ALEC",,,"MISS 3PTR by PITTS,ALEC",2
--,"REBOUND DEF by WILLIAMS,TRENT",,,,,,,"REBOUND DEF by WILLIAMS,TRENT",2
11:39,"FOUL  by NELSON,ANVIL",,,,,,,"FOUL  by NELSON,ANVIL",2
11:39,"TURNOVER  by NELSON,ANVIL",,,,,,,"TURNOVER  by NELSON,ANVIL",2
11:39,"SUB IN by BROWN,TYLER",,,,,,,"SUB IN by BROWN,TYLER",2
11:39,"SUB OUT by NELSON,ANVIL",,,,,,,"SUB OUT by NELSON,ANVIL",2
11:22,,,,,"TURNOVER  by PURDY,SAM",,,"TURNOVER  by PURDY,SAM",2
11:21,"STEAL  by AFFRONTI,LEWIS",,,,,,,"STEAL  by AFFRONTI,LEWIS",2
11:20,"GOOD LAYUP by AFFRONTI,LEWIS(fastbreak)(in the paint)",35,,42 (+7),,SEW 35-42 (-7),,"GOOD LAYUP by AFFRONTI,LEWIS(fastbreak)(in the paint)",2
11:04,,,,,"MISS LAYUP by DAVIS,ALEX",,,"MISS LAYUP by DAVIS,ALEX",2
--,"REBOUND DEF by BROWN,TYLER",,,,,,,"REBOUND DEF by BROWN,TYLER",2
10:54,"GOOD 3PTR by BOULDIN,BRETT",38,,42 (+4),,SEW 38-42 (-4),,"GOOD 3PTR by BOULDIN,BRETT",2
10:47,,,,,TIMEOUT 30SEC by TEAM,,,TIMEOUT 30SEC by TEAM,2
10:29,,38,,44 (+6),"GOOD LAYUP by STEIOFF,ANDREW(in the paint)",OUM 38-44 (-6),,"GOOD LAYUP by STEIOFF,ANDREW(in the paint)",2
--,,,,,"ASSIST  by PITTS,ALEC",,,"ASSIST  by PITTS,ALEC",2
10:17,"GOOD JUMPER by VEAL,ROBERT",40,,44 (+4),,SEW 40-44 (-4),,"GOOD JUMPER by VEAL,ROBERT",2
09:45,,,,,"MISS LAYUP by DAVIS,ALEX",,,"MISS LAYUP by DAVIS,ALEX",2
09:45,"BLOCK  by AFFRONTI,LEWIS",,,,,,,"BLOCK  by AFFRONTI,LEWIS",2
--,"REBOUND DEF by AFFRONTI,LEWIS",,,,,,,"REBOUND DEF by AFFRONTI,LEWIS",2
09:38,"TURNOVER  by BRYANT,VALENTINO",,,,,,,"TURNOVER  by BRYANT,VALENTINO",2
09:38,"SUB IN by BRYANT,VALENTINO",,,,,,,"SUB IN by BRYANT,VALENTINO",2
09:38,"SUB OUT by AFFRONTI,LEWIS",,,,,,,"SUB OUT by AFFRONTI,LEWIS",2
09:38,,,,,"SUB IN by MOLINET,CHRISTIAN",,,"SUB IN by MOLINET,CHRISTIAN",2
09:38,,,,,"SUB IN by JOVAAG,BRANDEN",,,"SUB IN by JOVAAG,BRANDEN",2
09:38,,,,,"SUB OUT by PITTS,ALEC",,,"SUB OUT by PITTS,ALEC",2
09:38,,,,,"SUB OUT by DAVIS,ALEX",,,"SUB OUT by DAVIS,ALEX",2
09:22,,40,,46 (+6),"GOOD LAYUP by STEIOFF,ANDREW(in the paint)",OUM 40-46 (-6),,"GOOD LAYUP by STEIOFF,ANDREW(in the paint)",2
08:56,"MISS LAYUP by VEAL,ROBERT",,,,,,,"MISS LAYUP by VEAL,ROBERT",2
--,"REBOUND OFF by BRYANT,VALENTINO",,,,,,,"REBOUND OFF by BRYANT,VALENTINO",2
08:43,"GOOD LAYUP by BRYANT,VALENTINO(in the paint)",42,,46 (+4),,SEW 42-46 (-4),,"GOOD LAYUP by BRYANT,VALENTINO(in the paint)",2
08:41,,,,,"FOUL  by JOVAAG,BRANDEN",,,"FOUL  by JOVAAG,BRANDEN",2
08:41,"MISS FT by BRYANT,VALENTINO",,,,,,,"MISS FT by BRYANT,VALENTINO",2
--,"REBOUND OFF by BROWN,TYLER",,,,,,,"REBOUND OFF by BROWN,TYLER",2
08:40,"GOOD TIPIN by BROWN,TYLER(in the paint)",44,,46 (+2),,SEW 44-46 (-2),,"GOOD TIPIN by BROWN,TYLER(in the paint)",2
08:14,,44,,48 (+4),"GOOD LAYUP by MOLINET,CHRISTIAN(in the paint)",OUM 44-48 (-4),,"GOOD LAYUP by MOLINET,CHRISTIAN(in the paint)",2
08:13,,,,,TIMEOUT TEAM by TEAM,,,TIMEOUT TEAM by TEAM,2
07:53,"TURNOVER  by BROWN,TYLER",,,,,,,"TURNOVER  by BROWN,TYLER",2
07:52,,,,,"SUB IN by PITTS,ALEC",,,"SUB IN by PITTS,ALEC",2
07:52,,,,,"SUB OUT by CERONE,TYLER",,,"SUB OUT by CERONE,TYLER",2
07:30,,44,,51 (+7),"GOOD 3PTR by PITTS,ALEC",OUM 44-51 (-7),,"GOOD 3PTR by PITTS,ALEC",2
--,,,,,"ASSIST  by MOLINET,CHRISTIAN",,,"ASSIST  by MOLINET,CHRISTIAN",2
07:04,"FOUL  by BROWN,TYLER",,,,,,,"FOUL  by BROWN,TYLER",2
07:04,"TURNOVER  by BROWN,TYLER",,,,,,,"TURNOVER  by BROWN,TYLER",2
06:45,,,,,"FOUL  by STEIOFF,ANDREW",,,"FOUL  by STEIOFF,ANDREW",2
06:45,,,,,"TURNOVER  by STEIOFF,ANDREW",,,"TURNOVER  by STEIOFF,ANDREW",2
06:45,"SUB IN by AFFRONTI,LEWIS",,,,,,,"SUB IN by AFFRONTI,LEWIS",2
06:45,"SUB IN by NELSON,ANVIL",,,,,,,"SUB IN by NELSON,ANVIL",2
06:45,"SUB OUT by BOULDIN,BRETT",,,,,,,"SUB OUT by BOULDIN,BRETT",2
06:45,"SUB OUT by VEAL,ROBERT",,,,,,,"SUB OUT by VEAL,ROBERT",2
06:37,"MISS DUNK by BROWN,TYLER",,,,,,,"MISS DUNK by BROWN,TYLER",2
06:37,,,,,"BLOCK  by PURDY,SAM",,,"BLOCK  by PURDY,SAM",2
--,,,,,"REBOUND DEF by JOVAAG,BRANDEN",,,"REBOUND DEF by JOVAAG,BRANDEN",2
06:16,,44,,53 (+9),"GOOD LAYUP by PURDY,SAM(in the paint)",OUM 44-53 (-9),,"GOOD LAYUP by PURDY,SAM(in the paint)",2
--,,,,,"ASSIST  by MOLINET,CHRISTIAN",,,"ASSIST  by MOLINET,CHRISTIAN",2
06:11,TIMEOUT TEAM by TEAM,,,,,,,TIMEOUT TEAM by TEAM,2
05:48,"MISS 3PTR by BROWN,TYLER",,,,,,,"MISS 3PTR by BROWN,TYLER",2
--,,,,,"REBOUND DEF by JOVAAG,BRANDEN",,,"REBOUND DEF by JOVAAG,BRANDEN",2
05:23,,,,,"MISS 3PTR by PURDY,SAM",,,"MISS 3PTR by PURDY,SAM",2
--,,,,,"REBOUND OFF by PITTS,ALEC",,,"REBOUND OFF by PITTS,ALEC",2
05:06,,44,,56 (+12),"GOOD 3PTR by PITTS,ALEC",OUM 44-56 (-12),,"GOOD 3PTR by PITTS,ALEC",2
--,,,,,"ASSIST  by STEIOFF,ANDREW",,,"ASSIST  by STEIOFF,ANDREW",2
04:52,"MISS JUMPER by NELSON,ANVIL",,,,,,,"MISS JUMPER by NELSON,ANVIL",2
--,,,,,"REBOUND DEF by PURDY,SAM",,,"REBOUND DEF by PURDY,SAM",2
04:25,,44,,58 (+14),"GOOD LAYUP by STEIOFF,ANDREW(in the paint)",OUM 44-58 (-14),,"GOOD LAYUP by STEIOFF,ANDREW(in the paint)",2
04:10,"MISS 3PTR by AFFRONTI,LEWIS",,,,,,,"MISS 3PTR by AFFRONTI,LEWIS",2
--,,,,,"REBOUND DEF by PURDY,SAM",,,"REBOUND DEF by PURDY,SAM",2
03:47,,,,,"MISS LAYUP by PITTS,ALEC",,,"MISS LAYUP by PITTS,ALEC",2
--,,,,,"REBOUND OFF by STEIOFF,ANDREW",,,"REBOUND OFF by STEIOFF,ANDREW",2
03:46,,,,,TIMEOUT TEAM by TEAM,,,TIMEOUT TEAM by TEAM,2
03:44,,,,,"SUB IN by STEIOFF,ANDREW",,,"SUB IN by STEIOFF,ANDREW",2
03:44,,,,,"SUB OUT by KINNEY,JORDAN",,,"SUB OUT by KINNEY,JORDAN",2
03:38,,,,,"MISS 3PTR by PITTS,ALEC",,,"MISS 3PTR by PITTS,ALEC",2
--,,,,,REBOUND DEADB by TEAM,,,REBOUND DEADB by TEAM,2
03:36,"FOUL  by NELSON,ANVIL",,,,,,,"FOUL  by NELSON,ANVIL",2
03:36,"SUB IN by BOULDIN,BRETT",,,,,,,"SUB IN by BOULDIN,BRETT",2
03:36,"SUB IN by VEAL,ROBERT",,,,,,,"SUB IN by VEAL,ROBERT",2
03:36,"SUB OUT by WILLIAMS,TRENT",,,,,,,"SUB OUT by WILLIAMS,TRENT",2
03:36,"SUB OUT by NELSON,ANVIL",,,,,,,"SUB OUT by NELSON,ANVIL",2
03:30,,,,,"MISS JUMPER by MOLINET,CHRISTIAN",,,"MISS JUMPER by MOLINET,CHRISTIAN",2
--,,,,,"REBOUND OFF by STEIOFF,ANDREW",,,"REBOUND OFF by STEIOFF,ANDREW",2
03:28,"FOUL  by VEAL,ROBERT",,,,,,,"FOUL  by VEAL,ROBERT",2
03:28,"FOUL  by BOULDIN,BRETT",,,,,,,"FOUL  by BOULDIN,BRETT",2
03:28,,44,,59 (+15),"GOOD FT by STEIOFF,ANDREW",OUM 44-59 (-15),,"GOOD FT by STEIOFF,ANDREW",2
03:28,,44,,60 (+16),"GOOD FT by STEIOFF,ANDREW",OUM 44-60 (-16),,"GOOD FT by STEIOFF,ANDREW",2
03:22,"TURNOVER  by BOULDIN,BRETT",,,,,,,"TURNOVER  by BOULDIN,BRETT",2
03:19,,,,,"STEAL  by PITTS,ALEC",,,"STEAL  by PITTS,ALEC",2
03:01,,,,,"MISS JUMPER by STEIOFF,ANDREW",,,"MISS JUMPER by STEIOFF,ANDREW",2
03:01,"BLOCK  by VEAL,ROBERT",,,,,,,"BLOCK  by VEAL,ROBERT",2
--,,,,,REBOUND OFF by TEAM,,,REBOUND OFF by TEAM,2
02:58,"SUB IN by WILLIAMS,TRENT",,,,,,,"SUB IN by WILLIAMS,TRENT",2
02:58,"SUB OUT by BROWN,TYLER",,,,,,,"SUB OUT by BROWN,TYLER",2
02:57,"FOUL  by BOULDIN,BRETT",,,,,,,"FOUL  by BOULDIN,BRETT",2
02:57,,,,,"MISS FT by STEIOFF,ANDREW",,,"MISS FT by STEIOFF,ANDREW",2
--,"REBOUND DEF by VEAL,ROBERT",,,,,,,"REBOUND DEF by VEAL,ROBERT",2
02:50,"MISS 3PTR by BOULDIN,BRETT",,,,,,,"MISS 3PTR by BOULDIN,BRETT",2
--,,,,,"REBOUND DEF by PITTS,ALEC",,,"REBOUND DEF by PITTS,ALEC",2
02:25,,,,,"MISS LAYUP by MOLINET,CHRISTIAN",,,"MISS LAYUP by MOLINET,CHRISTIAN",2
--,"REBOUND DEF by VEAL,ROBERT",,,,,,,"REBOUND DEF by VEAL,ROBERT",2
02:20,"TURNOVER  by BOULDIN,BRETT",,,,,,,"TURNOVER  by BOULDIN,BRETT",2
02:18,,,,,"STEAL  by PURDY,SAM",,,"STEAL  by PURDY,SAM",2
02:16,,,,,"MISS LAYUP by STEIOFF,ANDREW",,,"MISS LAYUP by STEIOFF,ANDREW",2
--,"REBOUND DEF by AFFRONTI,LEWIS",,,,,,,"REBOUND DEF by AFFRONTI,LEWIS",2
02:07,"GOOD JUMPER by VEAL,ROBERT(fastbreak)",46,,60 (+14),,SEW 46-60 (-14),,"GOOD JUMPER by VEAL,ROBERT(fastbreak)",2
--,"ASSIST  by BRYANT,VALENTINO",,,,,,,"ASSIST  by BRYANT,VALENTINO",2
02:05,TIMEOUT TEAM by TEAM,,,,,,,TIMEOUT TEAM by TEAM,2
02:05,"SUB IN by CALDWELL,MARCELLUS",,,,,,,"SUB IN by CALDWELL,MARCELLUS",2
02:05,"SUB OUT by WILLIAMS,TRENT",,,,,,,"SUB OUT by WILLIAMS,TRENT",2
01:34,,,,,"TURNOVER  by STEIOFF,ANDREW",,,"TURNOVER  by STEIOFF,ANDREW",2
01:34,"SUB IN by WILLIAMS,TRENT",,,,,,,"SUB IN by WILLIAMS,TRENT",2
01:34,"SUB OUT by CALDWELL,MARCELLUS",,,,,,,"SUB OUT by CALDWELL,MARCELLUS",2
01:29,,,,,"FOUL  by MOLINET,CHRISTIAN",,,"FOUL  by MOLINET,CHRISTIAN",2
01:29,"MISS FT by AFFRONTI,LEWIS",,,,,,,"MISS FT by AFFRONTI,LEWIS",2
--,REBOUND DEADB by TEAM,,,,,,,REBOUND DEADB by TEAM,2
01:29,"MISS FT by AFFRONTI,LEWIS",,,,,,,"MISS FT by AFFRONTI,LEWIS",2
--,,,,,"REBOUND DEF by PURDY,SAM",,,"REBOUND DEF by PURDY,SAM",2
01:29,"SUB IN by CALDWELL,MARCELLUS",,,,,,,"SUB IN by CALDWELL,MARCELLUS",2
01:29,"SUB OUT by WILLIAMS,TRENT",,,,,,,"SUB OUT by WILLIAMS,TRENT",2
01:23,,,,,"MISS LAYUP by STEIOFF,ANDREW",,,"MISS LAYUP by STEIOFF,ANDREW",2
--,,,,,"REBOUND OFF by JOVAAG,BRANDEN",,,"REBOUND OFF by JOVAAG,BRANDEN",2
01:19,,46,,62 (+16),"GOOD LAYUP by JOVAAG,BRANDEN(in the paint)",OUM 46-62 (-16),,"GOOD LAYUP by JOVAAG,BRANDEN(in the paint)",2
01:14,"GOOD 3PTR by VEAL,ROBERT",49,,62 (+13),,SEW 49-62 (-13),,"GOOD 3PTR by VEAL,ROBERT",2
--,"ASSIST  by BRYANT,VALENTINO",,,,,,,"ASSIST  by BRYANT,VALENTINO",2
01:08,TIMEOUT TEAM by TEAM,,,,,,,TIMEOUT TEAM by TEAM,2
01:03,"FOUL  by CALDWELL,MARCELLUS",,,,,,,"FOUL  by CALDWELL,MARCELLUS",2
01:03,,49,,63 (+14),"GOOD FT by MOLINET,CHRISTIAN",OUM 49-63 (-14),,"GOOD FT by MOLINET,CHRISTIAN",2
01:03,,49,,64 (+15),"GOOD FT by MOLINET,CHRISTIAN",OUM 49-64 (-15),,"GOOD FT by MOLINET,CHRISTIAN",2
01:03,"SUB IN by WILLIAMS,TRENT",,,,,,,"SUB IN by WILLIAMS,TRENT",2
01:03,"SUB OUT by CALDWELL,MARCELLUS",,,,,,,"SUB OUT by CALDWELL,MARCELLUS",2
00:55,"TURNOVER  by BRYANT,VALENTINO",,,,,,,"TURNOVER  by BRYANT,VALENTINO",2
00:55,,,,,"STEAL  by JOVAAG,BRANDEN",,,"STEAL  by JOVAAG,BRANDEN",2
00:55,"FOUL  by VEAL,ROBERT",,,,,,,"FOUL  by VEAL,ROBERT",2
00:55,,49,,65 (+16),"GOOD FT by STEIOFF,ANDREW",OUM 49-65 (-16),,"GOOD FT by STEIOFF,ANDREW",2
00:55,,,,,"MISS FT by STEIOFF,ANDREW",,,"MISS FT by STEIOFF,ANDREW",2
--,"REBOUND DEF by WILLIAMS,TRENT",,,,,,,"REBOUND DEF by WILLIAMS,TRENT",2
00:47,"MISS LAYUP by BRYANT,VALENTINO",,,,,,,"MISS LAYUP by BRYANT,VALENTINO",2
--,,,,,"REBOUND DEF by PITTS,ALEC",,,"REBOUND DEF by PITTS,ALEC",2
00:30,"FOUL  by BRYANT,VALENTINO",,,,,,,"FOUL  by BRYANT,VALENTINO",2
00:30,,49,,66 (+17),"GOOD FT by PITTS,ALEC",OUM 49-66 (-17),,"GOOD FT by PITTS,ALEC",2
00:30,,49,,67 (+18),"GOOD FT by PITTS,ALEC",OUM 49-67 (-18),,"GOOD FT by PITTS,ALEC",2
00:30,,,,,"SUB IN by CERONE,TYLER",,,"SUB IN by CERONE,TYLER",2
00:30,,,,,"SUB OUT by PITTS,ALEC",,,"SUB OUT by PITTS,ALEC",2
00:21,"MISS 3PTR by AFFRONTI,LEWIS",,,,,,,"MISS 3PTR by AFFRONTI,LEWIS",2
--,"REBOUND OFF by AFFRONTI,LEWIS",,,,,,,"REBOUND OFF by AFFRONTI,LEWIS",2
00:19,"MISS 3PTR by VEAL,ROBERT",,,,,,,"MISS 3PTR by VEAL,ROBERT",2
--,,,,,"REBOUND DEF by CERONE,TYLER",,,"REBOUND DEF by CERONE,TYLER",2
00:10,,49,,69 (+20),"GOOD DUNK by STEIOFF,ANDREW(fastbreak)(in the paint)",OUM 49-69 (-20),,"GOOD DUNK by STEIOFF,ANDREW(fastbreak)(in the paint)",2
--,,,,,"ASSIST  by PURDY,SAM",,,"ASSIST  by PURDY,SAM",2
00:03,"MISS 3PTR by AFFRONTI,LEWIS",,,,,,,"MISS 3PTR by AFFRONTI,LEWIS",2
--,,,,,REBOUND DEF by TEAM,,,REBOUND DEF by TEAM,2
