GameID,VisitorName,HomeName,VisitorWinPercent,HomeWinPercent,Outcome,Away Team Score,Home Team Score,Point Differential,Period,Home Shooting PCT,Home 3PTRs PCT,Away Shooting PCT,Away 3PTRs PCT,Time Remaining Secs,Seconds Elapsed,Play
18_12_29_4_12,Hendrix,Mary Hardin-Baylor,0.5,0.5,Win,0,0,0,1,0.0,0.0,0.0,0.0,2383,17,"MISS 3PTR by STANLEY,SETH"
18_12_29_4_12,Hendrix,Mary Hardin-Baylor,0.5,0.5,Win,0,0,0,1,0.0,0.0,0.0,0.0,2383,17,"REBOUND DEF by MOORE,SAM"
18_12_29_4_12,Hendrix,Mary Hardin-Baylor,0.5,0.5,Win,0,0,0,1,0.0,0.0,0.0,0.0,2372,28,"MISS JUMPER by LONG,BRIAN"
18_12_29_4_12,Hendrix,Mary Hardin-Baylor,0.5,0.5,Win,0,0,0,1,0.0,0.0,0.0,0.0,2372,28,"REBOUND DEF by SMITH,PRESTON"
18_12_29_4_12,Hendrix,Mary Hardin-Baylor,0.5,0.5,Win,0,0,0,1,0.0,0.0,0.0,0.0,2360,40,"MISS 3PTR by SMITH,PRESTON"
18_12_29_4_12,Hendrix,Mary Hardin-Baylor,0.5,0.5,Win,0,0,0,1,0.0,0.0,0.0,0.0,2360,40,"REBOUND DEF by MOORE,SAM"
18_12_29_4_12,Hendrix,Mary Hardin-Baylor,0.5,0.5,Win,0,2,2,1,0.0,0.0,0.25,0.0,2353,47,"GOOD JUMPER by MOORE,SAM"
18_12_29_4_12,Hendrix,Mary Hardin-Baylor,0.5,0.5,Win,0,2,2,1,0.0,0.0,0.2,0.0,2332,68,"MISS JUMPER by LINK,JACOB"
18_12_29_4_12,Hendrix,Mary Hardin-Baylor,0.5,0.5,Win,0,2,2,1,0.0,0.0,0.2,0.0,2332,68,"REBOUND DEF by MOORE,SAM"
18_12_29_4_12,Hendrix,Mary Hardin-Baylor,0.5,0.5,Win,0,5,5,1,0.0,0.0,0.333,0.333,2326,74,"GOOD 3PTR by LONG,BRIAN(fastbreak)"
18_12_29_4_12,Hendrix,Mary Hardin-Baylor,0.5,0.5,Win,0,5,5,1,0.0,0.0,0.333,0.333,2326,74,"ASSIST  by CARTER,BYRALE"
18_12_29_4_12,Hendrix,Mary Hardin-Baylor,0.5,0.5,Win,2,5,3,1,0.25,0.0,0.429,0.333,2307,93,"GOOD JUMPER by STANLEY,SETH(in the paint)"
18_12_29_4_12,Hendrix,Mary Hardin-Baylor,0.5,0.5,Win,2,5,3,1,0.25,0.0,0.429,0.333,2307,93,"FOUL  by LONG,BRIAN"
18_12_29_4_12,Hendrix,Mary Hardin-Baylor,0.5,0.5,Win,2,5,3,1,0.2,0.0,0.375,0.333,2307,93,"MISS FT by STANLEY,SETH"
18_12_29_4_12,Hendrix,Mary Hardin-Baylor,0.5,0.5,Win,2,5,3,1,0.2,0.0,0.375,0.333,2307,93,"REBOUND DEF by HYSON,LAKENDRIC"
18_12_29_4_12,Hendrix,Mary Hardin-Baylor,0.5,0.5,Win,2,5,3,1,0.2,0.0,0.375,0.333,2295,105,"FOUL  by DAVIS,MIKE"
18_12_29_4_12,Hendrix,Mary Hardin-Baylor,0.5,0.5,Win,2,5,3,1,0.2,0.0,0.375,0.333,2295,105,"TURNOVER  by DAVIS,MIKE"
18_12_29_4_12,Hendrix,Mary Hardin-Baylor,0.5,0.5,Win,2,5,3,1,0.2,0.0,0.375,0.333,2270,130,"FOUL  by CARTER,BYRALE"
18_12_29_4_12,Hendrix,Mary Hardin-Baylor,0.5,0.5,Win,3,5,2,1,0.333,0.0,0.444,0.333,2270,130,"GOOD FT by LINK,JACOB"
18_12_29_4_12,Hendrix,Mary Hardin-Baylor,0.5,0.5,Win,4,5,1,1,0.429,0.0,0.5,0.333,2270,130,"GOOD FT by LINK,JACOB"
18_12_29_4_12,Hendrix,Mary Hardin-Baylor,0.5,0.5,Win,4,5,1,1,0.429,0.0,0.455,0.333,2250,150,"MISS JUMPER by LONG,BRIAN"
18_12_29_4_12,Hendrix,Mary Hardin-Baylor,0.5,0.5,Win,4,5,1,1,0.429,0.0,0.455,0.333,2250,150,"REBOUND DEF by FITCH,CARL"
18_12_29_4_12,Hendrix,Mary Hardin-Baylor,0.5,0.5,Win,6,5,-1,1,0.5,0.0,0.5,0.333,2237,163,"GOOD JUMPER by COMMAN,SEAN(in the paint)"
18_12_29_4_12,Hendrix,Mary Hardin-Baylor,0.5,0.5,Win,6,5,-1,1,0.5,0.0,0.5,0.333,2237,163,"ASSIST  by STANLEY,SETH"
18_12_29_4_12,Hendrix,Mary Hardin-Baylor,0.5,0.5,Win,6,5,-1,1,0.5,0.0,0.462,0.333,2219,181,"MISS JUMPER by HYSON,LAKENDRIC"
18_12_29_4_12,Hendrix,Mary Hardin-Baylor,0.5,0.5,Win,6,5,-1,1,0.5,0.0,0.462,0.333,2219,181,"REBOUND OFF by MOORE,SAM"
18_12_29_4_12,Hendrix,Mary Hardin-Baylor,0.5,0.5,Win,6,7,1,1,0.5,0.0,0.5,0.333,2214,186,"GOOD LAYUP by MOORE,SAM(in the paint)"
18_12_29_4_12,Hendrix,Mary Hardin-Baylor,0.5,0.5,Win,6,7,1,1,0.444,0.0,0.467,0.333,2199,201,"MISS JUMPER by COMMAN,SEAN"
18_12_29_4_12,Hendrix,Mary Hardin-Baylor,0.5,0.5,Win,6,7,1,1,0.444,0.0,0.467,0.333,2199,201,"REBOUND DEF by LONG,BRIAN"
18_12_29_4_12,Hendrix,Mary Hardin-Baylor,0.5,0.5,Win,6,7,1,1,0.444,0.0,0.438,0.333,2195,205,"MISS JUMPER by MOORE,SAM"
18_12_29_4_12,Hendrix,Mary Hardin-Baylor,0.5,0.5,Win,6,7,1,1,0.444,0.0,0.438,0.333,2195,205,REBOUND OFF by TEAM
18_12_29_4_12,Hendrix,Mary Hardin-Baylor,0.5,0.5,Win,6,7,1,1,0.444,0.0,0.412,0.333,2194,206,"MISS JUMPER by LONG,BRIAN"
18_12_29_4_12,Hendrix,Mary Hardin-Baylor,0.5,0.5,Win,6,7,1,1,0.444,0.0,0.412,0.333,2194,206,"REBOUND DEF by COMMAN,SEAN"
18_12_29_4_12,Hendrix,Mary Hardin-Baylor,0.5,0.5,Win,6,7,1,1,0.444,0.0,0.412,0.333,2192,208,"FOUL  by SMITH,PRESTON"
18_12_29_4_12,Hendrix,Mary Hardin-Baylor,0.5,0.5,Win,6,7,1,1,0.444,0.0,0.412,0.333,2185,215,"FOUL  by STANLEY,SETH"
18_12_29_4_12,Hendrix,Mary Hardin-Baylor,0.5,0.5,Win,6,7,1,1,0.444,0.0,0.412,0.333,2181,219,"TURNOVER  by MOORE,SAM"
18_12_29_4_12,Hendrix,Mary Hardin-Baylor,0.5,0.5,Win,9,7,-2,1,0.5,0.333,0.444,0.5,2155,245,"GOOD 3PTR by COMMAN,SEAN"
18_12_29_4_12,Hendrix,Mary Hardin-Baylor,0.5,0.5,Win,9,7,-2,1,0.5,0.333,0.444,0.5,2155,245,"ASSIST  by LINK,JACOB"
18_12_29_4_12,Hendrix,Mary Hardin-Baylor,0.5,0.5,Win,9,7,-2,1,0.5,0.333,0.444,0.5,2140,260,"FOUL  by SMITH,PRESTON"
18_12_29_4_12,Hendrix,Mary Hardin-Baylor,0.5,0.5,Win,9,7,-2,1,0.5,0.333,0.444,0.5,2140,260,TIMEOUT  by TEAM
18_12_29_4_12,Hendrix,Mary Hardin-Baylor,0.5,0.5,Win,9,7,-2,1,0.5,0.333,0.444,0.5,2140,260,"SUB OUT by SMITH,PRESTON"
18_12_29_4_12,Hendrix,Mary Hardin-Baylor,0.5,0.5,Win,9,7,-2,1,0.5,0.333,0.444,0.5,2140,260,"SUB IN by ROUSE,TREY"
18_12_29_4_12,Hendrix,Mary Hardin-Baylor,0.5,0.5,Win,9,7,-2,1,0.5,0.333,0.444,0.5,2140,260,"SUB OUT by LINK,JACOB"
18_12_29_4_12,Hendrix,Mary Hardin-Baylor,0.5,0.5,Win,9,7,-2,1,0.5,0.333,0.444,0.5,2140,260,"SUB IN by BRASFIELD,KAM"
18_12_29_4_12,Hendrix,Mary Hardin-Baylor,0.5,0.5,Win,9,7,-2,1,0.5,0.333,0.444,0.5,2131,269,"TURNOVER  by LONG,BRIAN"
18_12_29_4_12,Hendrix,Mary Hardin-Baylor,0.5,0.5,Win,9,7,-2,1,0.5,0.333,0.444,0.5,2131,269,"STEAL  by STANLEY,SETH"
18_12_29_4_12,Hendrix,Mary Hardin-Baylor,0.5,0.5,Win,9,7,-2,1,0.5,0.333,0.444,0.5,2123,277,"FOUL  by LONG,BRIAN"
18_12_29_4_12,Hendrix,Mary Hardin-Baylor,0.5,0.5,Win,9,7,-2,1,0.5,0.333,0.444,0.5,2123,277,"SUB OUT by LONG,BRIAN"
18_12_29_4_12,Hendrix,Mary Hardin-Baylor,0.5,0.5,Win,9,7,-2,1,0.5,0.333,0.444,0.5,2123,277,"SUB IN by MARTIN,SHAQ"
18_12_29_4_12,Hendrix,Mary Hardin-Baylor,0.5,0.5,Win,9,7,-2,1,0.455,0.25,0.421,0.4,2105,295,"MISS 3PTR by ROUSE,TREY"
18_12_29_4_12,Hendrix,Mary Hardin-Baylor,0.5,0.5,Win,9,7,-2,1,0.455,0.25,0.421,0.4,2105,295,"REBOUND DEF by MOORE,SAM"
18_12_29_4_12,Hendrix,Mary Hardin-Baylor,0.5,0.5,Win,9,9,0,1,0.455,0.25,0.45,0.4,2097,303,"GOOD JUMPER by MOORE,SAM(fastbreak)(in the paint)"
18_12_29_4_12,Hendrix,Mary Hardin-Baylor,0.5,0.5,Win,11,9,-2,1,0.5,0.25,0.476,0.4,2083,317,"GOOD JUMPER by FITCH,CARL(in the paint)"
18_12_29_4_12,Hendrix,Mary Hardin-Baylor,0.5,0.5,Win,11,9,-2,1,0.5,0.25,0.476,0.4,2083,317,"ASSIST  by BRASFIELD,KAM"
18_12_29_4_12,Hendrix,Mary Hardin-Baylor,0.5,0.5,Win,11,9,-2,1,0.5,0.25,0.455,0.4,2071,329,"MISS JUMPER by HYSON,LAKENDRIC"
18_12_29_4_12,Hendrix,Mary Hardin-Baylor,0.5,0.5,Win,11,9,-2,1,0.5,0.25,0.455,0.4,2071,329,"REBOUND OFF by MARTIN,SHAQ"
18_12_29_4_12,Hendrix,Mary Hardin-Baylor,0.5,0.5,Win,11,11,0,1,0.5,0.25,0.478,0.4,2063,337,"GOOD JUMPER by HYSON,LAKENDRIC(in the paint)"
18_12_29_4_12,Hendrix,Mary Hardin-Baylor,0.5,0.5,Win,11,11,0,1,0.5,0.25,0.478,0.4,2063,337,"ASSIST  by CARTER,BYRALE"
18_12_29_4_12,Hendrix,Mary Hardin-Baylor,0.5,0.5,Win,11,11,0,1,0.462,0.2,0.458,0.333,2053,347,"MISS 3PTR by COMMAN,SEAN"
18_12_29_4_12,Hendrix,Mary Hardin-Baylor,0.5,0.5,Win,11,11,0,1,0.462,0.2,0.458,0.333,2053,347,"REBOUND DEF by MOORE,SAM"
18_12_29_4_12,Hendrix,Mary Hardin-Baylor,0.5,0.5,Win,11,11,0,1,0.462,0.2,0.458,0.333,2047,353,"TURNOVER  by MOORE,SAM"
18_12_29_4_12,Hendrix,Mary Hardin-Baylor,0.5,0.5,Win,11,11,0,1,0.462,0.2,0.458,0.333,2047,353,"STEAL  by FITCH,CARL"
18_12_29_4_12,Hendrix,Mary Hardin-Baylor,0.5,0.5,Win,11,11,0,1,0.429,0.167,0.44,0.286,2029,371,"MISS 3PTR by COMMAN,SEAN"
18_12_29_4_12,Hendrix,Mary Hardin-Baylor,0.5,0.5,Win,11,11,0,1,0.429,0.167,0.44,0.286,2029,371,"REBOUND DEF by MARTIN,SHAQ"
18_12_29_4_12,Hendrix,Mary Hardin-Baylor,0.5,0.5,Win,11,11,0,1,0.429,0.167,0.423,0.25,2022,378,"MISS 3PTR by CARTER,BYRALE"
18_12_29_4_12,Hendrix,Mary Hardin-Baylor,0.5,0.5,Win,11,11,0,1,0.429,0.167,0.423,0.25,2022,378,REBOUND DEF by TEAM
18_12_29_4_12,Hendrix,Mary Hardin-Baylor,0.5,0.5,Win,11,11,0,1,0.429,0.167,0.423,0.25,2020,380,"SUB OUT by STANLEY,SETH"
18_12_29_4_12,Hendrix,Mary Hardin-Baylor,0.5,0.5,Win,11,11,0,1,0.429,0.167,0.423,0.25,2020,380,"SUB IN by RIDING,JAKE"
18_12_29_4_12,Hendrix,Mary Hardin-Baylor,0.5,0.5,Win,11,11,0,1,0.429,0.167,0.423,0.25,2020,380,"SUB OUT by FITCH,CARL"
18_12_29_4_12,Hendrix,Mary Hardin-Baylor,0.5,0.5,Win,11,11,0,1,0.429,0.167,0.423,0.25,2020,380,"SUB IN by CONRAD,ALEX"
18_12_29_4_12,Hendrix,Mary Hardin-Baylor,0.5,0.5,Win,11,11,0,1,0.429,0.167,0.423,0.25,2020,380,"SUB OUT by COMMAN,SEAN"
18_12_29_4_12,Hendrix,Mary Hardin-Baylor,0.5,0.5,Win,11,11,0,1,0.429,0.167,0.423,0.25,2020,380,"SUB IN by EATON,JACK"
18_12_29_4_12,Hendrix,Mary Hardin-Baylor,0.5,0.5,Win,11,11,0,1,0.4,0.143,0.407,0.222,2009,391,"MISS 3PTR by BRASFIELD,KAM"
18_12_29_4_12,Hendrix,Mary Hardin-Baylor,0.5,0.5,Win,11,11,0,1,0.4,0.143,0.407,0.222,2009,391,"REBOUND DEF by MOORE,SAM"
18_12_29_4_12,Hendrix,Mary Hardin-Baylor,0.5,0.5,Win,11,13,2,1,0.4,0.143,0.429,0.222,2001,399,"GOOD JUMPER by HYSON,LAKENDRIC(fastbreak)(in the paint)"
18_12_29_4_12,Hendrix,Mary Hardin-Baylor,0.5,0.5,Win,11,13,2,1,0.4,0.143,0.429,0.222,2001,399,"ASSIST  by MOORE,SAM"
18_12_29_4_12,Hendrix,Mary Hardin-Baylor,0.5,0.5,Win,11,13,2,1,0.4,0.143,0.429,0.222,2001,399,"FOUL  by BRASFIELD,KAM"
18_12_29_4_12,Hendrix,Mary Hardin-Baylor,0.5,0.5,Win,11,14,3,1,0.4,0.143,0.448,0.222,2001,399,"GOOD FT by HYSON,LAKENDRIC(fastbreak)"
18_12_29_4_12,Hendrix,Mary Hardin-Baylor,0.5,0.5,Win,11,14,3,1,0.4,0.143,0.448,0.222,1989,411,"TURNOVER  by EATON,JACK"
18_12_29_4_12,Hendrix,Mary Hardin-Baylor,0.5,0.5,Win,11,16,5,1,0.4,0.143,0.467,0.222,1976,424,"GOOD JUMPER by HYSON,LAKENDRIC"
18_12_29_4_12,Hendrix,Mary Hardin-Baylor,0.5,0.5,Win,11,16,5,1,0.4,0.143,0.467,0.222,1964,436,"FOUL  by ROUSE,TREY"
18_12_29_4_12,Hendrix,Mary Hardin-Baylor,0.5,0.5,Win,11,16,5,1,0.4,0.143,0.467,0.222,1964,436,"TURNOVER  by ROUSE,TREY"
18_12_29_4_12,Hendrix,Mary Hardin-Baylor,0.5,0.5,Win,11,16,5,1,0.4,0.143,0.467,0.222,1964,436,"SUB OUT by CARTER,BYRALE"
18_12_29_4_12,Hendrix,Mary Hardin-Baylor,0.5,0.5,Win,11,16,5,1,0.4,0.143,0.467,0.222,1964,436,"SUB IN by PRIDE,JORDAN"
18_12_29_4_12,Hendrix,Mary Hardin-Baylor,0.5,0.5,Win,11,16,5,1,0.4,0.143,0.452,0.222,1954,446,"MISS JUMPER by MOORE,SAM"
18_12_29_4_12,Hendrix,Mary Hardin-Baylor,0.5,0.5,Win,11,16,5,1,0.4,0.143,0.452,0.222,1954,446,"REBOUND OFF by DAVIS,MIKE"
18_12_29_4_12,Hendrix,Mary Hardin-Baylor,0.5,0.5,Win,11,16,5,1,0.4,0.143,0.438,0.2,1941,459,"MISS 3PTR by MOORE,SAM"
18_12_29_4_12,Hendrix,Mary Hardin-Baylor,0.5,0.5,Win,11,16,5,1,0.4,0.143,0.438,0.2,1941,459,"REBOUND OFF by DAVIS,MIKE"
18_12_29_4_12,Hendrix,Mary Hardin-Baylor,0.5,0.5,Win,11,16,5,1,0.4,0.143,0.424,0.2,1935,465,"MISS JUMPER by DAVIS,MIKE"
18_12_29_4_12,Hendrix,Mary Hardin-Baylor,0.5,0.5,Win,11,16,5,1,0.4,0.143,0.424,0.2,1935,465,"REBOUND OFF by DAVIS,MIKE"
18_12_29_4_12,Hendrix,Mary Hardin-Baylor,0.5,0.5,Win,11,16,5,1,0.4,0.143,0.412,0.2,1932,468,"MISS JUMPER by HYSON,LAKENDRIC"
18_12_29_4_12,Hendrix,Mary Hardin-Baylor,0.5,0.5,Win,11,16,5,1,0.4,0.143,0.412,0.2,1932,468,"REBOUND DEF by BRASFIELD,KAM"
18_12_29_4_12,Hendrix,Mary Hardin-Baylor,0.5,0.5,Win,11,16,5,1,0.375,0.143,0.4,0.2,1927,473,"MISS JUMPER by BRASFIELD,KAM"
18_12_29_4_12,Hendrix,Mary Hardin-Baylor,0.5,0.5,Win,11,16,5,1,0.375,0.143,0.4,0.2,1927,473,"REBOUND DEF by HYSON,LAKENDRIC"
18_12_29_4_12,Hendrix,Mary Hardin-Baylor,0.5,0.5,Win,11,18,7,1,0.375,0.143,0.417,0.2,1919,481,"GOOD JUMPER by HYSON,LAKENDRIC(fastbreak)(in the paint)"
18_12_29_4_12,Hendrix,Mary Hardin-Baylor,0.5,0.5,Win,11,18,7,1,0.375,0.143,0.417,0.2,1919,481,"FOUL  by RIDING,JAKE"
18_12_29_4_12,Hendrix,Mary Hardin-Baylor,0.5,0.5,Win,11,18,7,1,0.375,0.143,0.417,0.2,1919,481,TIMEOUT  by TEAM
18_12_29_4_12,Hendrix,Mary Hardin-Baylor,0.5,0.5,Win,11,18,7,1,0.375,0.143,0.417,0.2,1919,481,"SUB OUT by ROUSE,TREY"
18_12_29_4_12,Hendrix,Mary Hardin-Baylor,0.5,0.5,Win,11,18,7,1,0.375,0.143,0.417,0.2,1919,481,"SUB IN by LINK,JACOB"
18_12_29_4_12,Hendrix,Mary Hardin-Baylor,0.5,0.5,Win,11,19,8,1,0.375,0.143,0.432,0.2,1919,481,"GOOD FT by HYSON,LAKENDRIC(fastbreak)"
18_12_29_4_12,Hendrix,Mary Hardin-Baylor,0.5,0.5,Win,11,19,8,1,0.353,0.143,0.421,0.2,1903,497,"MISS JUMPER by RIDING,JAKE"
18_12_29_4_12,Hendrix,Mary Hardin-Baylor,0.5,0.5,Win,11,19,8,1,0.353,0.143,0.421,0.2,1903,497,"REBOUND DEF by HYSON,LAKENDRIC"
18_12_29_4_12,Hendrix,Mary Hardin-Baylor,0.5,0.5,Win,11,19,8,1,0.353,0.143,0.421,0.2,1897,503,"FOUL  by EATON,JACK"
18_12_29_4_12,Hendrix,Mary Hardin-Baylor,0.5,0.5,Win,11,20,9,1,0.353,0.143,0.436,0.2,1897,503,"GOOD FT by HYSON,LAKENDRIC(fastbreak)"
18_12_29_4_12,Hendrix,Mary Hardin-Baylor,0.5,0.5,Win,11,20,9,1,0.353,0.143,0.436,0.2,1897,503,"SUB OUT by EATON,JACK"
18_12_29_4_12,Hendrix,Mary Hardin-Baylor,0.5,0.5,Win,11,20,9,1,0.353,0.143,0.436,0.2,1897,503,"SUB IN by SMITH,PRESTON"
18_12_29_4_12,Hendrix,Mary Hardin-Baylor,0.5,0.5,Win,11,21,10,1,0.353,0.143,0.45,0.2,1897,503,"GOOD FT by HYSON,LAKENDRIC(fastbreak)"
18_12_29_4_12,Hendrix,Mary Hardin-Baylor,0.5,0.5,Win,11,21,10,1,0.333,0.125,0.439,0.182,1880,520,"MISS 3PTR by SMITH,PRESTON"
18_12_29_4_12,Hendrix,Mary Hardin-Baylor,0.5,0.5,Win,11,21,10,1,0.333,0.125,0.439,0.182,1880,520,"REBOUND DEF by HYSON,LAKENDRIC"
18_12_29_4_12,Hendrix,Mary Hardin-Baylor,0.5,0.5,Win,11,23,12,1,0.333,0.125,0.452,0.182,1865,535,"GOOD JUMPER by DAVIS,MIKE"
18_12_29_4_12,Hendrix,Mary Hardin-Baylor,0.5,0.5,Win,11,23,12,1,0.333,0.125,0.452,0.182,1865,535,"ASSIST  by MARTIN,SHAQ"
18_12_29_4_12,Hendrix,Mary Hardin-Baylor,0.5,0.5,Win,13,23,10,1,0.368,0.125,0.465,0.182,1845,555,"GOOD JUMPER by RIDING,JAKE(in the paint)"
18_12_29_4_12,Hendrix,Mary Hardin-Baylor,0.5,0.5,Win,13,23,10,1,0.368,0.125,0.465,0.182,1845,555,"ASSIST  by SMITH,PRESTON"
18_12_29_4_12,Hendrix,Mary Hardin-Baylor,0.5,0.5,Win,13,26,13,1,0.368,0.125,0.477,0.25,1833,567,"GOOD 3PTR by MARTIN,SHAQ"
18_12_29_4_12,Hendrix,Mary Hardin-Baylor,0.5,0.5,Win,13,26,13,1,0.368,0.125,0.477,0.25,1833,567,"ASSIST  by MOORE,SAM"
18_12_29_4_12,Hendrix,Mary Hardin-Baylor,0.5,0.5,Win,13,26,13,1,0.368,0.125,0.477,0.25,1817,583,"FOUL  by DAVIS,MIKE"
18_12_29_4_12,Hendrix,Mary Hardin-Baylor,0.5,0.5,Win,13,26,13,1,0.35,0.125,0.467,0.25,1803,597,"MISS JUMPER by CONRAD,ALEX"
18_12_29_4_12,Hendrix,Mary Hardin-Baylor,0.5,0.5,Win,13,26,13,1,0.35,0.125,0.467,0.25,1803,597,"REBOUND DEF by MOORE,SAM"
18_12_29_4_12,Hendrix,Mary Hardin-Baylor,0.5,0.5,Win,13,26,13,1,0.35,0.125,0.457,0.25,1794,606,"MISS JUMPER by MOORE,SAM"
18_12_29_4_12,Hendrix,Mary Hardin-Baylor,0.5,0.5,Win,13,26,13,1,0.35,0.125,0.457,0.25,1794,606,"REBOUND DEF by RIDING,JAKE"
18_12_29_4_12,Hendrix,Mary Hardin-Baylor,0.5,0.5,Win,13,26,13,1,0.35,0.125,0.457,0.25,1794,606,"FOUL  by MOORE,SAM"
18_12_29_4_12,Hendrix,Mary Hardin-Baylor,0.5,0.5,Win,13,26,13,1,0.35,0.125,0.457,0.25,1794,606,"SUB OUT by DAVIS,MIKE"
18_12_29_4_12,Hendrix,Mary Hardin-Baylor,0.5,0.5,Win,13,26,13,1,0.35,0.125,0.457,0.25,1794,606,"SUB IN by LANG,RYAN"
18_12_29_4_12,Hendrix,Mary Hardin-Baylor,0.5,0.5,Win,13,26,13,1,0.333,0.111,0.447,0.231,1781,619,"MISS 3PTR by RIDING,JAKE"
18_12_29_4_12,Hendrix,Mary Hardin-Baylor,0.5,0.5,Win,13,26,13,1,0.333,0.111,0.447,0.231,1781,619,"REBOUND DEF by MOORE,SAM"
18_12_29_4_12,Hendrix,Mary Hardin-Baylor,0.5,0.5,Win,13,26,13,1,0.333,0.111,0.447,0.231,1768,632,"TURNOVER  by MARTIN,SHAQ"
18_12_29_4_12,Hendrix,Mary Hardin-Baylor,0.5,0.5,Win,13,26,13,1,0.333,0.111,0.447,0.231,1768,632,"SUB OUT by RIDING,JAKE"
18_12_29_4_12,Hendrix,Mary Hardin-Baylor,0.5,0.5,Win,13,26,13,1,0.333,0.111,0.447,0.231,1768,632,"SUB IN by STANLEY,SETH"
18_12_29_4_12,Hendrix,Mary Hardin-Baylor,0.5,0.5,Win,13,26,13,1,0.318,0.1,0.438,0.214,1753,647,"MISS 3PTR by STANLEY,SETH"
18_12_29_4_12,Hendrix,Mary Hardin-Baylor,0.5,0.5,Win,13,26,13,1,0.318,0.1,0.438,0.214,1753,647,REBOUND OFF by TEAM
18_12_29_4_12,Hendrix,Mary Hardin-Baylor,0.5,0.5,Win,13,26,13,1,0.304,0.091,0.429,0.2,1748,652,"MISS 3PTR by SMITH,PRESTON"
18_12_29_4_12,Hendrix,Mary Hardin-Baylor,0.5,0.5,Win,13,26,13,1,0.304,0.091,0.429,0.2,1748,652,"REBOUND DEF by MARTIN,SHAQ"
18_12_29_4_12,Hendrix,Mary Hardin-Baylor,0.5,0.5,Win,13,29,16,1,0.304,0.091,0.44,0.25,1738,662,"GOOD 3PTR by MOORE,SAM(fastbreak)"
18_12_29_4_12,Hendrix,Mary Hardin-Baylor,0.5,0.5,Win,13,29,16,1,0.304,0.091,0.44,0.25,1738,662,"ASSIST  by MARTIN,SHAQ"
18_12_29_4_12,Hendrix,Mary Hardin-Baylor,0.5,0.5,Win,13,29,16,1,0.292,0.091,0.431,0.25,1718,682,"MISS JUMPER by CONRAD,ALEX"
18_12_29_4_12,Hendrix,Mary Hardin-Baylor,0.5,0.5,Win,13,29,16,1,0.292,0.091,0.431,0.25,1718,682,REBOUND DEF by TEAM
18_12_29_4_12,Hendrix,Mary Hardin-Baylor,0.5,0.5,Win,13,29,16,1,0.292,0.091,0.431,0.25,1715,685,"SUB OUT by CONRAD,ALEX"
18_12_29_4_12,Hendrix,Mary Hardin-Baylor,0.5,0.5,Win,13,29,16,1,0.292,0.091,0.431,0.25,1715,685,"SUB IN by CRAWFORD,TRACE"
18_12_29_4_12,Hendrix,Mary Hardin-Baylor,0.5,0.5,Win,13,29,16,1,0.292,0.091,0.431,0.25,1715,685,"SUB OUT by CRAWFORD,TRACE"
18_12_29_4_12,Hendrix,Mary Hardin-Baylor,0.5,0.5,Win,13,29,16,1,0.292,0.091,0.431,0.25,1715,685,"SUB IN by FITCH,CARL"
18_12_29_4_12,Hendrix,Mary Hardin-Baylor,0.5,0.5,Win,13,31,18,1,0.292,0.091,0.442,0.25,1705,695,"GOOD JUMPER by LANG,RYAN"
18_12_29_4_12,Hendrix,Mary Hardin-Baylor,0.5,0.5,Win,13,31,18,1,0.292,0.091,0.442,0.25,1705,695,"ASSIST  by MARTIN,SHAQ"
18_12_29_4_12,Hendrix,Mary Hardin-Baylor,0.5,0.5,Win,13,31,18,1,0.292,0.091,0.442,0.25,1687,713,"TURNOVER  by STANLEY,SETH"
18_12_29_4_12,Hendrix,Mary Hardin-Baylor,0.5,0.5,Win,13,31,18,1,0.292,0.091,0.442,0.25,1687,713,"STEAL  by HYSON,LAKENDRIC"
18_12_29_4_12,Hendrix,Mary Hardin-Baylor,0.5,0.5,Win,13,31,18,1,0.292,0.091,0.434,0.25,1680,720,"MISS JUMPER by HYSON,LAKENDRIC"
18_12_29_4_12,Hendrix,Mary Hardin-Baylor,0.5,0.5,Win,13,31,18,1,0.292,0.091,0.434,0.25,1680,720,"REBOUND OFF by MARTIN,SHAQ"
18_12_29_4_12,Hendrix,Mary Hardin-Baylor,0.5,0.5,Win,13,31,18,1,0.292,0.091,0.426,0.25,1676,724,"MISS JUMPER by MARTIN,SHAQ"
18_12_29_4_12,Hendrix,Mary Hardin-Baylor,0.5,0.5,Win,13,31,18,1,0.292,0.091,0.426,0.25,1676,724,"REBOUND DEF by STANLEY,SETH"
18_12_29_4_12,Hendrix,Mary Hardin-Baylor,0.5,0.5,Win,16,31,15,1,0.32,0.167,0.436,0.294,1661,739,"GOOD 3PTR by STANLEY,SETH"
18_12_29_4_12,Hendrix,Mary Hardin-Baylor,0.5,0.5,Win,16,31,15,1,0.32,0.167,0.436,0.294,1661,739,"ASSIST  by BRASFIELD,KAM"
18_12_29_4_12,Hendrix,Mary Hardin-Baylor,0.5,0.5,Win,16,31,15,1,0.32,0.167,0.436,0.294,1650,750,"FOUL  by BRASFIELD,KAM"
18_12_29_4_12,Hendrix,Mary Hardin-Baylor,0.5,0.5,Win,16,31,15,1,0.32,0.167,0.436,0.294,1650,750,TIMEOUT  by TEAM
18_12_29_4_12,Hendrix,Mary Hardin-Baylor,0.5,0.5,Win,16,31,15,1,0.32,0.167,0.436,0.294,1650,750,"SUB OUT by LINK,JACOB"
18_12_29_4_12,Hendrix,Mary Hardin-Baylor,0.5,0.5,Win,16,31,15,1,0.32,0.167,0.436,0.294,1650,750,"SUB IN by ROUSE,TREY"
18_12_29_4_12,Hendrix,Mary Hardin-Baylor,0.5,0.5,Win,16,31,15,1,0.32,0.167,0.429,0.294,1650,750,"MISS FT by MOORE,SAM"
18_12_29_4_12,Hendrix,Mary Hardin-Baylor,0.5,0.5,Win,16,31,15,1,0.32,0.167,0.429,0.294,1650,750,REBOUND DEADB by TEAM
18_12_29_4_12,Hendrix,Mary Hardin-Baylor,0.5,0.5,Win,16,32,16,1,0.32,0.167,0.439,0.294,1650,750,"GOOD FT by MOORE,SAM"
18_12_29_4_12,Hendrix,Mary Hardin-Baylor,0.5,0.5,Win,16,33,17,1,0.32,0.167,0.448,0.294,1650,750,"GOOD FT by MOORE,SAM"
18_12_29_4_12,Hendrix,Mary Hardin-Baylor,0.5,0.5,Win,16,33,17,1,0.308,0.154,0.441,0.278,1638,762,"MISS 3PTR by STANLEY,SETH"
18_12_29_4_12,Hendrix,Mary Hardin-Baylor,0.5,0.5,Win,16,33,17,1,0.308,0.154,0.441,0.278,1638,762,"REBOUND DEF by PRIDE,JORDAN"
18_12_29_4_12,Hendrix,Mary Hardin-Baylor,0.5,0.5,Win,16,33,17,1,0.308,0.154,0.441,0.278,1631,769,"TURNOVER  by MOORE,SAM"
18_12_29_4_12,Hendrix,Mary Hardin-Baylor,0.5,0.5,Win,16,33,17,1,0.308,0.154,0.441,0.278,1631,769,"STEAL  by STANLEY,SETH"
18_12_29_4_12,Hendrix,Mary Hardin-Baylor,0.5,0.5,Win,16,33,17,1,0.296,0.143,0.433,0.263,1611,789,"MISS 3PTR by ROUSE,TREY"
18_12_29_4_12,Hendrix,Mary Hardin-Baylor,0.5,0.5,Win,16,33,17,1,0.296,0.143,0.433,0.263,1611,789,"REBOUND DEF by PRIDE,JORDAN"
18_12_29_4_12,Hendrix,Mary Hardin-Baylor,0.5,0.5,Win,16,36,20,1,0.296,0.143,0.443,0.3,1602,798,"GOOD 3PTR by LANG,RYAN(fastbreak)"
18_12_29_4_12,Hendrix,Mary Hardin-Baylor,0.5,0.5,Win,16,36,20,1,0.296,0.143,0.443,0.3,1602,798,"ASSIST  by PRIDE,JORDAN"
18_12_29_4_12,Hendrix,Mary Hardin-Baylor,0.5,0.5,Win,18,36,18,1,0.321,0.143,0.452,0.3,1569,831,"GOOD LAYUP by STANLEY,SETH(in the paint)"
18_12_29_4_12,Hendrix,Mary Hardin-Baylor,0.5,0.5,Win,18,36,18,1,0.321,0.143,0.444,0.3,1561,839,"MISS JUMPER by PRIDE,JORDAN"
18_12_29_4_12,Hendrix,Mary Hardin-Baylor,0.5,0.5,Win,18,36,18,1,0.321,0.143,0.444,0.3,1561,839,"REBOUND DEF by STANLEY,SETH"
18_12_29_4_12,Hendrix,Mary Hardin-Baylor,0.5,0.5,Win,18,36,18,1,0.31,0.143,0.438,0.3,1551,849,"MISS JUMPER by ROUSE,TREY"
18_12_29_4_12,Hendrix,Mary Hardin-Baylor,0.5,0.5,Win,18,36,18,1,0.31,0.143,0.438,0.3,1551,849,"REBOUND OFF by FITCH,CARL"
18_12_29_4_12,Hendrix,Mary Hardin-Baylor,0.5,0.5,Win,21,36,15,1,0.333,0.2,0.446,0.333,1546,854,"GOOD 3PTR by SMITH,PRESTON"
18_12_29_4_12,Hendrix,Mary Hardin-Baylor,0.5,0.5,Win,21,36,15,1,0.333,0.2,0.446,0.333,1546,854,"ASSIST  by FITCH,CARL"
18_12_29_4_12,Hendrix,Mary Hardin-Baylor,0.5,0.5,Win,21,38,17,1,0.333,0.2,0.455,0.333,1529,871,"GOOD JUMPER by LANG,RYAN(in the paint)"
18_12_29_4_12,Hendrix,Mary Hardin-Baylor,0.5,0.5,Win,21,38,17,1,0.333,0.2,0.455,0.333,1529,871,"ASSIST  by MOORE,SAM"
18_12_29_4_12,Hendrix,Mary Hardin-Baylor,0.5,0.5,Win,21,38,17,1,0.333,0.2,0.455,0.333,1509,891,"TURNOVER  by SMITH,PRESTON"
18_12_29_4_12,Hendrix,Mary Hardin-Baylor,0.5,0.5,Win,21,38,17,1,0.333,0.2,0.455,0.333,1509,891,"STEAL  by MOORE,SAM"
18_12_29_4_12,Hendrix,Mary Hardin-Baylor,0.5,0.5,Win,21,40,19,1,0.333,0.2,0.463,0.333,1505,895,"GOOD JUMPER by MOORE,SAM(fastbreak)(in the paint)"
18_12_29_4_12,Hendrix,Mary Hardin-Baylor,0.5,0.5,Win,23,40,17,1,0.355,0.2,0.471,0.333,1491,909,"GOOD JUMPER by SMITH,PRESTON(in the paint)"
18_12_29_4_12,Hendrix,Mary Hardin-Baylor,0.5,0.5,Win,23,40,17,1,0.355,0.2,0.471,0.333,1491,909,"FOUL  by LANG,RYAN"
18_12_29_4_12,Hendrix,Mary Hardin-Baylor,0.5,0.5,Win,23,40,17,1,0.355,0.2,0.471,0.333,1491,909,"SUB OUT by MOORE,SAM"
18_12_29_4_12,Hendrix,Mary Hardin-Baylor,0.5,0.5,Win,23,40,17,1,0.355,0.2,0.471,0.333,1491,909,"SUB IN by LITTLE,KENDAL"
18_12_29_4_12,Hendrix,Mary Hardin-Baylor,0.5,0.5,Win,23,40,17,1,0.355,0.2,0.471,0.333,1491,909,"SUB OUT by ROUSE,TREY"
18_12_29_4_12,Hendrix,Mary Hardin-Baylor,0.5,0.5,Win,23,40,17,1,0.355,0.2,0.471,0.333,1491,909,"SUB IN by COMMAN,SEAN"
18_12_29_4_12,Hendrix,Mary Hardin-Baylor,0.5,0.5,Win,23,40,17,1,0.355,0.2,0.471,0.333,1491,909,"SUB OUT by STANLEY,SETH"
18_12_29_4_12,Hendrix,Mary Hardin-Baylor,0.5,0.5,Win,23,40,17,1,0.355,0.2,0.471,0.333,1491,909,"SUB IN by RIDING,JAKE"
18_12_29_4_12,Hendrix,Mary Hardin-Baylor,0.5,0.5,Win,23,40,17,1,0.344,0.2,0.464,0.333,1490,910,"MISS FT by SMITH,PRESTON"
18_12_29_4_12,Hendrix,Mary Hardin-Baylor,0.5,0.5,Win,23,40,17,1,0.344,0.2,0.464,0.333,1490,910,"REBOUND DEF by LITTLE,KENDAL"
18_12_29_4_12,Hendrix,Mary Hardin-Baylor,0.5,0.5,Win,23,40,17,1,0.344,0.2,0.464,0.333,1472,928,"SUB OUT by PRIDE,JORDAN"
18_12_29_4_12,Hendrix,Mary Hardin-Baylor,0.5,0.5,Win,23,40,17,1,0.344,0.2,0.464,0.333,1472,928,"SUB IN by CARTER,BYRALE"
18_12_29_4_12,Hendrix,Mary Hardin-Baylor,0.5,0.5,Win,23,40,17,1,0.344,0.2,0.457,0.318,1467,933,"MISS 3PTR by MARTIN,SHAQ"
18_12_29_4_12,Hendrix,Mary Hardin-Baylor,0.5,0.5,Win,23,40,17,1,0.344,0.2,0.457,0.318,1467,933,"REBOUND DEF by BRASFIELD,KAM"
18_12_29_4_12,Hendrix,Mary Hardin-Baylor,0.5,0.5,Win,26,40,14,1,0.364,0.25,0.465,0.348,1459,941,"GOOD 3PTR by SMITH,PRESTON(fastbreak)"
18_12_29_4_12,Hendrix,Mary Hardin-Baylor,0.5,0.5,Win,26,40,14,1,0.364,0.25,0.465,0.348,1459,941,"ASSIST  by BRASFIELD,KAM"
18_12_29_4_12,Hendrix,Mary Hardin-Baylor,0.5,0.5,Win,26,40,14,1,0.364,0.25,0.465,0.348,1449,951,"TURNOVER  by CARTER,BYRALE"
18_12_29_4_12,Hendrix,Mary Hardin-Baylor,0.5,0.5,Win,26,40,14,1,0.364,0.25,0.465,0.348,1449,951,"STEAL  by COMMAN,SEAN"
18_12_29_4_12,Hendrix,Mary Hardin-Baylor,0.5,0.5,Win,26,40,14,1,0.364,0.25,0.465,0.348,1445,955,"FOUL  by MARTIN,SHAQ"
18_12_29_4_12,Hendrix,Mary Hardin-Baylor,0.5,0.5,Win,27,40,13,1,0.382,0.25,0.472,0.348,1445,955,"GOOD FT by COMMAN,SEAN(fastbreak)"
18_12_29_4_12,Hendrix,Mary Hardin-Baylor,0.5,0.5,Win,27,40,13,1,0.382,0.25,0.472,0.348,1445,955,"SUB OUT by BRASFIELD,KAM"
18_12_29_4_12,Hendrix,Mary Hardin-Baylor,0.5,0.5,Win,27,40,13,1,0.382,0.25,0.472,0.348,1445,955,"SUB IN by LINK,JACOB"
18_12_29_4_12,Hendrix,Mary Hardin-Baylor,0.5,0.5,Win,28,40,12,1,0.4,0.25,0.479,0.348,1445,955,"GOOD FT by COMMAN,SEAN(fastbreak)"
18_12_29_4_12,Hendrix,Mary Hardin-Baylor,0.5,0.5,Win,28,40,12,1,0.4,0.25,0.479,0.348,1439,961,"TURNOVER  by HYSON,LAKENDRIC"
18_12_29_4_12,Hendrix,Mary Hardin-Baylor,0.5,0.5,Win,28,40,12,1,0.4,0.25,0.479,0.348,1439,961,TIMEOUT  by TEAM
18_12_29_4_12,Hendrix,Mary Hardin-Baylor,0.5,0.5,Win,28,40,12,1,0.4,0.25,0.479,0.348,1439,961,"SUB OUT by HYSON,LAKENDRIC"
18_12_29_4_12,Hendrix,Mary Hardin-Baylor,0.5,0.5,Win,28,40,12,1,0.4,0.25,0.479,0.348,1439,961,"SUB IN by MOORE,SAM"
18_12_29_4_12,Hendrix,Mary Hardin-Baylor,0.5,0.5,Win,30,40,10,1,0.417,0.25,0.486,0.348,1413,987,"GOOD JUMPER by LINK,JACOB(in the paint)"
18_12_29_4_12,Hendrix,Mary Hardin-Baylor,0.5,0.5,Win,30,40,10,1,0.417,0.25,0.48,0.333,1389,1011,"MISS 3PTR by LANG,RYAN"
18_12_29_4_12,Hendrix,Mary Hardin-Baylor,0.5,0.5,Win,30,40,10,1,0.417,0.25,0.48,0.333,1389,1011,"REBOUND DEF by LINK,JACOB"
18_12_29_4_12,Hendrix,Mary Hardin-Baylor,0.5,0.5,Win,30,40,10,1,0.417,0.25,0.48,0.333,1362,1038,"TURNOVER  by LINK,JACOB"
18_12_29_4_12,Hendrix,Mary Hardin-Baylor,0.5,0.5,Win,30,40,10,1,0.417,0.25,0.48,0.333,1351,1049,"TURNOVER  by LANG,RYAN"
18_12_29_4_12,Hendrix,Mary Hardin-Baylor,0.5,0.5,Win,30,40,10,1,0.417,0.25,0.48,0.333,1351,1049,"SUB OUT by FITCH,CARL"
18_12_29_4_12,Hendrix,Mary Hardin-Baylor,0.5,0.5,Win,30,40,10,1,0.417,0.25,0.48,0.333,1351,1049,"SUB IN by STANLEY,SETH"
18_12_29_4_12,Hendrix,Mary Hardin-Baylor,0.5,0.5,Win,30,40,10,1,0.405,0.235,0.474,0.32,1342,1058,"MISS 3PTR by SMITH,PRESTON"
18_12_29_4_12,Hendrix,Mary Hardin-Baylor,0.5,0.5,Win,30,40,10,1,0.405,0.235,0.474,0.32,1342,1058,"REBOUND DEF by LITTLE,KENDAL"
18_12_29_4_12,Hendrix,Mary Hardin-Baylor,0.5,0.5,Win,30,40,10,1,0.405,0.235,0.468,0.32,1326,1074,"MISS JUMPER by LITTLE,KENDAL"
18_12_29_4_12,Hendrix,Mary Hardin-Baylor,0.5,0.5,Win,30,40,10,1,0.405,0.235,0.468,0.32,1326,1074,"REBOUND DEF by LINK,JACOB"
18_12_29_4_12,Hendrix,Mary Hardin-Baylor,0.5,0.5,Win,30,40,10,1,0.405,0.235,0.468,0.32,1321,1079,"SUB OUT by LANG,RYAN"
18_12_29_4_12,Hendrix,Mary Hardin-Baylor,0.5,0.5,Win,30,40,10,1,0.405,0.235,0.468,0.32,1321,1079,"SUB IN by SAUNDERS,TORENZO"
18_12_29_4_12,Hendrix,Mary Hardin-Baylor,0.5,0.5,Win,30,40,10,1,0.405,0.235,0.468,0.32,1321,1079,"SUB OUT by LITTLE,KENDAL"
18_12_29_4_12,Hendrix,Mary Hardin-Baylor,0.5,0.5,Win,30,40,10,1,0.405,0.235,0.468,0.32,1321,1079,"SUB IN by HYSON,LAKENDRIC"
18_12_29_4_12,Hendrix,Mary Hardin-Baylor,0.5,0.5,Win,30,40,10,1,0.395,0.222,0.462,0.308,1321,1079,"MISS 3PTR by COMMAN,SEAN"
18_12_29_4_12,Hendrix,Mary Hardin-Baylor,0.5,0.5,Win,30,40,10,1,0.395,0.222,0.462,0.308,1321,1079,"REBOUND DEF by HYSON,LAKENDRIC"
18_12_29_4_12,Hendrix,Mary Hardin-Baylor,0.5,0.5,Win,30,42,12,1,0.395,0.222,0.468,0.308,1305,1095,"GOOD LAYUP by HYSON,LAKENDRIC(fastbreak)(in the paint)"
18_12_29_4_12,Hendrix,Mary Hardin-Baylor,0.5,0.5,Win,30,42,12,1,0.385,0.211,0.463,0.296,1300,1100,"MISS 3PTR by RIDING,JAKE"
18_12_29_4_12,Hendrix,Mary Hardin-Baylor,0.5,0.5,Win,30,42,12,1,0.385,0.211,0.463,0.296,1300,1100,"REBOUND DEF by MOORE,SAM"
18_12_29_4_12,Hendrix,Mary Hardin-Baylor,0.5,0.5,Win,30,44,14,1,0.385,0.211,0.469,0.296,1273,1127,"GOOD JUMPER by SAUNDERS,TORENZO(fastbreak)(in the paint)"
18_12_29_4_12,Hendrix,Mary Hardin-Baylor,0.5,0.5,Win,30,44,14,1,0.385,0.211,0.469,0.296,1273,1127,"ASSIST  by MARTIN,SHAQ"
18_12_29_4_12,Hendrix,Mary Hardin-Baylor,0.5,0.5,Win,30,44,14,1,0.385,0.211,0.469,0.296,1270,1130,"TURNOVER  by LINK,JACOB"
18_12_29_4_12,Hendrix,Mary Hardin-Baylor,0.5,0.5,Win,30,44,14,1,0.385,0.211,0.469,0.296,1270,1130,"STEAL  by MARTIN,SHAQ"
18_12_29_4_12,Hendrix,Mary Hardin-Baylor,0.5,0.5,Win,30,44,14,1,0.385,0.211,0.463,0.286,1256,1144,"MISS 3PTR by MOORE,SAM"
18_12_29_4_12,Hendrix,Mary Hardin-Baylor,0.5,0.5,Win,30,44,14,1,0.385,0.211,0.463,0.286,1256,1144,"REBOUND DEF by COMMAN,SEAN"
18_12_29_4_12,Hendrix,Mary Hardin-Baylor,0.5,0.5,Win,30,44,14,1,0.385,0.211,0.463,0.286,1225,1175,TIMEOUT  by TEAM
18_12_29_4_12,Hendrix,Mary Hardin-Baylor,0.5,0.5,Win,33,44,11,1,0.4,0.25,0.47,0.31,1223,1177,"GOOD 3PTR by SMITH,PRESTON"
18_12_29_4_12,Hendrix,Mary Hardin-Baylor,0.5,0.5,Win,33,44,11,1,0.4,0.25,0.47,0.31,1223,1177,"ASSIST  by LINK,JACOB"
18_12_29_4_12,Hendrix,Mary Hardin-Baylor,0.5,0.5,Win,33,44,11,1,0.4,0.25,0.464,0.3,1202,1198,"MISS 3PTR by MOORE,SAM"
18_12_29_4_12,Hendrix,Mary Hardin-Baylor,0.5,0.5,Win,33,44,11,1,0.4,0.25,0.464,0.3,1202,1198,"REBOUND DEF by STANLEY,SETH"
18_12_29_4_12,Hendrix,Mary Hardin-Baylor,0.5,0.5,Win,33,44,11,2,0.4,0.25,0.464,0.3,1200,1200,"SUB OUT by MARTIN,SHAQ"
18_12_29_4_12,Hendrix,Mary Hardin-Baylor,0.5,0.5,Win,33,44,11,2,0.4,0.25,0.464,0.3,1200,1200,"SUB IN by DAVIS,MIKE"
18_12_29_4_12,Hendrix,Mary Hardin-Baylor,0.5,0.5,Win,33,44,11,2,0.4,0.25,0.464,0.3,1200,1200,"SUB OUT by SAUNDERS,TORENZO"
18_12_29_4_12,Hendrix,Mary Hardin-Baylor,0.5,0.5,Win,33,44,11,2,0.4,0.25,0.464,0.3,1200,1200,"SUB IN by LONG,BRIAN"
18_12_29_4_12,Hendrix,Mary Hardin-Baylor,0.5,0.5,Win,33,44,11,2,0.4,0.25,0.464,0.3,1200,1200,"SUB OUT by RIDING,JAKE"
18_12_29_4_12,Hendrix,Mary Hardin-Baylor,0.5,0.5,Win,33,44,11,2,0.4,0.25,0.464,0.3,1200,1200,"SUB IN by FITCH,CARL"
18_12_29_4_12,Hendrix,Mary Hardin-Baylor,0.5,0.5,Win,33,44,11,2,0.4,0.25,0.459,0.29,1187,1213,"MISS 3PTR by DAVIS,MIKE"
18_12_29_4_12,Hendrix,Mary Hardin-Baylor,0.5,0.5,Win,33,44,11,2,0.4,0.25,0.459,0.29,1187,1213,"REBOUND OFF by MOORE,SAM"
18_12_29_4_12,Hendrix,Mary Hardin-Baylor,0.5,0.5,Win,33,44,11,2,0.4,0.25,0.459,0.29,1179,1221,"TURNOVER  by DAVIS,MIKE"
18_12_29_4_12,Hendrix,Mary Hardin-Baylor,0.5,0.5,Win,33,44,11,2,0.39,0.238,0.453,0.281,1174,1226,"MISS 3PTR by SMITH,PRESTON"
18_12_29_4_12,Hendrix,Mary Hardin-Baylor,0.5,0.5,Win,33,44,11,2,0.39,0.238,0.453,0.281,1174,1226,"REBOUND DEF by HYSON,LAKENDRIC"
18_12_29_4_12,Hendrix,Mary Hardin-Baylor,0.5,0.5,Win,33,46,13,2,0.39,0.238,0.46,0.281,1161,1239,"GOOD JUMPER by MOORE,SAM"
18_12_29_4_12,Hendrix,Mary Hardin-Baylor,0.5,0.5,Win,33,46,13,2,0.381,0.238,0.455,0.281,1145,1255,"MISS JUMPER by COMMAN,SEAN"
18_12_29_4_12,Hendrix,Mary Hardin-Baylor,0.5,0.5,Win,33,46,13,2,0.381,0.238,0.455,0.281,1145,1255,"REBOUND DEF by CARTER,BYRALE"
18_12_29_4_12,Hendrix,Mary Hardin-Baylor,0.5,0.5,Win,33,49,16,2,0.381,0.238,0.461,0.303,1122,1278,"GOOD 3PTR by MOORE,SAM"
18_12_29_4_12,Hendrix,Mary Hardin-Baylor,0.5,0.5,Win,33,49,16,2,0.381,0.238,0.461,0.303,1122,1278,"ASSIST  by DAVIS,MIKE"
18_12_29_4_12,Hendrix,Mary Hardin-Baylor,0.5,0.5,Win,35,49,14,2,0.395,0.238,0.467,0.303,1110,1290,"GOOD LAYUP by FITCH,CARL(in the paint)"
18_12_29_4_12,Hendrix,Mary Hardin-Baylor,0.5,0.5,Win,35,49,14,2,0.395,0.238,0.467,0.303,1110,1290,"ASSIST  by SMITH,PRESTON"
18_12_29_4_12,Hendrix,Mary Hardin-Baylor,0.5,0.5,Win,35,49,14,2,0.395,0.238,0.462,0.303,1096,1304,"MISS JUMPER by LONG,BRIAN"
18_12_29_4_12,Hendrix,Mary Hardin-Baylor,0.5,0.5,Win,35,49,14,2,0.395,0.238,0.462,0.303,1096,1304,"REBOUND DEF by LINK,JACOB"
18_12_29_4_12,Hendrix,Mary Hardin-Baylor,0.5,0.5,Win,37,49,12,2,0.409,0.238,0.467,0.303,1086,1314,"GOOD LAYUP by LINK,JACOB(fastbreak)(in the paint)"
18_12_29_4_12,Hendrix,Mary Hardin-Baylor,0.5,0.5,Win,37,49,12,2,0.409,0.238,0.462,0.303,1074,1326,"MISS JUMPER by HYSON,LAKENDRIC"
18_12_29_4_12,Hendrix,Mary Hardin-Baylor,0.5,0.5,Win,37,49,12,2,0.409,0.238,0.462,0.303,1074,1326,"REBOUND OFF by LONG,BRIAN"
18_12_29_4_12,Hendrix,Mary Hardin-Baylor,0.5,0.5,Win,37,51,14,2,0.409,0.238,0.468,0.303,1070,1330,"GOOD JUMPER by LONG,BRIAN(in the paint)"
18_12_29_4_12,Hendrix,Mary Hardin-Baylor,0.5,0.5,Win,37,51,14,2,0.4,0.238,0.463,0.303,1053,1347,"MISS JUMPER by FITCH,CARL"
18_12_29_4_12,Hendrix,Mary Hardin-Baylor,0.5,0.5,Win,37,51,14,2,0.4,0.238,0.463,0.303,1053,1347,"REBOUND OFF by FITCH,CARL"
18_12_29_4_12,Hendrix,Mary Hardin-Baylor,0.5,0.5,Win,39,51,12,2,0.413,0.238,0.469,0.303,1049,1351,"GOOD JUMPER by FITCH,CARL(in the paint)"
18_12_29_4_12,Hendrix,Mary Hardin-Baylor,0.5,0.5,Win,39,54,15,2,0.413,0.238,0.474,0.324,1040,1360,"GOOD 3PTR by MOORE,SAM"
18_12_29_4_12,Hendrix,Mary Hardin-Baylor,0.5,0.5,Win,39,54,15,2,0.413,0.238,0.474,0.324,1040,1360,"ASSIST  by CARTER,BYRALE"
18_12_29_4_12,Hendrix,Mary Hardin-Baylor,0.5,0.5,Win,39,54,15,2,0.404,0.238,0.469,0.324,1009,1391,"MISS JUMPER by STANLEY,SETH"
18_12_29_4_12,Hendrix,Mary Hardin-Baylor,0.5,0.5,Win,39,54,15,2,0.404,0.238,0.469,0.324,1009,1391,"REBOUND OFF by FITCH,CARL"
18_12_29_4_12,Hendrix,Mary Hardin-Baylor,0.5,0.5,Win,41,54,13,2,0.417,0.238,0.475,0.324,1005,1395,"GOOD JUMPER by FITCH,CARL(in the paint)"
18_12_29_4_12,Hendrix,Mary Hardin-Baylor,0.5,0.5,Win,41,56,15,2,0.417,0.238,0.48,0.324,995,1405,"GOOD JUMPER by MOORE,SAM"
18_12_29_4_12,Hendrix,Mary Hardin-Baylor,0.5,0.5,Win,41,56,15,2,0.417,0.238,0.48,0.324,995,1405,"ASSIST  by CARTER,BYRALE"
18_12_29_4_12,Hendrix,Mary Hardin-Baylor,0.5,0.5,Win,43,56,13,2,0.429,0.238,0.485,0.324,962,1438,"GOOD LAYUP by COMMAN,SEAN(in the paint)"
18_12_29_4_12,Hendrix,Mary Hardin-Baylor,0.5,0.5,Win,43,56,13,2,0.429,0.238,0.48,0.324,947,1453,"MISS JUMPER by LONG,BRIAN"
18_12_29_4_12,Hendrix,Mary Hardin-Baylor,0.5,0.5,Win,43,56,13,2,0.429,0.238,0.48,0.324,947,1453,"REBOUND OFF by DAVIS,MIKE"
18_12_29_4_12,Hendrix,Mary Hardin-Baylor,0.5,0.5,Win,43,56,13,2,0.429,0.238,0.48,0.324,944,1456,"FOUL  by FITCH,CARL"
18_12_29_4_12,Hendrix,Mary Hardin-Baylor,0.5,0.5,Win,43,56,13,2,0.429,0.238,0.48,0.324,944,1456,TIMEOUT  by TEAM
18_12_29_4_12,Hendrix,Mary Hardin-Baylor,0.5,0.5,Win,43,56,13,2,0.429,0.238,0.476,0.324,944,1456,"MISS FT by DAVIS,MIKE"
18_12_29_4_12,Hendrix,Mary Hardin-Baylor,0.5,0.5,Win,43,56,13,2,0.429,0.238,0.476,0.324,944,1456,REBOUND DEADB by TEAM
18_12_29_4_12,Hendrix,Mary Hardin-Baylor,0.5,0.5,Win,43,57,14,2,0.429,0.238,0.481,0.324,944,1456,"GOOD FT by DAVIS,MIKE"
18_12_29_4_12,Hendrix,Mary Hardin-Baylor,0.5,0.5,Win,43,57,14,2,0.429,0.238,0.481,0.324,939,1461,"SUB OUT by LINK,JACOB"
18_12_29_4_12,Hendrix,Mary Hardin-Baylor,0.5,0.5,Win,43,57,14,2,0.429,0.238,0.481,0.324,939,1461,"SUB IN by BRASFIELD,KAM"
18_12_29_4_12,Hendrix,Mary Hardin-Baylor,0.5,0.5,Win,43,57,14,2,0.429,0.238,0.481,0.324,924,1476,"FOUL  by DAVIS,MIKE"
18_12_29_4_12,Hendrix,Mary Hardin-Baylor,0.5,0.5,Win,44,57,13,2,0.44,0.238,0.486,0.324,924,1476,"GOOD FT by SMITH,PRESTON"
18_12_29_4_12,Hendrix,Mary Hardin-Baylor,0.5,0.5,Win,44,57,13,2,0.44,0.238,0.486,0.324,924,1476,"SUB OUT by DAVIS,MIKE"
18_12_29_4_12,Hendrix,Mary Hardin-Baylor,0.5,0.5,Win,44,57,13,2,0.44,0.238,0.486,0.324,924,1476,"SUB IN by MARTIN,SHAQ"
18_12_29_4_12,Hendrix,Mary Hardin-Baylor,0.5,0.5,Win,45,57,12,2,0.451,0.238,0.491,0.324,924,1476,"GOOD FT by SMITH,PRESTON"
18_12_29_4_12,Hendrix,Mary Hardin-Baylor,0.5,0.5,Win,45,57,12,2,0.451,0.238,0.486,0.324,914,1486,"MISS JUMPER by HYSON,LAKENDRIC"
18_12_29_4_12,Hendrix,Mary Hardin-Baylor,0.5,0.5,Win,45,57,12,2,0.451,0.238,0.486,0.324,914,1486,"REBOUND DEF by STANLEY,SETH"
18_12_29_4_12,Hendrix,Mary Hardin-Baylor,0.5,0.5,Win,45,57,12,2,0.451,0.238,0.486,0.324,899,1501,"SUB OUT by LONG,BRIAN"
18_12_29_4_12,Hendrix,Mary Hardin-Baylor,0.5,0.5,Win,45,57,12,2,0.451,0.238,0.486,0.324,899,1501,"SUB IN by EVERETT,PAT"
18_12_29_4_12,Hendrix,Mary Hardin-Baylor,0.5,0.5,Win,45,57,12,2,0.442,0.238,0.481,0.324,897,1503,"MISS JUMPER by BRASFIELD,KAM"
18_12_29_4_12,Hendrix,Mary Hardin-Baylor,0.5,0.5,Win,45,57,12,2,0.442,0.238,0.481,0.324,897,1503,"BLOCK  by EVERETT,PAT"
18_12_29_4_12,Hendrix,Mary Hardin-Baylor,0.5,0.5,Win,45,57,12,2,0.442,0.238,0.481,0.324,897,1503,"REBOUND OFF by BRASFIELD,KAM"
18_12_29_4_12,Hendrix,Mary Hardin-Baylor,0.5,0.5,Win,45,57,12,2,0.434,0.227,0.477,0.314,881,1519,"MISS 3PTR by BRASFIELD,KAM"
18_12_29_4_12,Hendrix,Mary Hardin-Baylor,0.5,0.5,Win,45,57,12,2,0.434,0.227,0.477,0.314,881,1519,"REBOUND DEF by MOORE,SAM"
18_12_29_4_12,Hendrix,Mary Hardin-Baylor,0.5,0.5,Win,45,57,12,2,0.434,0.227,0.473,0.306,873,1527,"MISS 3PTR by MARTIN,SHAQ"
18_12_29_4_12,Hendrix,Mary Hardin-Baylor,0.5,0.5,Win,45,57,12,2,0.434,0.227,0.473,0.306,873,1527,"REBOUND OFF by EVERETT,PAT"
18_12_29_4_12,Hendrix,Mary Hardin-Baylor,0.5,0.5,Win,45,57,12,2,0.434,0.227,0.473,0.306,869,1531,"TURNOVER  by EVERETT,PAT"
18_12_29_4_12,Hendrix,Mary Hardin-Baylor,0.5,0.5,Win,45,57,12,2,0.434,0.227,0.473,0.306,869,1531,"SUB OUT by COMMAN,SEAN"
18_12_29_4_12,Hendrix,Mary Hardin-Baylor,0.5,0.5,Win,45,57,12,2,0.434,0.227,0.473,0.306,869,1531,"SUB IN by ROUSE,TREY"
18_12_29_4_12,Hendrix,Mary Hardin-Baylor,0.5,0.5,Win,48,57,9,2,0.444,0.261,0.477,0.324,855,1545,"GOOD 3PTR by ROUSE,TREY"
18_12_29_4_12,Hendrix,Mary Hardin-Baylor,0.5,0.5,Win,48,57,9,2,0.444,0.261,0.477,0.324,855,1545,"ASSIST  by BRASFIELD,KAM"
18_12_29_4_12,Hendrix,Mary Hardin-Baylor,0.5,0.5,Win,48,57,9,2,0.444,0.261,0.473,0.316,844,1556,"MISS 3PTR by MOORE,SAM"
18_12_29_4_12,Hendrix,Mary Hardin-Baylor,0.5,0.5,Win,48,57,9,2,0.444,0.261,0.473,0.316,844,1556,"REBOUND OFF by HYSON,LAKENDRIC"
18_12_29_4_12,Hendrix,Mary Hardin-Baylor,0.5,0.5,Win,48,59,11,2,0.444,0.261,0.478,0.316,832,1568,"GOOD LAYUP by EVERETT,PAT(in the paint)"
18_12_29_4_12,Hendrix,Mary Hardin-Baylor,0.5,0.5,Win,48,59,11,2,0.444,0.261,0.478,0.316,832,1568,"ASSIST  by HYSON,LAKENDRIC"
18_12_29_4_12,Hendrix,Mary Hardin-Baylor,0.5,0.5,Win,48,59,11,2,0.444,0.261,0.478,0.316,820,1580,"FOUL  by STANLEY,SETH"
18_12_29_4_12,Hendrix,Mary Hardin-Baylor,0.5,0.5,Win,48,59,11,2,0.444,0.261,0.478,0.316,820,1580,"TURNOVER  by STANLEY,SETH"
18_12_29_4_12,Hendrix,Mary Hardin-Baylor,0.5,0.5,Win,48,59,11,2,0.444,0.261,0.478,0.316,820,1580,"SUB OUT by FITCH,CARL"
18_12_29_4_12,Hendrix,Mary Hardin-Baylor,0.5,0.5,Win,48,59,11,2,0.444,0.261,0.478,0.316,820,1580,"SUB IN by RIDING,JAKE"
18_12_29_4_12,Hendrix,Mary Hardin-Baylor,0.5,0.5,Win,48,59,11,2,0.444,0.261,0.474,0.308,810,1590,"MISS 3PTR by MARTIN,SHAQ"
18_12_29_4_12,Hendrix,Mary Hardin-Baylor,0.5,0.5,Win,48,59,11,2,0.444,0.261,0.474,0.308,810,1590,"REBOUND OFF by HYSON,LAKENDRIC"
18_12_29_4_12,Hendrix,Mary Hardin-Baylor,0.5,0.5,Win,48,59,11,2,0.444,0.261,0.474,0.308,801,1599,"FOUL  by ROUSE,TREY"
18_12_29_4_12,Hendrix,Mary Hardin-Baylor,0.5,0.5,Win,48,61,13,2,0.444,0.261,0.478,0.308,792,1608,"GOOD JUMPER by MOORE,SAM"
18_12_29_4_12,Hendrix,Mary Hardin-Baylor,0.5,0.5,Win,48,61,13,2,0.444,0.261,0.478,0.308,792,1608,"ASSIST  by MARTIN,SHAQ"
18_12_29_4_12,Hendrix,Mary Hardin-Baylor,0.5,0.5,Win,48,61,13,2,0.436,0.261,0.474,0.308,773,1627,"MISS JUMPER by RIDING,JAKE"
18_12_29_4_12,Hendrix,Mary Hardin-Baylor,0.5,0.5,Win,48,61,13,2,0.436,0.261,0.474,0.308,773,1627,"REBOUND DEF by EVERETT,PAT"
18_12_29_4_12,Hendrix,Mary Hardin-Baylor,0.5,0.5,Win,48,61,13,2,0.436,0.261,0.47,0.308,760,1640,"MISS JUMPER by HYSON,LAKENDRIC"
18_12_29_4_12,Hendrix,Mary Hardin-Baylor,0.5,0.5,Win,48,61,13,2,0.436,0.261,0.47,0.308,760,1640,"REBOUND DEF by RIDING,JAKE"
18_12_29_4_12,Hendrix,Mary Hardin-Baylor,0.5,0.5,Win,48,61,13,2,0.436,0.261,0.47,0.308,753,1647,"FOUL  by ROUSE,TREY"
18_12_29_4_12,Hendrix,Mary Hardin-Baylor,0.5,0.5,Win,48,61,13,2,0.436,0.261,0.47,0.308,753,1647,"TURNOVER  by ROUSE,TREY"
18_12_29_4_12,Hendrix,Mary Hardin-Baylor,0.5,0.5,Win,48,63,15,2,0.436,0.261,0.475,0.308,736,1664,"GOOD JUMPER by EVERETT,PAT(in the paint)"
18_12_29_4_12,Hendrix,Mary Hardin-Baylor,0.5,0.5,Win,48,63,15,2,0.436,0.261,0.475,0.308,736,1664,"ASSIST  by MOORE,SAM"
18_12_29_4_12,Hendrix,Mary Hardin-Baylor,0.5,0.5,Win,48,63,15,2,0.436,0.261,0.475,0.308,713,1687,"TURNOVER  by ROUSE,TREY"
18_12_29_4_12,Hendrix,Mary Hardin-Baylor,0.5,0.5,Win,48,63,15,2,0.436,0.261,0.475,0.308,713,1687,"STEAL  by CARTER,BYRALE"
18_12_29_4_12,Hendrix,Mary Hardin-Baylor,0.5,0.5,Win,48,63,15,2,0.436,0.261,0.471,0.308,709,1691,"MISS DUNK by MOORE,SAM"
18_12_29_4_12,Hendrix,Mary Hardin-Baylor,0.5,0.5,Win,48,63,15,2,0.436,0.261,0.471,0.308,709,1691,"REBOUND DEF by ROUSE,TREY"
18_12_29_4_12,Hendrix,Mary Hardin-Baylor,0.5,0.5,Win,50,63,13,2,0.446,0.261,0.475,0.308,703,1697,"GOOD LAYUP by STANLEY,SETH(fastbreak)(in the paint)"
18_12_29_4_12,Hendrix,Mary Hardin-Baylor,0.5,0.5,Win,50,63,13,2,0.446,0.261,0.475,0.308,703,1697,"ASSIST  by BRASFIELD,KAM"
18_12_29_4_12,Hendrix,Mary Hardin-Baylor,0.5,0.5,Win,50,63,13,2,0.446,0.261,0.471,0.308,688,1712,"MISS DUNK by EVERETT,PAT"
18_12_29_4_12,Hendrix,Mary Hardin-Baylor,0.5,0.5,Win,50,63,13,2,0.446,0.261,0.471,0.308,688,1712,"REBOUND DEF by BRASFIELD,KAM"
18_12_29_4_12,Hendrix,Mary Hardin-Baylor,0.5,0.5,Win,50,63,13,2,0.439,0.25,0.467,0.3,675,1725,"MISS 3PTR by ROUSE,TREY"
18_12_29_4_12,Hendrix,Mary Hardin-Baylor,0.5,0.5,Win,50,63,13,2,0.439,0.25,0.467,0.3,675,1725,"REBOUND DEF by CARTER,BYRALE"
18_12_29_4_12,Hendrix,Mary Hardin-Baylor,0.5,0.5,Win,50,63,13,2,0.439,0.25,0.467,0.3,664,1736,"TURNOVER  by HYSON,LAKENDRIC"
18_12_29_4_12,Hendrix,Mary Hardin-Baylor,0.5,0.5,Win,50,63,13,2,0.439,0.25,0.467,0.3,664,1736,"STEAL  by BRASFIELD,KAM"
18_12_29_4_12,Hendrix,Mary Hardin-Baylor,0.5,0.5,Win,50,63,13,2,0.439,0.25,0.467,0.3,658,1742,"TURNOVER  by STANLEY,SETH"
18_12_29_4_12,Hendrix,Mary Hardin-Baylor,0.5,0.5,Win,50,63,13,2,0.439,0.25,0.467,0.3,658,1742,"STEAL  by MARTIN,SHAQ"
18_12_29_4_12,Hendrix,Mary Hardin-Baylor,0.5,0.5,Win,50,63,13,2,0.439,0.25,0.463,0.3,652,1748,"MISS LAYUP by HYSON,LAKENDRIC"
18_12_29_4_12,Hendrix,Mary Hardin-Baylor,0.5,0.5,Win,50,63,13,2,0.439,0.25,0.463,0.3,652,1748,"REBOUND DEF by BRASFIELD,KAM"
18_12_29_4_12,Hendrix,Mary Hardin-Baylor,0.5,0.5,Win,50,63,13,2,0.439,0.25,0.463,0.3,648,1752,"TURNOVER  by BRASFIELD,KAM"
18_12_29_4_12,Hendrix,Mary Hardin-Baylor,0.5,0.5,Win,50,63,13,2,0.439,0.25,0.463,0.3,648,1752,"STEAL  by MARTIN,SHAQ"
18_12_29_4_12,Hendrix,Mary Hardin-Baylor,0.5,0.5,Win,50,65,15,2,0.439,0.25,0.468,0.3,643,1757,"GOOD DUNK by MOORE,SAM(fastbreak)(in the paint)"
18_12_29_4_12,Hendrix,Mary Hardin-Baylor,0.5,0.5,Win,50,65,15,2,0.439,0.25,0.468,0.3,643,1757,"ASSIST  by MARTIN,SHAQ"
18_12_29_4_12,Hendrix,Mary Hardin-Baylor,0.5,0.5,Win,50,65,15,2,0.431,0.24,0.464,0.293,618,1782,"MISS 3PTR by STANLEY,SETH"
18_12_29_4_12,Hendrix,Mary Hardin-Baylor,0.5,0.5,Win,50,65,15,2,0.431,0.24,0.464,0.293,618,1782,"REBOUND DEF by CARTER,BYRALE"
18_12_29_4_12,Hendrix,Mary Hardin-Baylor,0.5,0.5,Win,50,65,15,2,0.431,0.24,0.464,0.293,608,1792,"TURNOVER  by CARTER,BYRALE"
18_12_29_4_12,Hendrix,Mary Hardin-Baylor,0.5,0.5,Win,50,65,15,2,0.431,0.24,0.464,0.293,608,1792,"STEAL  by STANLEY,SETH"
18_12_29_4_12,Hendrix,Mary Hardin-Baylor,0.5,0.5,Win,53,65,12,2,0.441,0.269,0.468,0.31,600,1800,"GOOD 3PTR by ROUSE,TREY(fastbreak)"
18_12_29_4_12,Hendrix,Mary Hardin-Baylor,0.5,0.5,Win,53,65,12,2,0.441,0.269,0.468,0.31,600,1800,"ASSIST  by BRASFIELD,KAM"
18_12_29_4_12,Hendrix,Mary Hardin-Baylor,0.5,0.5,Win,53,65,12,2,0.441,0.269,0.465,0.31,578,1822,"MISS JUMPER by MARTIN,SHAQ"
18_12_29_4_12,Hendrix,Mary Hardin-Baylor,0.5,0.5,Win,53,65,12,2,0.441,0.269,0.465,0.31,578,1822,"REBOUND DEF by ROUSE,TREY"
18_12_29_4_12,Hendrix,Mary Hardin-Baylor,0.5,0.5,Win,56,65,9,2,0.45,0.296,0.469,0.326,571,1829,"GOOD 3PTR by SMITH,PRESTON(fastbreak)"
18_12_29_4_12,Hendrix,Mary Hardin-Baylor,0.5,0.5,Win,56,65,9,2,0.45,0.296,0.469,0.326,571,1829,"ASSIST  by ROUSE,TREY"
18_12_29_4_12,Hendrix,Mary Hardin-Baylor,0.5,0.5,Win,56,65,9,2,0.45,0.296,0.465,0.318,558,1842,"MISS 3PTR by MOORE,SAM"
18_12_29_4_12,Hendrix,Mary Hardin-Baylor,0.5,0.5,Win,56,65,9,2,0.45,0.296,0.465,0.318,558,1842,"REBOUND DEF by RIDING,JAKE"
18_12_29_4_12,Hendrix,Mary Hardin-Baylor,0.5,0.5,Win,56,65,9,2,0.45,0.296,0.465,0.318,556,1844,"FOUL  by HYSON,LAKENDRIC"
18_12_29_4_12,Hendrix,Mary Hardin-Baylor,0.5,0.5,Win,56,65,9,2,0.45,0.296,0.465,0.318,556,1844,TIMEOUT  by TEAM
18_12_29_4_12,Hendrix,Mary Hardin-Baylor,0.5,0.5,Win,56,65,9,2,0.45,0.296,0.465,0.318,556,1844,"SUB OUT by HYSON,LAKENDRIC"
18_12_29_4_12,Hendrix,Mary Hardin-Baylor,0.5,0.5,Win,56,65,9,2,0.45,0.296,0.465,0.318,556,1844,"SUB IN by LONG,BRIAN"
18_12_29_4_12,Hendrix,Mary Hardin-Baylor,0.5,0.5,Win,56,65,9,2,0.45,0.296,0.465,0.318,556,1844,"SUB OUT by ROUSE,TREY"
18_12_29_4_12,Hendrix,Mary Hardin-Baylor,0.5,0.5,Win,56,65,9,2,0.45,0.296,0.465,0.318,556,1844,"SUB IN by CONRAD,ALEX"
18_12_29_4_12,Hendrix,Mary Hardin-Baylor,0.5,0.5,Win,56,65,9,2,0.45,0.296,0.465,0.318,556,1844,"SUB OUT by BRASFIELD,KAM"
18_12_29_4_12,Hendrix,Mary Hardin-Baylor,0.5,0.5,Win,56,65,9,2,0.45,0.296,0.465,0.318,556,1844,"SUB IN by LINK,JACOB"
18_12_29_4_12,Hendrix,Mary Hardin-Baylor,0.5,0.5,Win,56,65,9,2,0.45,0.296,0.465,0.318,556,1844,"SUB OUT by SMITH,PRESTON"
18_12_29_4_12,Hendrix,Mary Hardin-Baylor,0.5,0.5,Win,56,65,9,2,0.45,0.296,0.465,0.318,556,1844,"SUB IN by COMMAN,SEAN"
18_12_29_4_12,Hendrix,Mary Hardin-Baylor,0.5,0.5,Win,56,65,9,2,0.45,0.296,0.465,0.318,556,1844,"SUB OUT by STANLEY,SETH"
18_12_29_4_12,Hendrix,Mary Hardin-Baylor,0.5,0.5,Win,56,65,9,2,0.45,0.296,0.465,0.318,556,1844,"SUB IN by EATON,JACK"
18_12_29_4_12,Hendrix,Mary Hardin-Baylor,0.5,0.5,Win,56,65,9,2,0.443,0.286,0.462,0.311,546,1854,"MISS 3PTR by COMMAN,SEAN"
18_12_29_4_12,Hendrix,Mary Hardin-Baylor,0.5,0.5,Win,56,65,9,2,0.443,0.286,0.462,0.311,546,1854,"REBOUND DEF by LONG,BRIAN"
18_12_29_4_12,Hendrix,Mary Hardin-Baylor,0.5,0.5,Win,56,65,9,2,0.443,0.286,0.462,0.311,538,1862,"FOUL  by EATON,JACK"
18_12_29_4_12,Hendrix,Mary Hardin-Baylor,0.5,0.5,Win,56,65,9,2,0.443,0.286,0.458,0.304,536,1864,"MISS 3PTR by CARTER,BYRALE"
18_12_29_4_12,Hendrix,Mary Hardin-Baylor,0.5,0.5,Win,56,65,9,2,0.443,0.286,0.458,0.304,536,1864,"REBOUND DEF by RIDING,JAKE"
18_12_29_4_12,Hendrix,Mary Hardin-Baylor,0.5,0.5,Win,56,65,9,2,0.435,0.276,0.455,0.298,526,1874,"MISS 3PTR by COMMAN,SEAN"
18_12_29_4_12,Hendrix,Mary Hardin-Baylor,0.5,0.5,Win,56,65,9,2,0.435,0.276,0.455,0.298,526,1874,"REBOUND DEF by MOORE,SAM"
18_12_29_4_12,Hendrix,Mary Hardin-Baylor,0.5,0.5,Win,56,65,9,2,0.435,0.276,0.455,0.298,519,1881,"FOUL  by LINK,JACOB"
18_12_29_4_12,Hendrix,Mary Hardin-Baylor,0.5,0.5,Win,56,67,11,2,0.435,0.276,0.459,0.298,507,1893,"GOOD JUMPER by LONG,BRIAN(in the paint)"
18_12_29_4_12,Hendrix,Mary Hardin-Baylor,0.5,0.5,Win,56,67,11,2,0.435,0.276,0.459,0.298,507,1893,"ASSIST  by MOORE,SAM"
18_12_29_4_12,Hendrix,Mary Hardin-Baylor,0.5,0.5,Win,58,67,9,2,0.444,0.276,0.463,0.298,496,1904,"GOOD JUMPER by LINK,JACOB(in the paint)"
18_12_29_4_12,Hendrix,Mary Hardin-Baylor,0.5,0.5,Win,58,67,9,2,0.444,0.276,0.463,0.298,488,1912,"SUB OUT by CARTER,BYRALE"
18_12_29_4_12,Hendrix,Mary Hardin-Baylor,0.5,0.5,Win,58,67,9,2,0.444,0.276,0.463,0.298,488,1912,"SUB IN by PRIDE,JORDAN"
18_12_29_4_12,Hendrix,Mary Hardin-Baylor,0.5,0.5,Win,58,69,11,2,0.444,0.276,0.467,0.298,479,1921,"GOOD JUMPER by LONG,BRIAN(in the paint)"
18_12_29_4_12,Hendrix,Mary Hardin-Baylor,0.5,0.5,Win,58,69,11,2,0.444,0.276,0.467,0.298,479,1921,"ASSIST  by MARTIN,SHAQ"
18_12_29_4_12,Hendrix,Mary Hardin-Baylor,0.5,0.5,Win,61,69,8,2,0.453,0.3,0.471,0.312,453,1947,"GOOD 3PTR by RIDING,JAKE"
18_12_29_4_12,Hendrix,Mary Hardin-Baylor,0.5,0.5,Win,61,69,8,2,0.453,0.3,0.471,0.312,453,1947,"ASSIST  by COMMAN,SEAN"
18_12_29_4_12,Hendrix,Mary Hardin-Baylor,0.5,0.5,Win,61,71,10,2,0.453,0.3,0.474,0.312,431,1969,"GOOD JUMPER by MARTIN,SHAQ(in the paint)"
18_12_29_4_12,Hendrix,Mary Hardin-Baylor,0.5,0.5,Win,61,71,10,2,0.453,0.3,0.474,0.312,431,1969,"ASSIST  by EVERETT,PAT"
18_12_29_4_12,Hendrix,Mary Hardin-Baylor,0.5,0.5,Win,61,71,10,2,0.453,0.3,0.474,0.312,418,1982,"FOUL  by PRIDE,JORDAN"
18_12_29_4_12,Hendrix,Mary Hardin-Baylor,0.5,0.5,Win,61,71,10,2,0.453,0.3,0.474,0.312,418,1982,TIMEOUT  by TEAM
18_12_29_4_12,Hendrix,Mary Hardin-Baylor,0.5,0.5,Win,61,71,10,2,0.446,0.3,0.471,0.312,418,1982,"MISS FT by CONRAD,ALEX"
18_12_29_4_12,Hendrix,Mary Hardin-Baylor,0.5,0.5,Win,61,71,10,2,0.446,0.3,0.471,0.312,418,1982,REBOUND DEADB by TEAM
18_12_29_4_12,Hendrix,Mary Hardin-Baylor,0.5,0.5,Win,61,71,10,2,0.439,0.3,0.468,0.312,417,1983,"MISS FT by CONRAD,ALEX"
18_12_29_4_12,Hendrix,Mary Hardin-Baylor,0.5,0.5,Win,61,71,10,2,0.439,0.3,0.468,0.312,417,1983,"REBOUND DEF by MOORE,SAM"
18_12_29_4_12,Hendrix,Mary Hardin-Baylor,0.5,0.5,Win,61,71,10,2,0.439,0.3,0.468,0.312,396,2004,"FOUL  by CONRAD,ALEX"
18_12_29_4_12,Hendrix,Mary Hardin-Baylor,0.5,0.5,Win,61,71,10,2,0.439,0.3,0.464,0.312,396,2004,"MISS FT by MOORE,SAM"
18_12_29_4_12,Hendrix,Mary Hardin-Baylor,0.5,0.5,Win,61,71,10,2,0.439,0.3,0.464,0.312,396,2004,REBOUND DEADB by TEAM
18_12_29_4_12,Hendrix,Mary Hardin-Baylor,0.5,0.5,Win,61,71,10,2,0.439,0.3,0.464,0.312,396,2004,"SUB OUT by MARTIN,SHAQ"
18_12_29_4_12,Hendrix,Mary Hardin-Baylor,0.5,0.5,Win,61,71,10,2,0.439,0.3,0.464,0.312,396,2004,"SUB IN by HYSON,LAKENDRIC"
18_12_29_4_12,Hendrix,Mary Hardin-Baylor,0.5,0.5,Win,61,71,10,2,0.439,0.3,0.464,0.312,396,2004,"SUB OUT by CONRAD,ALEX"
18_12_29_4_12,Hendrix,Mary Hardin-Baylor,0.5,0.5,Win,61,71,10,2,0.439,0.3,0.464,0.312,396,2004,"SUB IN by STANLEY,SETH"
18_12_29_4_12,Hendrix,Mary Hardin-Baylor,0.5,0.5,Win,61,71,10,2,0.439,0.3,0.464,0.312,396,2004,"SUB OUT by COMMAN,SEAN"
18_12_29_4_12,Hendrix,Mary Hardin-Baylor,0.5,0.5,Win,61,71,10,2,0.439,0.3,0.464,0.312,396,2004,"SUB IN by SMITH,PRESTON"
18_12_29_4_12,Hendrix,Mary Hardin-Baylor,0.5,0.5,Win,61,72,11,2,0.439,0.3,0.468,0.312,396,2004,"GOOD FT by MOORE,SAM"
18_12_29_4_12,Hendrix,Mary Hardin-Baylor,0.5,0.5,Win,61,72,11,2,0.433,0.29,0.465,0.306,364,2036,"MISS 3PTR by RIDING,JAKE"
18_12_29_4_12,Hendrix,Mary Hardin-Baylor,0.5,0.5,Win,61,72,11,2,0.433,0.29,0.465,0.306,364,2036,"REBOUND DEF by EVERETT,PAT"
18_12_29_4_12,Hendrix,Mary Hardin-Baylor,0.5,0.5,Win,61,72,11,2,0.433,0.29,0.465,0.306,364,2036,TURNOVER  by TEAM
18_12_29_4_12,Hendrix,Mary Hardin-Baylor,0.5,0.5,Win,61,72,11,2,0.433,0.29,0.462,0.306,350,2050,"MISS JUMPER by EVERETT,PAT"
18_12_29_4_12,Hendrix,Mary Hardin-Baylor,0.5,0.5,Win,61,72,11,2,0.433,0.29,0.462,0.306,350,2050,"REBOUND DEF by STANLEY,SETH"
18_12_29_4_12,Hendrix,Mary Hardin-Baylor,0.5,0.5,Win,61,72,11,2,0.426,0.281,0.458,0.3,337,2063,"MISS 3PTR by SMITH,PRESTON"
18_12_29_4_12,Hendrix,Mary Hardin-Baylor,0.5,0.5,Win,61,72,11,2,0.426,0.281,0.458,0.3,337,2063,"REBOUND DEF by PRIDE,JORDAN"
18_12_29_4_12,Hendrix,Mary Hardin-Baylor,0.5,0.5,Win,61,72,11,2,0.426,0.281,0.458,0.3,331,2069,"FOUL  by STANLEY,SETH"
18_12_29_4_12,Hendrix,Mary Hardin-Baylor,0.5,0.5,Win,61,73,12,2,0.426,0.281,0.462,0.3,331,2069,"GOOD FT by LONG,BRIAN(fastbreak)"
18_12_29_4_12,Hendrix,Mary Hardin-Baylor,0.5,0.5,Win,61,73,12,2,0.426,0.281,0.462,0.3,331,2069,"SUB OUT by LINK,JACOB"
18_12_29_4_12,Hendrix,Mary Hardin-Baylor,0.5,0.5,Win,61,73,12,2,0.426,0.281,0.462,0.3,331,2069,"SUB IN by BRASFIELD,KAM"
18_12_29_4_12,Hendrix,Mary Hardin-Baylor,0.5,0.5,Win,61,74,13,2,0.426,0.281,0.466,0.3,331,2069,"GOOD FT by LONG,BRIAN(fastbreak)"
18_12_29_4_12,Hendrix,Mary Hardin-Baylor,0.5,0.5,Win,61,74,13,2,0.426,0.281,0.466,0.3,331,2069,"SUB OUT by RIDING,JAKE"
18_12_29_4_12,Hendrix,Mary Hardin-Baylor,0.5,0.5,Win,61,74,13,2,0.426,0.281,0.466,0.3,331,2069,"SUB IN by FITCH,CARL"
18_12_29_4_12,Hendrix,Mary Hardin-Baylor,0.5,0.5,Win,61,74,13,2,0.42,0.273,0.463,0.294,322,2078,"MISS 3PTR by SMITH,PRESTON"
18_12_29_4_12,Hendrix,Mary Hardin-Baylor,0.5,0.5,Win,61,74,13,2,0.42,0.273,0.463,0.294,322,2078,"REBOUND OFF by SMITH,PRESTON"
18_12_29_4_12,Hendrix,Mary Hardin-Baylor,0.5,0.5,Win,61,74,13,2,0.414,0.265,0.459,0.288,316,2084,"MISS 3PTR by SMITH,PRESTON"
18_12_29_4_12,Hendrix,Mary Hardin-Baylor,0.5,0.5,Win,61,74,13,2,0.414,0.265,0.459,0.288,316,2084,"REBOUND DEF by PRIDE,JORDAN"
18_12_29_4_12,Hendrix,Mary Hardin-Baylor,0.5,0.5,Win,61,74,13,2,0.414,0.265,0.456,0.283,301,2099,"MISS 3PTR by PRIDE,JORDAN"
18_12_29_4_12,Hendrix,Mary Hardin-Baylor,0.5,0.5,Win,61,74,13,2,0.414,0.265,0.456,0.283,301,2099,REBOUND DEADB by TEAM
18_12_29_4_12,Hendrix,Mary Hardin-Baylor,0.5,0.5,Win,61,74,13,2,0.414,0.265,0.456,0.283,293,2107,"FOUL  by BRASFIELD,KAM"
18_12_29_4_12,Hendrix,Mary Hardin-Baylor,0.5,0.5,Win,61,74,13,2,0.414,0.265,0.456,0.283,293,2107,"TURNOVER  by BRASFIELD,KAM"
18_12_29_4_12,Hendrix,Mary Hardin-Baylor,0.5,0.5,Win,61,74,13,2,0.414,0.265,0.456,0.283,285,2115,"FOUL  by EATON,JACK"
18_12_29_4_12,Hendrix,Mary Hardin-Baylor,0.5,0.5,Win,61,75,14,2,0.414,0.265,0.46,0.283,285,2115,"GOOD FT by MOORE,SAM"
18_12_29_4_12,Hendrix,Mary Hardin-Baylor,0.5,0.5,Win,61,76,15,2,0.414,0.265,0.464,0.283,285,2115,"GOOD FT by MOORE,SAM"
18_12_29_4_12,Hendrix,Mary Hardin-Baylor,0.5,0.5,Win,61,76,15,2,0.414,0.265,0.464,0.283,259,2141,"FOUL  by PRIDE,JORDAN"
18_12_29_4_12,Hendrix,Mary Hardin-Baylor,0.5,0.5,Win,63,76,13,2,0.423,0.265,0.467,0.283,246,2154,"GOOD JUMPER by EATON,JACK"
18_12_29_4_12,Hendrix,Mary Hardin-Baylor,0.5,0.5,Win,63,76,13,2,0.423,0.265,0.467,0.283,246,2154,"ASSIST  by STANLEY,SETH"
18_12_29_4_12,Hendrix,Mary Hardin-Baylor,0.5,0.5,Win,63,78,15,2,0.423,0.265,0.471,0.283,230,2170,"GOOD JUMPER by EVERETT,PAT(in the paint)"
18_12_29_4_12,Hendrix,Mary Hardin-Baylor,0.5,0.5,Win,63,78,15,2,0.423,0.265,0.471,0.283,230,2170,"ASSIST  by PRIDE,JORDAN"
18_12_29_4_12,Hendrix,Mary Hardin-Baylor,0.5,0.5,Win,63,78,15,2,0.417,0.257,0.468,0.278,213,2187,"MISS 3PTR by BRASFIELD,KAM"
18_12_29_4_12,Hendrix,Mary Hardin-Baylor,0.5,0.5,Win,63,78,15,2,0.417,0.257,0.468,0.278,213,2187,"REBOUND OFF by FITCH,CARL"
18_12_29_4_12,Hendrix,Mary Hardin-Baylor,0.5,0.5,Win,63,78,15,2,0.417,0.257,0.468,0.278,209,2191,"FOUL  by PRIDE,JORDAN"
18_12_29_4_12,Hendrix,Mary Hardin-Baylor,0.5,0.5,Win,63,78,15,2,0.417,0.257,0.468,0.278,209,2191,TIMEOUT  by TEAM
18_12_29_4_12,Hendrix,Mary Hardin-Baylor,0.5,0.5,Win,63,78,15,2,0.417,0.257,0.468,0.278,209,2191,"SUB OUT by EATON,JACK"
18_12_29_4_12,Hendrix,Mary Hardin-Baylor,0.5,0.5,Win,63,78,15,2,0.417,0.257,0.468,0.278,209,2191,"SUB IN by LINK,JACOB"
18_12_29_4_12,Hendrix,Mary Hardin-Baylor,0.5,0.5,Win,64,78,14,2,0.425,0.257,0.471,0.278,209,2191,"GOOD FT by FITCH,CARL"
18_12_29_4_12,Hendrix,Mary Hardin-Baylor,0.5,0.5,Win,65,78,13,2,0.432,0.257,0.474,0.278,209,2191,"GOOD FT by FITCH,CARL"
18_12_29_4_12,Hendrix,Mary Hardin-Baylor,0.5,0.5,Win,65,78,13,2,0.427,0.25,0.471,0.273,179,2221,"MISS 3PTR by BRASFIELD,KAM"
18_12_29_4_12,Hendrix,Mary Hardin-Baylor,0.5,0.5,Win,65,78,13,2,0.427,0.25,0.471,0.273,179,2221,"REBOUND OFF by LINK,JACOB"
18_12_29_4_12,Hendrix,Mary Hardin-Baylor,0.5,0.5,Win,65,78,13,2,0.421,0.243,0.468,0.268,169,2231,"MISS 3PTR by SMITH,PRESTON"
18_12_29_4_12,Hendrix,Mary Hardin-Baylor,0.5,0.5,Win,65,78,13,2,0.421,0.243,0.468,0.268,169,2231,"REBOUND DEF by MOORE,SAM"
18_12_29_4_12,Hendrix,Mary Hardin-Baylor,0.5,0.5,Win,65,78,13,2,0.421,0.243,0.468,0.268,150,2250,"TURNOVER  by HYSON,LAKENDRIC"
18_12_29_4_12,Hendrix,Mary Hardin-Baylor,0.5,0.5,Win,65,78,13,2,0.421,0.243,0.468,0.268,150,2250,"STEAL  by BRASFIELD,KAM"
18_12_29_4_12,Hendrix,Mary Hardin-Baylor,0.5,0.5,Win,65,78,13,2,0.421,0.243,0.465,0.268,149,2251,"MISS JUMPER by HYSON,LAKENDRIC"
18_12_29_4_12,Hendrix,Mary Hardin-Baylor,0.5,0.5,Win,65,78,13,2,0.421,0.243,0.465,0.268,149,2251,"REBOUND DEF by STANLEY,SETH"
18_12_29_4_12,Hendrix,Mary Hardin-Baylor,0.5,0.5,Win,65,78,13,2,0.421,0.243,0.465,0.268,144,2256,TIMEOUT  by TEAM
18_12_29_4_12,Hendrix,Mary Hardin-Baylor,0.5,0.5,Win,65,78,13,2,0.416,0.237,0.463,0.263,142,2258,"MISS 3PTR by SMITH,PRESTON"
18_12_29_4_12,Hendrix,Mary Hardin-Baylor,0.5,0.5,Win,65,78,13,2,0.416,0.237,0.463,0.263,142,2258,"REBOUND DEF by HYSON,LAKENDRIC"
18_12_29_4_12,Hendrix,Mary Hardin-Baylor,0.5,0.5,Win,65,78,13,2,0.416,0.237,0.463,0.263,120,2280,"FOUL  by LINK,JACOB"
18_12_29_4_12,Hendrix,Mary Hardin-Baylor,0.5,0.5,Win,65,79,14,2,0.416,0.237,0.466,0.263,120,2280,"GOOD FT by LONG,BRIAN"
18_12_29_4_12,Hendrix,Mary Hardin-Baylor,0.5,0.5,Win,65,80,15,2,0.416,0.237,0.469,0.263,120,2280,"GOOD FT by LONG,BRIAN"
18_12_29_4_12,Hendrix,Mary Hardin-Baylor,0.5,0.5,Win,65,80,15,2,0.416,0.237,0.469,0.263,107,2293,"FOUL  by MOORE,SAM"
18_12_29_4_12,Hendrix,Mary Hardin-Baylor,0.5,0.5,Win,66,80,14,2,0.423,0.237,0.472,0.263,107,2293,"GOOD FT by BRASFIELD,KAM"
18_12_29_4_12,Hendrix,Mary Hardin-Baylor,0.5,0.5,Win,66,80,14,2,0.418,0.237,0.47,0.263,106,2294,"MISS FT by BRASFIELD,KAM"
18_12_29_4_12,Hendrix,Mary Hardin-Baylor,0.5,0.5,Win,66,80,14,2,0.418,0.237,0.47,0.263,106,2294,"REBOUND DEF by HYSON,LAKENDRIC"
18_12_29_4_12,Hendrix,Mary Hardin-Baylor,0.5,0.5,Win,66,83,17,2,0.418,0.237,0.473,0.276,93,2307,"GOOD 3PTR by MOORE,SAM"
18_12_29_4_12,Hendrix,Mary Hardin-Baylor,0.5,0.5,Win,66,83,17,2,0.418,0.237,0.473,0.276,93,2307,"ASSIST  by PRIDE,JORDAN"
18_12_29_4_12,Hendrix,Mary Hardin-Baylor,0.5,0.5,Win,66,83,17,2,0.412,0.231,0.47,0.271,77,2323,"MISS 3PTR by SMITH,PRESTON"
18_12_29_4_12,Hendrix,Mary Hardin-Baylor,0.5,0.5,Win,66,83,17,2,0.412,0.231,0.47,0.271,77,2323,"REBOUND DEF by MOORE,SAM"
18_12_29_4_12,Hendrix,Mary Hardin-Baylor,0.5,0.5,Win,66,83,17,2,0.412,0.231,0.467,0.271,51,2349,"MISS JUMPER by HYSON,LAKENDRIC"
18_12_29_4_12,Hendrix,Mary Hardin-Baylor,0.5,0.5,Win,66,83,17,2,0.412,0.231,0.467,0.271,51,2349,"REBOUND OFF by LONG,BRIAN"
18_12_29_4_12,Hendrix,Mary Hardin-Baylor,0.5,0.5,Win,66,85,19,2,0.412,0.231,0.47,0.271,46,2354,"GOOD LAYUP by LONG,BRIAN(in the paint)"
18_12_29_4_12,Hendrix,Mary Hardin-Baylor,0.5,0.5,Win,66,85,19,2,0.407,0.225,0.467,0.267,35,2365,"MISS 3PTR by LINK,JACOB"
18_12_29_4_12,Hendrix,Mary Hardin-Baylor,0.5,0.5,Win,66,85,19,2,0.407,0.225,0.467,0.267,35,2365,"REBOUND OFF by STANLEY,SETH"
18_12_29_4_12,Hendrix,Mary Hardin-Baylor,0.5,0.5,Win,66,85,19,2,0.402,0.22,0.465,0.262,28,2372,"MISS 3PTR by BRASFIELD,KAM"
18_12_29_4_12,Hendrix,Mary Hardin-Baylor,0.5,0.5,Win,66,85,19,2,0.402,0.22,0.465,0.262,28,2372,"REBOUND DEF by PRIDE,JORDAN"
