Time Remaining,Centre,Away Team Score,Play Team Indicator,Home Team Score,BSC,Game Score,Team Indicator,Play,Period
19:45,"MISS JUMPER by GERALD,DUSTIN(in the paint)",,,,,,,"MISS JUMPER by GERALD,DUSTIN(in the paint)",1
--,,,,,"REBOUND DEF by STEWART,CHRISTIAN",,,"REBOUND DEF by STEWART,CHRISTIAN",1
19:37,,0,,3 (+3),"GOOD 3PTR by TOULIATOS,LUKE",BSC 0-3 (+3),,"GOOD 3PTR by TOULIATOS,LUKE",1
--,,,,,"ASSIST  by GLOVER,CAMERON",,,"ASSIST  by GLOVER,CAMERON",1
19:10,"MISS JUMPER by MOORE,CHEZ(in the paint)",,,,,,,"MISS JUMPER by MOORE,CHEZ(in the paint)",1
--,"REBOUND OFF by SMITH,RJ",,,,,,,"REBOUND OFF by SMITH,RJ",1
19:02,"MISS 3PTR by SMITH,RJ",,,,,,,"MISS 3PTR by SMITH,RJ",1
--,"REBOUND OFF by MOORE,CHEZ",,,,,,,"REBOUND OFF by MOORE,CHEZ",1
18:56,"GOOD DUNK by SMITH,RJ(in the paint)",2,,3 (+1),,Centre 2-3 (+1),,"GOOD DUNK by SMITH,RJ(in the paint)",1
--,"ASSIST  by MOORE,CHEZ",,,,,,,"ASSIST  by MOORE,CHEZ",1
18:29,,,,,"MISS 3PTR by SIGLER,EVAN",,,"MISS 3PTR by SIGLER,EVAN",1
--,,,,,"REBOUND OFF by GILLISPIE,JAY",,,"REBOUND OFF by GILLISPIE,JAY",1
18:10,,,,,"MISS LAYUP by TOULIATOS,LUKE(in the paint)",,,"MISS LAYUP by TOULIATOS,LUKE(in the paint)",1
--,"REBOUND DEF by SMITH,RJ",,,,,,,"REBOUND DEF by SMITH,RJ",1
17:44,"MISS 3PTR by SMITH,RJ",,,,,,,"MISS 3PTR by SMITH,RJ",1
--,,,,,"REBOUND DEF by SIGLER,EVAN",,,"REBOUND DEF by SIGLER,EVAN",1
17:35,,,,,"MISS 3PTR by TOULIATOS,LUKE",,,"MISS 3PTR by TOULIATOS,LUKE",1
--,,,,,REBOUND OFF by TEAM,,,REBOUND OFF by TEAM,1
17:21,,2,,5 (+3),"GOOD LAYUP by STEWART,CHRISTIAN(in the paint)",BSC 2-5 (+3),,"GOOD LAYUP by STEWART,CHRISTIAN(in the paint)",1
17:05,"GOOD LAYUP by SMITH,RJ(in the paint)",4,,5 (+1),,Centre 4-5 (+1),,"GOOD LAYUP by SMITH,RJ(in the paint)",1
16:40,"FOUL  by WILLIAMS,JALEN",,,,,,,"FOUL  by WILLIAMS,JALEN",1
16:40,,,,,"SUB OUT by STEWART,CHRISTIAN",,,"SUB OUT by STEWART,CHRISTIAN",1
16:40,,,,,"SUB OUT by SIGLER,EVAN",,,"SUB OUT by SIGLER,EVAN",1
16:40,,,,,"SUB IN by KANE,DENMAN",,,"SUB IN by KANE,DENMAN",1
16:40,,,,,"SUB IN by CHILDERS,JOSH",,,"SUB IN by CHILDERS,JOSH",1
16:34,,,,,"MISS 3PTR by TOULIATOS,LUKE",,,"MISS 3PTR by TOULIATOS,LUKE",1
--,,,,,"REBOUND OFF by CHILDERS,JOSH",,,"REBOUND OFF by CHILDERS,JOSH",1
16:25,,,,,"MISS JUMPER by KANE,DENMAN",,,"MISS JUMPER by KANE,DENMAN",1
--,"REBOUND DEF by MOORE,CHEZ",,,,,,,"REBOUND DEF by MOORE,CHEZ",1
16:19,"GOOD LAYUP by MOORE,CHEZ(fastbreak)(in the paint)",6 (+1),,5,,Centre 6-5 (-1),,"GOOD LAYUP by MOORE,CHEZ(fastbreak)(in the paint)",1
15:59,,,,,"MISS 3PTR by KANE,DENMAN",,,"MISS 3PTR by KANE,DENMAN",1
--,,,,,"REBOUND OFF by GILLISPIE,JAY",,,"REBOUND OFF by GILLISPIE,JAY",1
15:57,"FOUL  by WILLIAMS,JALEN",,,,,,,"FOUL  by WILLIAMS,JALEN",1
15:57,TIMEOUT MEDIA by TEAM,,,,,,,TIMEOUT MEDIA by TEAM,1
15:57,,,,,"SUB OUT by GLOVER,CAMERON",,,"SUB OUT by GLOVER,CAMERON",1
15:57,,,,,"SUB IN by GARRIDO,BRANDAN",,,"SUB IN by GARRIDO,BRANDAN",1
15:57,"SUB OUT by WILLIAMS,JALEN",,,,,,,"SUB OUT by WILLIAMS,JALEN",1
15:57,"SUB OUT by MOORE,CHEZ",,,,,,,"SUB OUT by MOORE,CHEZ",1
15:57,"SUB IN by TAYLOR,MARSHALL",,,,,,,"SUB IN by TAYLOR,MARSHALL",1
15:57,"SUB IN by RING,NOAH",,,,,,,"SUB IN by RING,NOAH",1
15:57,,6,,6,"GOOD FT by GILLISPIE,JAY",BSC 6-6 (0),,"GOOD FT by GILLISPIE,JAY",1
15:57,,,,,"MISS FT by GILLISPIE,JAY",,,"MISS FT by GILLISPIE,JAY",1
--,"REBOUND DEF by GERALD,DUSTIN",,,,,,,"REBOUND DEF by GERALD,DUSTIN",1
15:36,"GOOD JUMPER by SMITH,RJ(in the paint)",8 (+2),,6,,Centre 8-6 (-2),,"GOOD JUMPER by SMITH,RJ(in the paint)",1
15:23,,,,,"MISS JUMPER by GARRIDO,BRANDAN(in the paint)",,,"MISS JUMPER by GARRIDO,BRANDAN(in the paint)",1
--,"REBOUND DEF by RING,NOAH",,,,,,,"REBOUND DEF by RING,NOAH",1
15:20,,,,,"FOUL  by CHILDERS,JOSH",,,"FOUL  by CHILDERS,JOSH",1
15:20,,,,,"SUB OUT by GILLISPIE,JAY",,,"SUB OUT by GILLISPIE,JAY",1
15:20,,,,,"SUB IN by STEPHENS,TROY",,,"SUB IN by STEPHENS,TROY",1
15:06,"GOOD 3PTR by BAUGHMAN,CARTER",11 (+5),,6,,Centre 11-6 (-5),,"GOOD 3PTR by BAUGHMAN,CARTER",1
--,"ASSIST  by TAYLOR,MARSHALL",,,,,,,"ASSIST  by TAYLOR,MARSHALL",1
14:48,,,,,"MISS 3PTR by TOULIATOS,LUKE",,,"MISS 3PTR by TOULIATOS,LUKE",1
--,,,,,"REBOUND OFF by STEPHENS,TROY",,,"REBOUND OFF by STEPHENS,TROY",1
14:36,,,,,"MISS LAYUP by GARRIDO,BRANDAN(in the paint)",,,"MISS LAYUP by GARRIDO,BRANDAN(in the paint)",1
--,"REBOUND DEF by RING,NOAH",,,,,,,"REBOUND DEF by RING,NOAH",1
14:35,,,,,"FOUL  by CHILDERS,JOSH",,,"FOUL  by CHILDERS,JOSH",1
14:35,,,,,"SUB OUT by CHILDERS,JOSH",,,"SUB OUT by CHILDERS,JOSH",1
14:35,,,,,"SUB IN by STEWART,CHRISTIAN",,,"SUB IN by STEWART,CHRISTIAN",1
14:15,"GOOD 3PTR by GERALD,DUSTIN",14 (+8),,6,,Centre 14-6 (-8),,"GOOD 3PTR by GERALD,DUSTIN",1
--,"ASSIST  by BAUGHMAN,CARTER",,,,,,,"ASSIST  by BAUGHMAN,CARTER",1
14:13,,,,,TIMEOUT 30SEC by TEAM,,,TIMEOUT 30SEC by TEAM,1
14:13,,,,,"SUB OUT by KANE,DENMAN",,,"SUB OUT by KANE,DENMAN",1
14:13,,,,,"SUB OUT by GARRIDO,BRANDAN",,,"SUB OUT by GARRIDO,BRANDAN",1
14:13,,,,,"SUB OUT by TOULIATOS,LUKE",,,"SUB OUT by TOULIATOS,LUKE",1
14:13,,,,,"SUB IN by WILLIAMS,JU'QUAN",,,"SUB IN by WILLIAMS,JU'QUAN",1
14:13,,,,,"SUB IN by GLOVER,CAMERON",,,"SUB IN by GLOVER,CAMERON",1
14:13,,,,,"SUB IN by GILLISPIE,JAY",,,"SUB IN by GILLISPIE,JAY",1
13:50,,,,,"MISS JUMPER by GILLISPIE,JAY(in the paint)",,,"MISS JUMPER by GILLISPIE,JAY(in the paint)",1
--,"REBOUND DEF by GERALD,DUSTIN",,,,,,,"REBOUND DEF by GERALD,DUSTIN",1
13:44,,,,,"FOUL  by WILLIAMS,JU'QUAN",,,"FOUL  by WILLIAMS,JU'QUAN",1
13:44,"MISS FT by SMITH,RJ(fastbreak)",,,,,,,"MISS FT by SMITH,RJ(fastbreak)",1
--,REBOUND DEADB by TEAM,,,,,,,REBOUND DEADB by TEAM,1
13:44,"SUB OUT by GERALD,DUSTIN",,,,,,,"SUB OUT by GERALD,DUSTIN",1
13:44,"SUB IN by WILSON,DREW",,,,,,,"SUB IN by WILSON,DREW",1
13:44,"GOOD FT by SMITH,RJ(fastbreak)",15 (+9),,6,,Centre 15-6 (-9),,"GOOD FT by SMITH,RJ(fastbreak)",1
13:37,,15 (+6),,9,"GOOD 3PTR by STEPHENS,TROY",BSC 15-9 (-6),,"GOOD 3PTR by STEPHENS,TROY",1
--,,,,,"ASSIST  by GILLISPIE,JAY",,,"ASSIST  by GILLISPIE,JAY",1
13:16,"MISS JUMPER by SMITH,RJ(in the paint)",,,,,,,"MISS JUMPER by SMITH,RJ(in the paint)",1
13:16,,,,,"BLOCK  by STEWART,CHRISTIAN",,,"BLOCK  by STEWART,CHRISTIAN",1
--,,,,,"REBOUND DEF by GILLISPIE,JAY",,,"REBOUND DEF by GILLISPIE,JAY",1
13:06,,,,,"MISS 3PTR by WILLIAMS,JU'QUAN",,,"MISS 3PTR by WILLIAMS,JU'QUAN",1
--,"REBOUND DEF by TAYLOR,MARSHALL",,,,,,,"REBOUND DEF by TAYLOR,MARSHALL",1
12:54,"MISS 3PTR by TAYLOR,MARSHALL",,,,,,,"MISS 3PTR by TAYLOR,MARSHALL",1
--,,,,,REBOUND DEF by TEAM,,,REBOUND DEF by TEAM,1
12:36,,15 (+3),,12,"GOOD 3PTR by GLOVER,CAMERON",BSC 15-12 (-3),,"GOOD 3PTR by GLOVER,CAMERON",1
--,,,,,"ASSIST  by STEWART,CHRISTIAN",,,"ASSIST  by STEWART,CHRISTIAN",1
12:19,"GOOD 3PTR by BAUGHMAN,CARTER",18 (+6),,12,,Centre 18-12 (-6),,"GOOD 3PTR by BAUGHMAN,CARTER",1
11:58,,,,,"MISS 3PTR by GLOVER,CAMERON",,,"MISS 3PTR by GLOVER,CAMERON",1
--,"REBOUND DEF by SMITH,RJ",,,,,,,"REBOUND DEF by SMITH,RJ",1
11:45,"MISS 3PTR by SMITH,RJ",,,,,,,"MISS 3PTR by SMITH,RJ",1
--,,,,,REBOUND DEF by TEAM,,,REBOUND DEF by TEAM,1
11:42,TIMEOUT MEDIA by TEAM,,,,,,,TIMEOUT MEDIA by TEAM,1
11:42,,,,,"SUB OUT by STEPHENS,TROY",,,"SUB OUT by STEPHENS,TROY",1
11:42,,,,,"SUB IN by TOULIATOS,LUKE",,,"SUB IN by TOULIATOS,LUKE",1
11:42,"SUB OUT by SMITH,RJ",,,,,,,"SUB OUT by SMITH,RJ",1
11:42,"SUB OUT by TAYLOR,MARSHALL",,,,,,,"SUB OUT by TAYLOR,MARSHALL",1
11:42,"SUB IN by GERALD,DUSTIN",,,,,,,"SUB IN by GERALD,DUSTIN",1
11:42,"SUB IN by MOORE,CHEZ",,,,,,,"SUB IN by MOORE,CHEZ",1
11:28,,18 (+4),,14,"GOOD LAYUP by STEWART,CHRISTIAN(in the paint)",BSC 18-14 (-4),,"GOOD LAYUP by STEWART,CHRISTIAN(in the paint)",1
11:08,"GOOD 3PTR by GERALD,DUSTIN",21 (+7),,14,,Centre 21-14 (-7),,"GOOD 3PTR by GERALD,DUSTIN",1
10:49,,,,,"TURNOVER  by TOULIATOS,LUKE",,,"TURNOVER  by TOULIATOS,LUKE",1
10:49,"STEAL  by RING,NOAH",,,,,,,"STEAL  by RING,NOAH",1
10:44,"MISS JUMPER by BAUGHMAN,CARTER(in the paint)",,,,,,,"MISS JUMPER by BAUGHMAN,CARTER(in the paint)",1
--,"REBOUND OFF by MOORE,CHEZ",,,,,,,"REBOUND OFF by MOORE,CHEZ",1
10:38,"GOOD DUNK by MOORE,CHEZ(in the paint)",23 (+9),,14,,Centre 23-14 (-9),,"GOOD DUNK by MOORE,CHEZ(in the paint)",1
10:37,,23 (+7),,16,"GOOD LAYUP by STEWART,CHRISTIAN(in the paint)",BSC 23-16 (-7),,"GOOD LAYUP by STEWART,CHRISTIAN(in the paint)",1
10:30,"MISS JUMPER by GERALD,DUSTIN(in the paint)",,,,,,,"MISS JUMPER by GERALD,DUSTIN(in the paint)",1
--,,,,,"REBOUND DEF by TOULIATOS,LUKE",,,"REBOUND DEF by TOULIATOS,LUKE",1
10:22,,,,,"MISS LAYUP by TOULIATOS,LUKE(in the paint)",,,"MISS LAYUP by TOULIATOS,LUKE(in the paint)",1
--,"REBOUND DEF by RING,NOAH",,,,,,,"REBOUND DEF by RING,NOAH",1
10:03,"MISS 3PTR by RING,NOAH",,,,,,,"MISS 3PTR by RING,NOAH",1
--,,,,,"REBOUND DEF by TOULIATOS,LUKE",,,"REBOUND DEF by TOULIATOS,LUKE",1
09:55,,,,,"FOUL  by GILLISPIE,JAY",,,"FOUL  by GILLISPIE,JAY",1
09:55,,,,,"TURNOVER  by GILLISPIE,JAY",,,"TURNOVER  by GILLISPIE,JAY",1
09:55,,,,,"SUB OUT by TOULIATOS,LUKE",,,"SUB OUT by TOULIATOS,LUKE",1
09:55,,,,,"SUB IN by STEPHENS,TROY",,,"SUB IN by STEPHENS,TROY",1
09:55,"SUB OUT by BAUGHMAN,CARTER",,,,,,,"SUB OUT by BAUGHMAN,CARTER",1
09:55,"SUB OUT by RING,NOAH",,,,,,,"SUB OUT by RING,NOAH",1
09:55,"SUB IN by SMITH,RJ",,,,,,,"SUB IN by SMITH,RJ",1
09:55,"SUB IN by TAYLOR,MARSHALL",,,,,,,"SUB IN by TAYLOR,MARSHALL",1
09:38,,,,,"FOUL  by STEPHENS,TROY",,,"FOUL  by STEPHENS,TROY",1
09:38,"GOOD FT by GERALD,DUSTIN",24 (+8),,16,,Centre 24-16 (-8),,"GOOD FT by GERALD,DUSTIN",1
09:38,,,,,"SUB OUT by WILLIAMS,JU'QUAN",,,"SUB OUT by WILLIAMS,JU'QUAN",1
09:38,,,,,"SUB OUT by STEWART,CHRISTIAN",,,"SUB OUT by STEWART,CHRISTIAN",1
09:38,,,,,"SUB IN by SIGLER,EVAN",,,"SUB IN by SIGLER,EVAN",1
09:38,,,,,"SUB IN by CHILDERS,JOSH",,,"SUB IN by CHILDERS,JOSH",1
09:38,"GOOD FT by GERALD,DUSTIN",25 (+9),,16,,Centre 25-16 (-9),,"GOOD FT by GERALD,DUSTIN",1
09:12,,,,,"MISS 3PTR by STEPHENS,TROY",,,"MISS 3PTR by STEPHENS,TROY",1
--,"REBOUND DEF by MOORE,CHEZ",,,,,,,"REBOUND DEF by MOORE,CHEZ",1
09:04,,,,,"FOUL  by SIGLER,EVAN",,,"FOUL  by SIGLER,EVAN",1
09:04,"MISS FT by SMITH,RJ(fastbreak)",,,,,,,"MISS FT by SMITH,RJ(fastbreak)",1
--,REBOUND DEADB by TEAM,,,,,,,REBOUND DEADB by TEAM,1
09:04,,,,,"SUB OUT by GILLISPIE,JAY",,,"SUB OUT by GILLISPIE,JAY",1
09:04,,,,,"SUB IN by TOULIATOS,LUKE",,,"SUB IN by TOULIATOS,LUKE",1
09:04,"GOOD FT by SMITH,RJ(fastbreak)",26 (+10),,16,,Centre 26-16 (-10),,"GOOD FT by SMITH,RJ(fastbreak)",1
08:52,"FOUL  by MOORE,CHEZ",,,,,,,"FOUL  by MOORE,CHEZ",1
08:52,"SUB OUT by MOORE,CHEZ",,,,,,,"SUB OUT by MOORE,CHEZ",1
08:52,"SUB IN by KNOCHELMANN,PETE",,,,,,,"SUB IN by KNOCHELMANN,PETE",1
08:38,,,,,"MISS JUMPER by STEPHENS,TROY(in the paint)",,,"MISS JUMPER by STEPHENS,TROY(in the paint)",1
--,,,,,REBOUND OFF by TEAM,,,REBOUND OFF by TEAM,1
08:27,,26 (+8),,18,"GOOD LAYUP by CHILDERS,JOSH(in the paint)",BSC 26-18 (-8),,"GOOD LAYUP by CHILDERS,JOSH(in the paint)",1
08:07,"MISS JUMPER by GERALD,DUSTIN",,,,,,,"MISS JUMPER by GERALD,DUSTIN",1
--,,,,,"REBOUND DEF by TOULIATOS,LUKE",,,"REBOUND DEF by TOULIATOS,LUKE",1
08:05,"FOUL  by GERALD,DUSTIN",,,,,,,"FOUL  by GERALD,DUSTIN",1
08:05,"SUB OUT by GERALD,DUSTIN",,,,,,,"SUB OUT by GERALD,DUSTIN",1
08:05,"SUB IN by WILLIAMS,JALEN",,,,,,,"SUB IN by WILLIAMS,JALEN",1
07:51,,,,,"MISS JUMPER by STEPHENS,TROY(in the paint)",,,"MISS JUMPER by STEPHENS,TROY(in the paint)",1
--,"REBOUND DEF by KNOCHELMANN,PETE",,,,,,,"REBOUND DEF by KNOCHELMANN,PETE",1
07:36,"MISS 3PTR by TAYLOR,MARSHALL",,,,,,,"MISS 3PTR by TAYLOR,MARSHALL",1
--,,,,,"REBOUND DEF by CHILDERS,JOSH",,,"REBOUND DEF by CHILDERS,JOSH",1
07:12,,,,,TIMEOUT 30SEC by TEAM,,,TIMEOUT 30SEC by TEAM,1
07:12,TIMEOUT MEDIA by TEAM,,,,,,,TIMEOUT MEDIA by TEAM,1
07:12,,,,,"SUB OUT by GLOVER,CAMERON",,,"SUB OUT by GLOVER,CAMERON",1
07:12,,,,,"SUB OUT by STEPHENS,TROY",,,"SUB OUT by STEPHENS,TROY",1
07:12,,,,,"SUB OUT by SIGLER,EVAN",,,"SUB OUT by SIGLER,EVAN",1
07:12,,,,,"SUB IN by KANE,DENMAN",,,"SUB IN by KANE,DENMAN",1
07:12,,,,,"SUB IN by GARRIDO,BRANDAN",,,"SUB IN by GARRIDO,BRANDAN",1
07:12,,,,,"SUB IN by GILLISPIE,JAY",,,"SUB IN by GILLISPIE,JAY",1
07:12,"SUB OUT by WILSON,DREW",,,,,,,"SUB OUT by WILSON,DREW",1
07:12,"SUB IN by BAUGHMAN,CARTER",,,,,,,"SUB IN by BAUGHMAN,CARTER",1
07:05,,,,,"TURNOVER  by GILLISPIE,JAY",,,"TURNOVER  by GILLISPIE,JAY",1
07:05,"STEAL  by BAUGHMAN,CARTER",,,,,,,"STEAL  by BAUGHMAN,CARTER",1
06:45,"GOOD 3PTR by TAYLOR,MARSHALL",29 (+11),,18,,Centre 29-18 (-11),,"GOOD 3PTR by TAYLOR,MARSHALL",1
--,"ASSIST  by SMITH,RJ",,,,,,,"ASSIST  by SMITH,RJ",1
06:30,,,,,"MISS 3PTR by KANE,DENMAN",,,"MISS 3PTR by KANE,DENMAN",1
--,,,,,"REBOUND OFF by TOULIATOS,LUKE",,,"REBOUND OFF by TOULIATOS,LUKE",1
06:25,,,,,"MISS JUMPER by TOULIATOS,LUKE(in the paint)",,,"MISS JUMPER by TOULIATOS,LUKE(in the paint)",1
--,"REBOUND DEF by SMITH,RJ",,,,,,,"REBOUND DEF by SMITH,RJ",1
06:14,"MISS 3PTR by BAUGHMAN,CARTER",,,,,,,"MISS 3PTR by BAUGHMAN,CARTER",1
--,,,,,"REBOUND DEF by GILLISPIE,JAY",,,"REBOUND DEF by GILLISPIE,JAY",1
06:01,,,,,"MISS 3PTR by KANE,DENMAN",,,"MISS 3PTR by KANE,DENMAN",1
--,,,,,"REBOUND OFF by GILLISPIE,JAY",,,"REBOUND OFF by GILLISPIE,JAY",1
05:57,,,,,"SUB OUT by KANE,DENMAN",,,"SUB OUT by KANE,DENMAN",1
05:57,,,,,"SUB IN by WILLIAMS,JU'QUAN",,,"SUB IN by WILLIAMS,JU'QUAN",1
05:57,"SUB OUT by WILLIAMS,JALEN",,,,,,,"SUB OUT by WILLIAMS,JALEN",1
05:57,"SUB OUT by KNOCHELMANN,PETE",,,,,,,"SUB OUT by KNOCHELMANN,PETE",1
05:57,"SUB IN by GERALD,DUSTIN",,,,,,,"SUB IN by GERALD,DUSTIN",1
05:57,"SUB IN by RING,NOAH",,,,,,,"SUB IN by RING,NOAH",1
05:51,,,,,"TURNOVER  by CHILDERS,JOSH",,,"TURNOVER  by CHILDERS,JOSH",1
05:51,"STEAL  by BAUGHMAN,CARTER",,,,,,,"STEAL  by BAUGHMAN,CARTER",1
05:44,"GOOD 3PTR by RING,NOAH(fastbreak)",32 (+14),,18,,Centre 32-18 (-14),,"GOOD 3PTR by RING,NOAH(fastbreak)",1
--,"ASSIST  by BAUGHMAN,CARTER",,,,,,,"ASSIST  by BAUGHMAN,CARTER",1
05:25,,,,,"MISS 3PTR by GILLISPIE,JAY",,,"MISS 3PTR by GILLISPIE,JAY",1
--,"REBOUND DEF by TAYLOR,MARSHALL",,,,,,,"REBOUND DEF by TAYLOR,MARSHALL",1
05:17,"GOOD 3PTR by BAUGHMAN,CARTER(fastbreak)",35 (+17),,18,,Centre 35-18 (-17),,"GOOD 3PTR by BAUGHMAN,CARTER(fastbreak)",1
--,"ASSIST  by TAYLOR,MARSHALL",,,,,,,"ASSIST  by TAYLOR,MARSHALL",1
05:16,,,,,TIMEOUT 30SEC by TEAM,,,TIMEOUT 30SEC by TEAM,1
05:16,,,,,"SUB OUT by GARRIDO,BRANDAN",,,"SUB OUT by GARRIDO,BRANDAN",1
05:16,,,,,"SUB OUT by TOULIATOS,LUKE",,,"SUB OUT by TOULIATOS,LUKE",1
05:16,,,,,"SUB OUT by CHILDERS,JOSH",,,"SUB OUT by CHILDERS,JOSH",1
05:16,,,,,"SUB IN by GLOVER,CAMERON",,,"SUB IN by GLOVER,CAMERON",1
05:16,,,,,"SUB IN by STEPHENS,TROY",,,"SUB IN by STEPHENS,TROY",1
05:16,,,,,"SUB IN by STEWART,CHRISTIAN",,,"SUB IN by STEWART,CHRISTIAN",1
05:00,,35 (+14),,21,"GOOD 3PTR by WILLIAMS,JU'QUAN",BSC 35-21 (-14),,"GOOD 3PTR by WILLIAMS,JU'QUAN",1
--,,,,,"ASSIST  by STEWART,CHRISTIAN",,,"ASSIST  by STEWART,CHRISTIAN",1
04:35,"MISS 3PTR by GERALD,DUSTIN",,,,,,,"MISS 3PTR by GERALD,DUSTIN",1
--,,,,,"REBOUND DEF by STEPHENS,TROY",,,"REBOUND DEF by STEPHENS,TROY",1
04:26,,,,,"MISS 3PTR by WILLIAMS,JU'QUAN",,,"MISS 3PTR by WILLIAMS,JU'QUAN",1
--,"REBOUND DEF by SMITH,RJ",,,,,,,"REBOUND DEF by SMITH,RJ",1
04:19,"GOOD 3PTR by RING,NOAH",38 (+17),,21,,Centre 38-21 (-17),,"GOOD 3PTR by RING,NOAH",1
--,"ASSIST  by SMITH,RJ",,,,,,,"ASSIST  by SMITH,RJ",1
04:01,,,,,"MISS JUMPER by STEWART,CHRISTIAN(in the paint)",,,"MISS JUMPER by STEWART,CHRISTIAN(in the paint)",1
--,"REBOUND DEF by RING,NOAH",,,,,,,"REBOUND DEF by RING,NOAH",1
03:54,"MISS JUMPER by BAUGHMAN,CARTER(in the paint)",,,,,,,"MISS JUMPER by BAUGHMAN,CARTER(in the paint)",1
03:54,,,,,"BLOCK  by STEPHENS,TROY",,,"BLOCK  by STEPHENS,TROY",1
--,,,,,"REBOUND DEF by STEWART,CHRISTIAN",,,"REBOUND DEF by STEWART,CHRISTIAN",1
03:46,,38 (+14),,24,"GOOD 3PTR by STEPHENS,TROY",BSC 38-24 (-14),,"GOOD 3PTR by STEPHENS,TROY",1
--,,,,,"ASSIST  by STEWART,CHRISTIAN",,,"ASSIST  by STEWART,CHRISTIAN",1
03:30,"GOOD DUNK by SMITH,RJ(in the paint)",40 (+16),,24,,Centre 40-24 (-16),,"GOOD DUNK by SMITH,RJ(in the paint)",1
--,"ASSIST  by TAYLOR,MARSHALL",,,,,,,"ASSIST  by TAYLOR,MARSHALL",1
03:28,TIMEOUT 30SEC by TEAM,,,,,,,TIMEOUT 30SEC by TEAM,1
03:28,TIMEOUT MEDIA by TEAM,,,,,,,TIMEOUT MEDIA by TEAM,1
03:28,,,,,"SUB OUT by GILLISPIE,JAY",,,"SUB OUT by GILLISPIE,JAY",1
03:28,,,,,"SUB IN by TOULIATOS,LUKE",,,"SUB IN by TOULIATOS,LUKE",1
03:28,"SUB OUT by TAYLOR,MARSHALL",,,,,,,"SUB OUT by TAYLOR,MARSHALL",1
03:28,"SUB IN by WILSON,DREW",,,,,,,"SUB IN by WILSON,DREW",1
03:12,,,,,"MISS JUMPER by STEPHENS,TROY",,,"MISS JUMPER by STEPHENS,TROY",1
--,"REBOUND DEF by RING,NOAH",,,,,,,"REBOUND DEF by RING,NOAH",1
02:45,"MISS 3PTR by SMITH,RJ",,,,,,,"MISS 3PTR by SMITH,RJ",1
--,,,,,REBOUND DEF by TEAM,,,REBOUND DEF by TEAM,1
02:32,,,,,"MISS JUMPER by GLOVER,CAMERON(in the paint)",,,"MISS JUMPER by GLOVER,CAMERON(in the paint)",1
--,"REBOUND DEF by BAUGHMAN,CARTER",,,,,,,"REBOUND DEF by BAUGHMAN,CARTER",1
02:21,"MISS JUMPER by SMITH,RJ(in the paint)",,,,,,,"MISS JUMPER by SMITH,RJ(in the paint)",1
--,,,,,"REBOUND DEF by STEWART,CHRISTIAN",,,"REBOUND DEF by STEWART,CHRISTIAN",1
02:13,"FOUL  by RING,NOAH",,,,,,,"FOUL  by RING,NOAH",1
02:13,,40 (+15),,25,"GOOD FT by STEPHENS,TROY(fastbreak)",BSC 40-25 (-15),,"GOOD FT by STEPHENS,TROY(fastbreak)",1
02:13,,,,,"SUB OUT by WILLIAMS,JU'QUAN",,,"SUB OUT by WILLIAMS,JU'QUAN",1
02:13,,,,,"SUB IN by SIGLER,EVAN",,,"SUB IN by SIGLER,EVAN",1
02:13,,,,,"MISS FT by STEPHENS,TROY(fastbreak)",,,"MISS FT by STEPHENS,TROY(fastbreak)",1
--,,,,,REBOUND OFF by TEAM,,,REBOUND OFF by TEAM,1
02:05,,40 (+12),,28,"GOOD 3PTR by GLOVER,CAMERON",BSC 40-28 (-12),,"GOOD 3PTR by GLOVER,CAMERON",1
01:53,"MISS 3PTR by RING,NOAH",,,,,,,"MISS 3PTR by RING,NOAH",1
--,,,,,"REBOUND DEF by TOULIATOS,LUKE",,,"REBOUND DEF by TOULIATOS,LUKE",1
01:47,,,,,"TURNOVER  by TOULIATOS,LUKE",,,"TURNOVER  by TOULIATOS,LUKE",1
01:47,"STEAL  by SMITH,RJ",,,,,,,"STEAL  by SMITH,RJ",1
01:22,"MISS 3PTR by BAUGHMAN,CARTER",,,,,,,"MISS 3PTR by BAUGHMAN,CARTER",1
--,REBOUND OFF by TEAM,,,,,,,REBOUND OFF by TEAM,1
01:03,"GOOD JUMPER by GERALD,DUSTIN(in the paint)",42 (+14),,28,,Centre 42-28 (-14),,"GOOD JUMPER by GERALD,DUSTIN(in the paint)",1
00:48,,,,,"MISS 3PTR by SIGLER,EVAN",,,"MISS 3PTR by SIGLER,EVAN",1
--,,,,,"REBOUND OFF by TOULIATOS,LUKE",,,"REBOUND OFF by TOULIATOS,LUKE",1
00:42,"FOUL  by SMITH,RJ",,,,,,,"FOUL  by SMITH,RJ",1
00:42,"SUB OUT by SMITH,RJ",,,,,,,"SUB OUT by SMITH,RJ",1
00:42,"SUB OUT by BAUGHMAN,CARTER",,,,,,,"SUB OUT by BAUGHMAN,CARTER",1
00:42,"SUB IN by MOORE,CHEZ",,,,,,,"SUB IN by MOORE,CHEZ",1
00:42,"SUB IN by TAYLOR,MARSHALL",,,,,,,"SUB IN by TAYLOR,MARSHALL",1
00:42,"SUB OUT by GERALD,DUSTIN",,,,,,,"SUB OUT by GERALD,DUSTIN",1
00:42,"SUB IN by WILLIAMS,JALEN",,,,,,,"SUB IN by WILLIAMS,JALEN",1
00:34,,,,,"MISS 3PTR by GLOVER,CAMERON",,,"MISS 3PTR by GLOVER,CAMERON",1
--,,,,,"REBOUND OFF by SIGLER,EVAN",,,"REBOUND OFF by SIGLER,EVAN",1
00:20,,,,,"TURNOVER  by GLOVER,CAMERON",,,"TURNOVER  by GLOVER,CAMERON",1
00:20,"STEAL  by TAYLOR,MARSHALL",,,,,,,"STEAL  by TAYLOR,MARSHALL",1
00:13,"GOOD LAYUP by MOORE,CHEZ(fastbreak)(in the paint)",44 (+16),,28,,Centre 44-28 (-16),,"GOOD LAYUP by MOORE,CHEZ(fastbreak)(in the paint)",1
--,"ASSIST  by TAYLOR,MARSHALL",,,,,,,"ASSIST  by TAYLOR,MARSHALL",1
00:06,,,,,"TURNOVER  by TOULIATOS,LUKE",,,"TURNOVER  by TOULIATOS,LUKE",1
00:06,"STEAL  by WILSON,DREW",,,,,,,"STEAL  by WILSON,DREW",1
00:02,"TURNOVER  by WILLIAMS,JALEN",,,,,,,"TURNOVER  by WILLIAMS,JALEN",1
00:02,,,,,"STEAL  by STEPHENS,TROY",,,"STEAL  by STEPHENS,TROY",1
00:01,,44 (+14),,30,"GOOD LAYUP by STEPHENS,TROY(fastbreak)(in the paint)",BSC 44-30 (-14),,"GOOD LAYUP by STEPHENS,TROY(fastbreak)(in the paint)",1
20:00,,,,,"SUB OUT by STEPHENS,TROY",,,"SUB OUT by STEPHENS,TROY",2
20:00,,,,,"SUB IN by GILLISPIE,JAY",,,"SUB IN by GILLISPIE,JAY",2
20:00,"SUB OUT by WILSON,DREW",,,,,,,"SUB OUT by WILSON,DREW",2
20:00,"SUB OUT by TAYLOR,MARSHALL",,,,,,,"SUB OUT by TAYLOR,MARSHALL",2
20:00,"SUB OUT by RING,NOAH",,,,,,,"SUB OUT by RING,NOAH",2
20:00,"SUB IN by GERALD,DUSTIN",,,,,,,"SUB IN by GERALD,DUSTIN",2
20:00,"SUB IN by SMITH,RJ",,,,,,,"SUB IN by SMITH,RJ",2
20:00,"SUB IN by BAUGHMAN,CARTER",,,,,,,"SUB IN by BAUGHMAN,CARTER",2
19:51,,,,,"TURNOVER  by STEWART,CHRISTIAN",,,"TURNOVER  by STEWART,CHRISTIAN",2
19:51,"STEAL  by BAUGHMAN,CARTER",,,,,,,"STEAL  by BAUGHMAN,CARTER",2
19:27,"MISS JUMPER by MOORE,CHEZ(in the paint)",,,,,,,"MISS JUMPER by MOORE,CHEZ(in the paint)",2
--,,,,,"REBOUND DEF by GLOVER,CAMERON",,,"REBOUND DEF by GLOVER,CAMERON",2
19:09,,,,,"TURNOVER  by TOULIATOS,LUKE",,,"TURNOVER  by TOULIATOS,LUKE",2
19:09,"STEAL  by GERALD,DUSTIN",,,,,,,"STEAL  by GERALD,DUSTIN",2
18:47,"GOOD LAYUP by GERALD,DUSTIN(in the paint)",46 (+16),,30,,Centre 46-30 (-16),,"GOOD LAYUP by GERALD,DUSTIN(in the paint)",2
18:37,,,,,"TURNOVER  by STEWART,CHRISTIAN",,,"TURNOVER  by STEWART,CHRISTIAN",2
18:11,"GOOD LAYUP by GERALD,DUSTIN(in the paint)",48 (+18),,30,,Centre 48-30 (-18),,"GOOD LAYUP by GERALD,DUSTIN(in the paint)",2
17:53,,,,,"MISS JUMPER by STEWART,CHRISTIAN(in the paint)",,,"MISS JUMPER by STEWART,CHRISTIAN(in the paint)",2
--,"REBOUND DEF by BAUGHMAN,CARTER",,,,,,,"REBOUND DEF by BAUGHMAN,CARTER",2
17:37,"TURNOVER  by GERALD,DUSTIN",,,,,,,"TURNOVER  by GERALD,DUSTIN",2
17:37,,,,,"STEAL  by TOULIATOS,LUKE",,,"STEAL  by TOULIATOS,LUKE",2
17:32,,,,,"SUB OUT by STEWART,CHRISTIAN",,,"SUB OUT by STEWART,CHRISTIAN",2
17:32,,,,,"SUB IN by CHILDERS,JOSH",,,"SUB IN by CHILDERS,JOSH",2
17:26,,48 (+15),,33,"GOOD 3PTR by GLOVER,CAMERON",BSC 48-33 (-15),,"GOOD 3PTR by GLOVER,CAMERON",2
17:11,,,,,"FOUL  by TOULIATOS,LUKE",,,"FOUL  by TOULIATOS,LUKE",2
17:11,"SUB OUT by WILLIAMS,JALEN",,,,,,,"SUB OUT by WILLIAMS,JALEN",2
17:11,"SUB IN by WILSON,DREW",,,,,,,"SUB IN by WILSON,DREW",2
17:00,"MISS JUMPER by SMITH,RJ(in the paint)",,,,,,,"MISS JUMPER by SMITH,RJ(in the paint)",2
17:00,,,,,"BLOCK  by CHILDERS,JOSH",,,"BLOCK  by CHILDERS,JOSH",2
--,"REBOUND OFF by SMITH,RJ",,,,,,,"REBOUND OFF by SMITH,RJ",2
16:54,"GOOD LAYUP by SMITH,RJ(in the paint)",50 (+17),,33,,Centre 50-33 (-17),,"GOOD LAYUP by SMITH,RJ(in the paint)",2
16:49,,50 (+15),,35,"GOOD LAYUP by CHILDERS,JOSH(in the paint)",BSC 50-35 (-15),,"GOOD LAYUP by CHILDERS,JOSH(in the paint)",2
--,,,,,"ASSIST  by GILLISPIE,JAY",,,"ASSIST  by GILLISPIE,JAY",2
16:49,"FOUL  by GERALD,DUSTIN",,,,,,,"FOUL  by GERALD,DUSTIN",2
16:49,,,,,"SUB OUT by GILLISPIE,JAY",,,"SUB OUT by GILLISPIE,JAY",2
16:49,,,,,"SUB IN by STEPHENS,TROY",,,"SUB IN by STEPHENS,TROY",2
16:49,,,,,"MISS FT by CHILDERS,JOSH",,,"MISS FT by CHILDERS,JOSH",2
--,"REBOUND DEF by GERALD,DUSTIN",,,,,,,"REBOUND DEF by GERALD,DUSTIN",2
16:49,"TURNOVER  by BAUGHMAN,CARTER",,,,,,,"TURNOVER  by BAUGHMAN,CARTER",2
16:49,,,,,"STEAL  by GLOVER,CAMERON",,,"STEAL  by GLOVER,CAMERON",2
16:31,,,,,"MISS JUMPER by STEPHENS,TROY",,,"MISS JUMPER by STEPHENS,TROY",2
--,"REBOUND DEF by MOORE,CHEZ",,,,,,,"REBOUND DEF by MOORE,CHEZ",2
16:24,"MISS JUMPER by WILSON,DREW(in the paint)",,,,,,,"MISS JUMPER by WILSON,DREW(in the paint)",2
--,,,,,"REBOUND DEF by TOULIATOS,LUKE",,,"REBOUND DEF by TOULIATOS,LUKE",2
16:17,,,,,"MISS 3PTR by SIGLER,EVAN",,,"MISS 3PTR by SIGLER,EVAN",2
--,,,,,"REBOUND OFF by SIGLER,EVAN",,,"REBOUND OFF by SIGLER,EVAN",2
16:06,,,,,"MISS JUMPER by CHILDERS,JOSH(in the paint)",,,"MISS JUMPER by CHILDERS,JOSH(in the paint)",2
--,"REBOUND DEF by GERALD,DUSTIN",,,,,,,"REBOUND DEF by GERALD,DUSTIN",2
15:49,"TURNOVER  by GERALD,DUSTIN",,,,,,,"TURNOVER  by GERALD,DUSTIN",2
15:49,,,,,"STEAL  by STEPHENS,TROY",,,"STEAL  by STEPHENS,TROY",2
15:44,,50 (+12),,38,"GOOD 3PTR by SIGLER,EVAN",BSC 50-38 (-12),,"GOOD 3PTR by SIGLER,EVAN",2
15:16,"GOOD LAYUP by SMITH,RJ(in the paint)",52 (+14),,38,,Centre 52-38 (-14),,"GOOD LAYUP by SMITH,RJ(in the paint)",2
15:05,,52 (+12),,40,"GOOD LAYUP by STEPHENS,TROY(in the paint)",BSC 52-40 (-12),,"GOOD LAYUP by STEPHENS,TROY(in the paint)",2
--,,,,,"ASSIST  by CHILDERS,JOSH",,,"ASSIST  by CHILDERS,JOSH",2
14:31,"GOOD 3PTR by SMITH,RJ",55 (+15),,40,,Centre 55-40 (-15),,"GOOD 3PTR by SMITH,RJ",2
--,"ASSIST  by MOORE,CHEZ",,,,,,,"ASSIST  by MOORE,CHEZ",2
14:13,,,,,"MISS JUMPER by GLOVER,CAMERON(in the paint)",,,"MISS JUMPER by GLOVER,CAMERON(in the paint)",2
--,"REBOUND DEF by MOORE,CHEZ",,,,,,,"REBOUND DEF by MOORE,CHEZ",2
14:05,"TURNOVER  by MOORE,CHEZ",,,,,,,"TURNOVER  by MOORE,CHEZ",2
13:54,TIMEOUT MEDIA by TEAM,,,,,,,TIMEOUT MEDIA by TEAM,2
13:54,,,,,"SUB OUT by GLOVER,CAMERON",,,"SUB OUT by GLOVER,CAMERON",2
13:54,,,,,"SUB OUT by TOULIATOS,LUKE",,,"SUB OUT by TOULIATOS,LUKE",2
13:54,,,,,"SUB OUT by CHILDERS,JOSH",,,"SUB OUT by CHILDERS,JOSH",2
13:54,,,,,"SUB IN by GARRIDO,BRANDAN",,,"SUB IN by GARRIDO,BRANDAN",2
13:54,,,,,"SUB IN by GILLISPIE,JAY",,,"SUB IN by GILLISPIE,JAY",2
13:54,,,,,"SUB IN by STEWART,CHRISTIAN",,,"SUB IN by STEWART,CHRISTIAN",2
13:54,"SUB OUT by BAUGHMAN,CARTER",,,,,,,"SUB OUT by BAUGHMAN,CARTER",2
13:54,"SUB OUT by MOORE,CHEZ",,,,,,,"SUB OUT by MOORE,CHEZ",2
13:54,"SUB IN by TAYLOR,MARSHALL",,,,,,,"SUB IN by TAYLOR,MARSHALL",2
13:54,"SUB IN by RING,NOAH",,,,,,,"SUB IN by RING,NOAH",2
13:43,,,,,"TURNOVER  by GARRIDO,BRANDAN",,,"TURNOVER  by GARRIDO,BRANDAN",2
13:43,"STEAL  by GERALD,DUSTIN",,,,,,,"STEAL  by GERALD,DUSTIN",2
13:17,"TURNOVER  by SMITH,RJ",,,,,,,"TURNOVER  by SMITH,RJ",2
13:17,,,,,"STEAL  by STEPHENS,TROY",,,"STEAL  by STEPHENS,TROY",2
13:00,,,,,"MISS JUMPER by STEWART,CHRISTIAN(in the paint)",,,"MISS JUMPER by STEWART,CHRISTIAN(in the paint)",2
--,"REBOUND DEF by TAYLOR,MARSHALL",,,,,,,"REBOUND DEF by TAYLOR,MARSHALL",2
12:45,"TURNOVER  by RING,NOAH",,,,,,,"TURNOVER  by RING,NOAH",2
12:45,,,,,"STEAL  by SIGLER,EVAN",,,"STEAL  by SIGLER,EVAN",2
12:36,,,,,"MISS 3PTR by GARRIDO,BRANDAN",,,"MISS 3PTR by GARRIDO,BRANDAN",2
--,,,,,"REBOUND OFF by STEWART,CHRISTIAN",,,"REBOUND OFF by STEWART,CHRISTIAN",2
12:31,,55 (+13),,42,"GOOD LAYUP by STEWART,CHRISTIAN(in the paint)",BSC 55-42 (-13),,"GOOD LAYUP by STEWART,CHRISTIAN(in the paint)",2
12:17,"GOOD 3PTR by TAYLOR,MARSHALL",58 (+16),,42,,Centre 58-42 (-16),,"GOOD 3PTR by TAYLOR,MARSHALL",2
--,"ASSIST  by SMITH,RJ",,,,,,,"ASSIST  by SMITH,RJ",2
12:10,,,,,"MISS 3PTR by SIGLER,EVAN",,,"MISS 3PTR by SIGLER,EVAN",2
--,,,,,"REBOUND OFF by GILLISPIE,JAY",,,"REBOUND OFF by GILLISPIE,JAY",2
12:07,,,,,"TURNOVER  by GILLISPIE,JAY",,,"TURNOVER  by GILLISPIE,JAY",2
12:06,,,,,"SUB OUT by STEPHENS,TROY",,,"SUB OUT by STEPHENS,TROY",2
12:06,,,,,"SUB OUT by SIGLER,EVAN",,,"SUB OUT by SIGLER,EVAN",2
12:06,,,,,"SUB IN by KANE,DENMAN",,,"SUB IN by KANE,DENMAN",2
12:06,,,,,"SUB IN by GLOVER,COLIN",,,"SUB IN by GLOVER,COLIN",2
12:06,"SUB OUT by WILSON,DREW",,,,,,,"SUB OUT by WILSON,DREW",2
12:06,"SUB OUT by TAYLOR,MARSHALL",,,,,,,"SUB OUT by TAYLOR,MARSHALL",2
12:06,"SUB OUT by RING,NOAH",,,,,,,"SUB OUT by RING,NOAH",2
12:06,"SUB IN by BAUGHMAN,CARTER",,,,,,,"SUB IN by BAUGHMAN,CARTER",2
12:06,"SUB IN by MOORE,CHEZ",,,,,,,"SUB IN by MOORE,CHEZ",2
12:06,"SUB IN by BANKS,JAXSON",,,,,,,"SUB IN by BANKS,JAXSON",2
11:53,"SUB OUT by BANKS,JAXSON",,,,,,,"SUB OUT by BANKS,JAXSON",2
11:53,"SUB IN by TAYLOR,MARSHALL",,,,,,,"SUB IN by TAYLOR,MARSHALL",2
11:53,"MISS JUMPER by TAYLOR,MARSHALL(in the paint)",,,,,,,"MISS JUMPER by TAYLOR,MARSHALL(in the paint)",2
--,,,,,"REBOUND DEF by GILLISPIE,JAY",,,"REBOUND DEF by GILLISPIE,JAY",2
11:53,"FOUL  by SMITH,RJ",,,,,,,"FOUL  by SMITH,RJ",2
11:53,,,,,"SUB OUT by GILLISPIE,JAY",,,"SUB OUT by GILLISPIE,JAY",2
11:53,,,,,"SUB IN by TOULIATOS,LUKE",,,"SUB IN by TOULIATOS,LUKE",2
11:53,"SUB OUT by SMITH,RJ",,,,,,,"SUB OUT by SMITH,RJ",2
11:53,"SUB IN by RING,NOAH",,,,,,,"SUB IN by RING,NOAH",2
11:53,,58 (+15),,43,"GOOD FT by GARRIDO,BRANDAN(fastbreak)",BSC 58-43 (-15),,"GOOD FT by GARRIDO,BRANDAN(fastbreak)",2
11:53,,58 (+14),,44,"GOOD FT by GARRIDO,BRANDAN(fastbreak)",BSC 58-44 (-14),,"GOOD FT by GARRIDO,BRANDAN(fastbreak)",2
11:53,,,,,"SUB OUT by GARRIDO,BRANDAN",,,"SUB OUT by GARRIDO,BRANDAN",2
11:53,,,,,"SUB IN by GLOVER,CAMERON",,,"SUB IN by GLOVER,CAMERON",2
11:25,,,,,"FOUL  by GLOVER,COLIN",,,"FOUL  by GLOVER,COLIN",2
11:25,"MISS FT by MOORE,CHEZ",,,,,,,"MISS FT by MOORE,CHEZ",2
--,REBOUND DEADB by TEAM,,,,,,,REBOUND DEADB by TEAM,2
11:25,"MISS FT by MOORE,CHEZ",,,,,,,"MISS FT by MOORE,CHEZ",2
--,,,,,"REBOUND DEF by STEWART,CHRISTIAN",,,"REBOUND DEF by STEWART,CHRISTIAN",2
11:11,,58 (+11),,47,"GOOD 3PTR by GLOVER,COLIN",BSC 58-47 (-11),,"GOOD 3PTR by GLOVER,COLIN",2
--,,,,,"ASSIST  by TOULIATOS,LUKE",,,"ASSIST  by TOULIATOS,LUKE",2
10:54,"SUB OUT by MOORE,CHEZ",,,,,,,"SUB OUT by MOORE,CHEZ",2
10:54,"SUB IN by SMITH,RJ",,,,,,,"SUB IN by SMITH,RJ",2
10:38,"MISS JUMPER by GERALD,DUSTIN(in the paint)",,,,,,,"MISS JUMPER by GERALD,DUSTIN(in the paint)",2
--,,,,,"REBOUND DEF by STEWART,CHRISTIAN",,,"REBOUND DEF by STEWART,CHRISTIAN",2
10:23,,,,,"MISS JUMPER by STEWART,CHRISTIAN",,,"MISS JUMPER by STEWART,CHRISTIAN",2
--,"REBOUND DEF by GERALD,DUSTIN",,,,,,,"REBOUND DEF by GERALD,DUSTIN",2
09:57,"MISS JUMPER by SMITH,RJ",,,,,,,"MISS JUMPER by SMITH,RJ",2
--,,,,,"REBOUND DEF by GLOVER,CAMERON",,,"REBOUND DEF by GLOVER,CAMERON",2
09:46,,,,,"MISS 3PTR by KANE,DENMAN",,,"MISS 3PTR by KANE,DENMAN",2
--,"REBOUND DEF by RING,NOAH",,,,,,,"REBOUND DEF by RING,NOAH",2
09:35,,,,,"FOUL  by GLOVER,CAMERON",,,"FOUL  by GLOVER,CAMERON",2
09:35,,,,,"SUB OUT by STEWART,CHRISTIAN",,,"SUB OUT by STEWART,CHRISTIAN",2
09:35,,,,,"SUB OUT by TOULIATOS,LUKE",,,"SUB OUT by TOULIATOS,LUKE",2
09:35,,,,,"SUB IN by GILLISPIE,JAY",,,"SUB IN by GILLISPIE,JAY",2
09:35,,,,,"SUB IN by CHILDERS,JOSH",,,"SUB IN by CHILDERS,JOSH",2
09:35,"SUB OUT by TAYLOR,MARSHALL",,,,,,,"SUB OUT by TAYLOR,MARSHALL",2
09:35,"SUB IN by WILLIAMS,JALEN",,,,,,,"SUB IN by WILLIAMS,JALEN",2
09:22,"MISS JUMPER by SMITH,RJ(in the paint)",,,,,,,"MISS JUMPER by SMITH,RJ(in the paint)",2
--,,,,,"REBOUND DEF by CHILDERS,JOSH",,,"REBOUND DEF by CHILDERS,JOSH",2
09:22,"FOUL  by SMITH,RJ",,,,,,,"FOUL  by SMITH,RJ",2
09:22,,,,,"SUB OUT by KANE,DENMAN",,,"SUB OUT by KANE,DENMAN",2
09:22,,,,,"SUB IN by SIGLER,EVAN",,,"SUB IN by SIGLER,EVAN",2
09:22,"SUB OUT by SMITH,RJ",,,,,,,"SUB OUT by SMITH,RJ",2
09:22,"SUB IN by MOORE,CHEZ",,,,,,,"SUB IN by MOORE,CHEZ",2
09:09,,,,,"MISS JUMPER by SIGLER,EVAN(in the paint)",,,"MISS JUMPER by SIGLER,EVAN(in the paint)",2
--,"REBOUND DEF by RING,NOAH",,,,,,,"REBOUND DEF by RING,NOAH",2
08:59,"MISS JUMPER by MOORE,CHEZ(in the paint)",,,,,,,"MISS JUMPER by MOORE,CHEZ(in the paint)",2
08:59,,,,,"BLOCK  by CHILDERS,JOSH",,,"BLOCK  by CHILDERS,JOSH",2
--,,,,,"REBOUND DEF by GILLISPIE,JAY",,,"REBOUND DEF by GILLISPIE,JAY",2
08:51,,58 (+8),,50,"GOOD 3PTR by SIGLER,EVAN(fastbreak)",BSC 58-50 (-8),,"GOOD 3PTR by SIGLER,EVAN(fastbreak)",2
--,,,,,"ASSIST  by GLOVER,CAMERON",,,"ASSIST  by GLOVER,CAMERON",2
08:35,TIMEOUT 30SEC by TEAM,,,,,,,TIMEOUT 30SEC by TEAM,2
08:35,TIMEOUT MEDIA by TEAM,,,,,,,TIMEOUT MEDIA by TEAM,2
08:35,"SUB OUT by MOORE,CHEZ",,,,,,,"SUB OUT by MOORE,CHEZ",2
08:35,"SUB IN by SMITH,RJ",,,,,,,"SUB IN by SMITH,RJ",2
08:18,"GOOD 3PTR by SMITH,RJ",61 (+11),,50,,Centre 61-50 (-11),,"GOOD 3PTR by SMITH,RJ",2
--,"ASSIST  by GERALD,DUSTIN",,,,,,,"ASSIST  by GERALD,DUSTIN",2
08:04,,,,,"MISS 3PTR by GLOVER,COLIN",,,"MISS 3PTR by GLOVER,COLIN",2
--,"REBOUND DEF by GERALD,DUSTIN",,,,,,,"REBOUND DEF by GERALD,DUSTIN",2
07:40,"GOOD 3PTR by BAUGHMAN,CARTER",64 (+14),,50,,Centre 64-50 (-14),,"GOOD 3PTR by BAUGHMAN,CARTER",2
07:27,,,,,"MISS 3PTR by GLOVER,CAMERON",,,"MISS 3PTR by GLOVER,CAMERON",2
--,"REBOUND DEF by BAUGHMAN,CARTER",,,,,,,"REBOUND DEF by BAUGHMAN,CARTER",2
07:14,"MISS 3PTR by WILLIAMS,JALEN",,,,,,,"MISS 3PTR by WILLIAMS,JALEN",2
--,,,,,"REBOUND DEF by GLOVER,CAMERON",,,"REBOUND DEF by GLOVER,CAMERON",2
07:04,,64 (+11),,53,"GOOD 3PTR by GILLISPIE,JAY",BSC 64-53 (-11),,"GOOD 3PTR by GILLISPIE,JAY",2
--,,,,,"ASSIST  by GLOVER,CAMERON",,,"ASSIST  by GLOVER,CAMERON",2
06:39,"MISS 3PTR by RING,NOAH",,,,,,,"MISS 3PTR by RING,NOAH",2
--,,,,,"REBOUND DEF by SIGLER,EVAN",,,"REBOUND DEF by SIGLER,EVAN",2
06:27,,64 (+8),,56,"GOOD 3PTR by GLOVER,COLIN",BSC 64-56 (-8),,"GOOD 3PTR by GLOVER,COLIN",2
--,,,,,"ASSIST  by SIGLER,EVAN",,,"ASSIST  by SIGLER,EVAN",2
05:57,"MISS JUMPER by GERALD,DUSTIN(in the paint)",,,,,,,"MISS JUMPER by GERALD,DUSTIN(in the paint)",2
--,,,,,"REBOUND DEF by SIGLER,EVAN",,,"REBOUND DEF by SIGLER,EVAN",2
05:51,,64 (+5),,59,"GOOD 3PTR by GLOVER,COLIN(fastbreak)",BSC 64-59 (-5),,"GOOD 3PTR by GLOVER,COLIN(fastbreak)",2
--,,,,,"ASSIST  by SIGLER,EVAN",,,"ASSIST  by SIGLER,EVAN",2
05:29,TIMEOUT TEAM by TEAM,,,,,,,TIMEOUT TEAM by TEAM,2
05:29,TIMEOUT MEDIA by TEAM,,,,,,,TIMEOUT MEDIA by TEAM,2
05:29,"SUB OUT by WILLIAMS,JALEN",,,,,,,"SUB OUT by WILLIAMS,JALEN",2
05:29,"SUB IN by WILSON,DREW",,,,,,,"SUB IN by WILSON,DREW",2
05:17,,,,,"FOUL  by CHILDERS,JOSH",,,"FOUL  by CHILDERS,JOSH",2
05:17,"GOOD FT by SMITH,RJ",65 (+6),,59,,Centre 65-59 (-6),,"GOOD FT by SMITH,RJ",2
05:17,"GOOD FT by SMITH,RJ",66 (+7),,59,,Centre 66-59 (-7),,"GOOD FT by SMITH,RJ",2
05:10,,66 (+5),,61,"GOOD LAYUP by CHILDERS,JOSH(in the paint)",BSC 66-61 (-5),,"GOOD LAYUP by CHILDERS,JOSH(in the paint)",2
--,,,,,"ASSIST  by SIGLER,EVAN",,,"ASSIST  by SIGLER,EVAN",2
04:38,"MISS 3PTR by SMITH,RJ",,,,,,,"MISS 3PTR by SMITH,RJ",2
--,,,,,"REBOUND DEF by GLOVER,CAMERON",,,"REBOUND DEF by GLOVER,CAMERON",2
04:28,,,,,"MISS JUMPER by CHILDERS,JOSH(in the paint)",,,"MISS JUMPER by CHILDERS,JOSH(in the paint)",2
04:28,"BLOCK  by SMITH,RJ",,,,,,,"BLOCK  by SMITH,RJ",2
--,"REBOUND DEF by RING,NOAH",,,,,,,"REBOUND DEF by RING,NOAH",2
04:11,"TURNOVER  by BAUGHMAN,CARTER",,,,,,,"TURNOVER  by BAUGHMAN,CARTER",2
04:11,,,,,"STEAL  by CHILDERS,JOSH",,,"STEAL  by CHILDERS,JOSH",2
04:05,,66 (+3),,63,"GOOD LAYUP by CHILDERS,JOSH(fastbreak)(in the paint)",BSC 66-63 (-3),,"GOOD LAYUP by CHILDERS,JOSH(fastbreak)(in the paint)",2
03:54,"TURNOVER  by WILSON,DREW",,,,,,,"TURNOVER  by WILSON,DREW",2
03:54,,,,,"STEAL  by SIGLER,EVAN",,,"STEAL  by SIGLER,EVAN",2
03:45,"FOUL  by RING,NOAH",,,,,,,"FOUL  by RING,NOAH",2
03:45,TIMEOUT MEDIA by TEAM,,,,,,,TIMEOUT MEDIA by TEAM,2
03:45,,,,,"SUB OUT by GLOVER,COLIN",,,"SUB OUT by GLOVER,COLIN",2
03:45,,,,,"SUB OUT by CHILDERS,JOSH",,,"SUB OUT by CHILDERS,JOSH",2
03:45,,,,,"SUB IN by STEPHENS,TROY",,,"SUB IN by STEPHENS,TROY",2
03:45,,,,,"SUB IN by STEWART,CHRISTIAN",,,"SUB IN by STEWART,CHRISTIAN",2
03:45,"SUB OUT by RING,NOAH",,,,,,,"SUB OUT by RING,NOAH",2
03:45,"SUB IN by MOORE,CHEZ",,,,,,,"SUB IN by MOORE,CHEZ",2
03:45,,,,,"MISS FT by GILLISPIE,JAY",,,"MISS FT by GILLISPIE,JAY",2
--,,,,,REBOUND DEADB by TEAM,,,REBOUND DEADB by TEAM,2
03:45,,66 (+2),,64,"GOOD FT by GILLISPIE,JAY",BSC 66-64 (-2),,"GOOD FT by GILLISPIE,JAY",2
03:22,"TURNOVER  by WILSON,DREW",,,,,,,"TURNOVER  by WILSON,DREW",2
03:22,,,,,"STEAL  by STEWART,CHRISTIAN",,,"STEAL  by STEWART,CHRISTIAN",2
03:01,,,,,"MISS JUMPER by STEPHENS,TROY",,,"MISS JUMPER by STEPHENS,TROY",2
--,,,,,"REBOUND OFF by STEWART,CHRISTIAN",,,"REBOUND OFF by STEWART,CHRISTIAN",2
02:52,,66,,66,"GOOD JUMPER by STEWART,CHRISTIAN(in the paint)",BSC 66-66 (0),,"GOOD JUMPER by STEWART,CHRISTIAN(in the paint)",2
--,,,,,"ASSIST  by SIGLER,EVAN",,,"ASSIST  by SIGLER,EVAN",2
02:36,"MISS 3PTR by SMITH,RJ",,,,,,,"MISS 3PTR by SMITH,RJ",2
--,,,,,REBOUND DEF by TEAM,,,REBOUND DEF by TEAM,2
02:19,,,,,"MISS 3PTR by GLOVER,CAMERON",,,"MISS 3PTR by GLOVER,CAMERON",2
--,"REBOUND DEF by MOORE,CHEZ",,,,,,,"REBOUND DEF by MOORE,CHEZ",2
01:56,"GOOD JUMPER by GERALD,DUSTIN(in the paint)",68 (+2),,66,,Centre 68-66 (-2),,"GOOD JUMPER by GERALD,DUSTIN(in the paint)",2
01:33,,,,,"MISS JUMPER by SIGLER,EVAN",,,"MISS JUMPER by SIGLER,EVAN",2
--,,,,,"REBOUND OFF by STEWART,CHRISTIAN",,,"REBOUND OFF by STEWART,CHRISTIAN",2
01:27,,68,,68,"GOOD LAYUP by STEWART,CHRISTIAN(in the paint)",BSC 68-68 (0),,"GOOD LAYUP by STEWART,CHRISTIAN(in the paint)",2
01:02,"MISS 3PTR by BAUGHMAN,CARTER",,,,,,,"MISS 3PTR by BAUGHMAN,CARTER",2
--,,,,,"REBOUND DEF by SIGLER,EVAN",,,"REBOUND DEF by SIGLER,EVAN",2
00:39,,68,,71 (+3),"GOOD 3PTR by STEPHENS,TROY",BSC 68-71 (+3),,"GOOD 3PTR by STEPHENS,TROY",2
--,,,,,"ASSIST  by STEWART,CHRISTIAN",,,"ASSIST  by STEWART,CHRISTIAN",2
00:24,"MISS 3PTR by WILSON,DREW",,,,,,,"MISS 3PTR by WILSON,DREW",2
--,,,,,"REBOUND DEF by SIGLER,EVAN",,,"REBOUND DEF by SIGLER,EVAN",2
00:18,"FOUL  by BAUGHMAN,CARTER",,,,,,,"FOUL  by BAUGHMAN,CARTER",2
00:18,"SUB OUT by WILSON,DREW",,,,,,,"SUB OUT by WILSON,DREW",2
00:18,"SUB OUT by MOORE,CHEZ",,,,,,,"SUB OUT by MOORE,CHEZ",2
00:18,"SUB IN by WILLIAMS,JALEN",,,,,,,"SUB IN by WILLIAMS,JALEN",2
00:18,"SUB IN by RING,NOAH",,,,,,,"SUB IN by RING,NOAH",2
00:16,"FOUL  by GERALD,DUSTIN",,,,,,,"FOUL  by GERALD,DUSTIN",2
00:16,"SUB OUT by GERALD,DUSTIN",,,,,,,"SUB OUT by GERALD,DUSTIN",2
00:16,"SUB IN by MOORE,CHEZ",,,,,,,"SUB IN by MOORE,CHEZ",2
00:15,"FOUL  by WILLIAMS,JALEN",,,,,,,"FOUL  by WILLIAMS,JALEN",2
00:15,"SUB OUT by MOORE,CHEZ",,,,,,,"SUB OUT by MOORE,CHEZ",2
00:15,"SUB IN by GERALD,DUSTIN",,,,,,,"SUB IN by GERALD,DUSTIN",2
00:15,,,,,"MISS FT by GLOVER,CAMERON",,,"MISS FT by GLOVER,CAMERON",2
--,REBOUND DEF by TEAM,,,,,,,REBOUND DEF by TEAM,2
00:15,"SUB OUT by RING,NOAH",,,,,,,"SUB OUT by RING,NOAH",2
00:15,"SUB IN by TAYLOR,MARSHALL",,,,,,,"SUB IN by TAYLOR,MARSHALL",2
00:15,"FOUL  by WILLIAMS,JALEN",,,,,,,"FOUL  by WILLIAMS,JALEN",2
00:11,,,,,"FOUL  by GLOVER,CAMERON",,,"FOUL  by GLOVER,CAMERON",2
00:11,"SUB OUT by TAYLOR,MARSHALL",,,,,,,"SUB OUT by TAYLOR,MARSHALL",2
00:11,"SUB IN by RING,NOAH",,,,,,,"SUB IN by RING,NOAH",2
00:08,TIMEOUT TEAM by TEAM,,,,,,,TIMEOUT TEAM by TEAM,2
00:08,,,,,"FOUL  by GLOVER,CAMERON",,,"FOUL  by GLOVER,CAMERON",2
00:03,"MISS 3PTR by SMITH,RJ",,,,,,,"MISS 3PTR by SMITH,RJ",2
--,"REBOUND OFF by RING,NOAH",,,,,,,"REBOUND OFF by RING,NOAH",2
00:00,"MISS JUMPER by BAUGHMAN,CARTER(in the paint)",,,,,,,"MISS JUMPER by BAUGHMAN,CARTER(in the paint)",2
--,,,,,"REBOUND DEF by STEWART,CHRISTIAN",,,"REBOUND DEF by STEWART,CHRISTIAN",2
