Time Remaining,BSC-M,Away Team Score,Play Team Indicator,Home Team Score,HC,Game Score,Team Indicator,Play,Period
19:50,,,,,"MISS 3PTR by GOODMAN,CHRIS",,,"MISS 3PTR by GOODMAN,CHRIS",1
--,,,,,"REBOUND OFF by MCCUBBIN,NATHAN",,,"REBOUND OFF by MCCUBBIN,NATHAN",1
19:39,,,,,"MISS JUMPER by PRIMM,COLTON",,,"MISS JUMPER by PRIMM,COLTON",1
--,"REBOUND DEF by WHITE,BLAISE",,,,,,,"REBOUND DEF by WHITE,BLAISE",1
19:17,"GOOD JUMPER by RICHARDS,ZAC(in the paint)",2 (+2),,0,,BSC-M 2-0 (+2),,"GOOD JUMPER by RICHARDS,ZAC(in the paint)",1
18:47,,2,,2,"GOOD JUMPER by PRIMM,COLTON(in the paint)",HC 2-2 (0),,"GOOD JUMPER by PRIMM,COLTON(in the paint)",1
18:25,"TURNOVER  by RICHARDS,ZAC",,,,,,,"TURNOVER  by RICHARDS,ZAC",1
18:23,,,,,"STEAL  by MCCUBBIN,NATHAN",,,"STEAL  by MCCUBBIN,NATHAN",1
18:20,,,,,"TURNOVER  by MCCUBBIN,NATHAN",,,"TURNOVER  by MCCUBBIN,NATHAN",1
18:18,"STEAL  by RICHARDS,ZAC",,,,,,,"STEAL  by RICHARDS,ZAC",1
17:57,"GOOD JUMPER by KEGARISE,KEVIN(in the paint)",4 (+2),,2,,BSC-M 4-2 (+2),,"GOOD JUMPER by KEGARISE,KEVIN(in the paint)",1
17:42,,,,,"TURNOVER  by MARTIN,AMMON",,,"TURNOVER  by MARTIN,AMMON",1
17:42,,,,,"FOUL  by MARTIN,AMMON",,,"FOUL  by MARTIN,AMMON",1
17:27,"MISS 3PTR by JONUS,JASEN",,,,,,,"MISS 3PTR by JONUS,JASEN",1
--,,,,,"REBOUND DEF by HEATHSCOTT,NICK",,,"REBOUND DEF by HEATHSCOTT,NICK",1
17:07,,,,,"MISS JUMPER by PRIMM,COLTON",,,"MISS JUMPER by PRIMM,COLTON",1
--,"REBOUND DEF by JONUS,JASEN",,,,,,,"REBOUND DEF by JONUS,JASEN",1
17:04,"FOUL  by HENRY,COLIN",,,,,,,"FOUL  by HENRY,COLIN",1
16:50,,,,,"FOUL  by PRIMM,COLTON",,,"FOUL  by PRIMM,COLTON",1
16:50,,,,,"FOUL  by HEATHSCOTT,NICK",,,"FOUL  by HEATHSCOTT,NICK",1
16:48,"MISS 3PTR by KEGARISE,KEVIN",,,,,,,"MISS 3PTR by KEGARISE,KEVIN",1
--,"REBOUND OFF by HENRY,COLIN",,,,,,,"REBOUND OFF by HENRY,COLIN",1
16:42,,,,,"FOUL  by HEATHSCOTT,NICK",,,"FOUL  by HEATHSCOTT,NICK",1
16:42,"GOOD FT by HENRY,COLIN",5 (+3),,2,,BSC-M 5-2 (+3),,"GOOD FT by HENRY,COLIN",1
16:42,"GOOD FT by HENRY,COLIN",6 (+4),,2,,BSC-M 6-2 (+4),,"GOOD FT by HENRY,COLIN",1
16:42,,,,,"SUB IN by GRAHAM,JOSH",,,"SUB IN by GRAHAM,JOSH",1
16:42,,,,,"SUB IN by RILEY,JAREN",,,"SUB IN by RILEY,JAREN",1
16:42,,,,,"SUB IN by SHERIDAN,DAYTON",,,"SUB IN by SHERIDAN,DAYTON",1
16:42,,,,,"SUB OUT by MCCUBBIN,NATHAN",,,"SUB OUT by MCCUBBIN,NATHAN",1
16:42,,,,,"SUB OUT by PRIMM,COLTON",,,"SUB OUT by PRIMM,COLTON",1
16:42,,,,,"SUB OUT by HEATHSCOTT,NICK",,,"SUB OUT by HEATHSCOTT,NICK",1
16:24,,,,,"MISS JUMPER by SHERIDAN,DAYTON",,,"MISS JUMPER by SHERIDAN,DAYTON",1
--,"REBOUND DEF by JONUS,JASEN",,,,,,,"REBOUND DEF by JONUS,JASEN",1
16:15,"GOOD JUMPER by WHITE,BLAISE(in the paint)",8 (+6),,2,,BSC-M 8-2 (+6),,"GOOD JUMPER by WHITE,BLAISE(in the paint)",1
16:06,,,,,"TURNOVER  by MARTIN,AMMON",,,"TURNOVER  by MARTIN,AMMON",1
15:43,"MISS JUMPER by RICHARDS,ZAC",,,,,,,"MISS JUMPER by RICHARDS,ZAC",1
15:43,,,,,"BLOCK  by SHERIDAN,DAYTON",,,"BLOCK  by SHERIDAN,DAYTON",1
--,,,,,"REBOUND DEF by MARTIN,AMMON",,,"REBOUND DEF by MARTIN,AMMON",1
15:36,,8 (+3),,5,"GOOD 3PTR by RILEY,JAREN(fastbreak)",HC 8-5 (+3),,"GOOD 3PTR by RILEY,JAREN(fastbreak)",1
--,,,,,"ASSIST  by MARTIN,AMMON",,,"ASSIST  by MARTIN,AMMON",1
15:28,"MISS 3PTR by JONUS,JASEN",,,,,,,"MISS 3PTR by JONUS,JASEN",1
--,,,,,"REBOUND DEF by RILEY,JAREN",,,"REBOUND DEF by RILEY,JAREN",1
15:14,,,,,"MISS JUMPER by MARTIN,AMMON",,,"MISS JUMPER by MARTIN,AMMON",1
--,"REBOUND DEF by JONUS,JASEN",,,,,,,"REBOUND DEF by JONUS,JASEN",1
15:07,"MISS 3PTR by KEGARISE,KEVIN",,,,,,,"MISS 3PTR by KEGARISE,KEVIN",1
--,,,,,"REBOUND DEF by MARTIN,AMMON",,,"REBOUND DEF by MARTIN,AMMON",1
14:59,,,,,"MISS LAYUP by GRAHAM,JOSH",,,"MISS LAYUP by GRAHAM,JOSH",1
14:59,"BLOCK  by RICHARDS,ZAC",,,,,,,"BLOCK  by RICHARDS,ZAC",1
--,,,,,"REBOUND OFF by SHERIDAN,DAYTON",,,"REBOUND OFF by SHERIDAN,DAYTON",1
14:57,"FOUL  by WHITE,BLAISE",,,,,,,"FOUL  by WHITE,BLAISE",1
14:57,,8 (+2),,6,"GOOD FT by SHERIDAN,DAYTON",HC 8-6 (+2),,"GOOD FT by SHERIDAN,DAYTON",1
14:57,,,,,"MISS FT by SHERIDAN,DAYTON",,,"MISS FT by SHERIDAN,DAYTON",1
--,"REBOUND DEF by MURPHY,NICK",,,,,,,"REBOUND DEF by MURPHY,NICK",1
14:57,"SUB IN by HOLLAND,JASON",,,,,,,"SUB IN by HOLLAND,JASON",1
14:57,"SUB IN by MURPHY,NICK",,,,,,,"SUB IN by MURPHY,NICK",1
14:57,"SUB IN by SCHAMP,GRIFFIN",,,,,,,"SUB IN by SCHAMP,GRIFFIN",1
14:57,"SUB IN by LEE,CALEB",,,,,,,"SUB IN by LEE,CALEB",1
14:57,"SUB IN by THOMAS,LARRY",,,,,,,"SUB IN by THOMAS,LARRY",1
14:57,"SUB OUT by JONUS,JASEN",,,,,,,"SUB OUT by JONUS,JASEN",1
14:57,"SUB OUT by WHITE,BLAISE",,,,,,,"SUB OUT by WHITE,BLAISE",1
14:57,"SUB OUT by KEGARISE,KEVIN",,,,,,,"SUB OUT by KEGARISE,KEVIN",1
14:57,"SUB OUT by RICHARDS,ZAC",,,,,,,"SUB OUT by RICHARDS,ZAC",1
14:57,"SUB OUT by HENRY,COLIN",,,,,,,"SUB OUT by HENRY,COLIN",1
14:43,"MISS LAYUP by LEE,CALEB",,,,,,,"MISS LAYUP by LEE,CALEB",1
--,,,,,"REBOUND DEF by SHERIDAN,DAYTON",,,"REBOUND DEF by SHERIDAN,DAYTON",1
14:33,,,,,"MISS 3PTR by MARTIN,AMMON",,,"MISS 3PTR by MARTIN,AMMON",1
--,"REBOUND DEF by THOMAS,LARRY",,,,,,,"REBOUND DEF by THOMAS,LARRY",1
14:26,"TURNOVER  by HOLLAND,JASON",,,,,,,"TURNOVER  by HOLLAND,JASON",1
14:26,"FOUL  by HOLLAND,JASON",,,,,,,"FOUL  by HOLLAND,JASON",1
14:25,,,,,"SUB IN by VANCE,LUKE",,,"SUB IN by VANCE,LUKE",1
14:25,,,,,"SUB OUT by MARTIN,AMMON",,,"SUB OUT by MARTIN,AMMON",1
14:07,,,,,"TURNOVER  by GRAHAM,JOSH",,,"TURNOVER  by GRAHAM,JOSH",1
13:45,"GOOD JUMPER by SCHAMP,GRIFFIN(in the paint)",10 (+4),,6,,BSC-M 10-6 (+4),,"GOOD JUMPER by SCHAMP,GRIFFIN(in the paint)",1
13:35,,,,,"TURNOVER  by SHERIDAN,DAYTON",,,"TURNOVER  by SHERIDAN,DAYTON",1
13:35,,,,,"SUB IN by PRIMM,COLTON",,,"SUB IN by PRIMM,COLTON",1
13:35,,,,,"SUB OUT by SHERIDAN,DAYTON",,,"SUB OUT by SHERIDAN,DAYTON",1
13:19,"GOOD JUMPER by SCHAMP,GRIFFIN(in the paint)",12 (+6),,6,,BSC-M 12-6 (+6),,"GOOD JUMPER by SCHAMP,GRIFFIN(in the paint)",1
12:58,,,,,"MISS JUMPER by RILEY,JAREN",,,"MISS JUMPER by RILEY,JAREN",1
--,,,,,"REBOUND OFF by PRIMM,COLTON",,,"REBOUND OFF by PRIMM,COLTON",1
12:53,,,,,"MISS LAYUP by PRIMM,COLTON",,,"MISS LAYUP by PRIMM,COLTON",1
--,,,,,"REBOUND OFF by GRAHAM,JOSH",,,"REBOUND OFF by GRAHAM,JOSH",1
12:49,,12 (+4),,8,"GOOD LAYUP by GRAHAM,JOSH(in the paint)",HC 12-8 (+4),,"GOOD LAYUP by GRAHAM,JOSH(in the paint)",1
12:38,"GOOD LAYUP by LEE,CALEB(in the paint)",14 (+6),,8,,BSC-M 14-8 (+6),,"GOOD LAYUP by LEE,CALEB(in the paint)",1
12:28,,,,,"SUB IN by MAINER,ZACH",,,"SUB IN by MAINER,ZACH",1
12:28,,,,,"SUB OUT by GRAHAM,JOSH",,,"SUB OUT by GRAHAM,JOSH",1
12:14,,,,,"MISS JUMPER by VANCE,LUKE",,,"MISS JUMPER by VANCE,LUKE",1
--,"REBOUND DEF by LEE,CALEB",,,,,,,"REBOUND DEF by LEE,CALEB",1
12:06,"GOOD 3PTR by THOMAS,LARRY(fastbreak)",17 (+9),,8,,BSC-M 17-8 (+9),,"GOOD 3PTR by THOMAS,LARRY(fastbreak)",1
--,"ASSIST  by HOLLAND,JASON",,,,,,,"ASSIST  by HOLLAND,JASON",1
11:52,,,,,"MISS LAYUP by MAINER,ZACH",,,"MISS LAYUP by MAINER,ZACH",1
11:52,"BLOCK  by SCHAMP,GRIFFIN",,,,,,,"BLOCK  by SCHAMP,GRIFFIN",1
--,"REBOUND DEF by MURPHY,NICK",,,,,,,"REBOUND DEF by MURPHY,NICK",1
11:39,"MISS JUMPER by LEE,CALEB",,,,,,,"MISS JUMPER by LEE,CALEB",1
11:39,,,,,"BLOCK  by PRIMM,COLTON",,,"BLOCK  by PRIMM,COLTON",1
--,,,,,"REBOUND DEF by MAINER,ZACH",,,"REBOUND DEF by MAINER,ZACH",1
11:27,,17 (+6),,11,"GOOD 3PTR by GOODMAN,CHRIS",HC 17-11 (+6),,"GOOD 3PTR by GOODMAN,CHRIS",1
--,,,,,"ASSIST  by RILEY,JAREN",,,"ASSIST  by RILEY,JAREN",1
11:11,"MISS JUMPER by MURPHY,NICK",,,,,,,"MISS JUMPER by MURPHY,NICK",1
--,,,,,"REBOUND DEF by PRIMM,COLTON",,,"REBOUND DEF by PRIMM,COLTON",1
11:02,,17 (+3),,14,"GOOD 3PTR by RILEY,JAREN",HC 17-14 (+3),,"GOOD 3PTR by RILEY,JAREN",1
10:32,"MISS JUMPER by HOLLAND,JASON",,,,,,,"MISS JUMPER by HOLLAND,JASON",1
10:32,,,,,"BLOCK  by VANCE,LUKE",,,"BLOCK  by VANCE,LUKE",1
--,,,,,"REBOUND DEF by PRIMM,COLTON",,,"REBOUND DEF by PRIMM,COLTON",1
10:22,,,,,"MISS 3PTR by RILEY,JAREN",,,"MISS 3PTR by RILEY,JAREN",1
--,"REBOUND DEF by SCHAMP,GRIFFIN",,,,,,,"REBOUND DEF by SCHAMP,GRIFFIN",1
10:17,TIMEOUT 30SEC by TEAM,,,,,,,TIMEOUT 30SEC by TEAM,1
10:17,"SUB IN by KEGARISE,KEVIN",,,,,,,"SUB IN by KEGARISE,KEVIN",1
10:17,"SUB IN by RICHARDS,ZAC",,,,,,,"SUB IN by RICHARDS,ZAC",1
10:17,"SUB IN by JONUS,JASEN",,,,,,,"SUB IN by JONUS,JASEN",1
10:17,"SUB IN by HENRY,COLIN",,,,,,,"SUB IN by HENRY,COLIN",1
10:17,"SUB IN by WHITE,BLAISE",,,,,,,"SUB IN by WHITE,BLAISE",1
10:17,"SUB OUT by HOLLAND,JASON",,,,,,,"SUB OUT by HOLLAND,JASON",1
10:17,"SUB OUT by MURPHY,NICK",,,,,,,"SUB OUT by MURPHY,NICK",1
10:17,"SUB OUT by SCHAMP,GRIFFIN",,,,,,,"SUB OUT by SCHAMP,GRIFFIN",1
10:17,"SUB OUT by LEE,CALEB",,,,,,,"SUB OUT by LEE,CALEB",1
10:17,"SUB OUT by THOMAS,LARRY",,,,,,,"SUB OUT by THOMAS,LARRY",1
10:17,,,,,"SUB IN by MARTIN,AMMON",,,"SUB IN by MARTIN,AMMON",1
10:17,,,,,"SUB IN by MCCUBBIN,NATHAN",,,"SUB IN by MCCUBBIN,NATHAN",1
10:17,,,,,"SUB OUT by GOODMAN,CHRIS",,,"SUB OUT by GOODMAN,CHRIS",1
10:17,,,,,"SUB OUT by VANCE,LUKE",,,"SUB OUT by VANCE,LUKE",1
10:10,"GOOD LAYUP by WHITE,BLAISE(in the paint)",19 (+5),,14,,BSC-M 19-14 (+5),,"GOOD LAYUP by WHITE,BLAISE(in the paint)",1
10:05,"FOUL  by JONUS,JASEN",,,,,,,"FOUL  by JONUS,JASEN",1
09:56,"FOUL  by HENRY,COLIN",,,,,,,"FOUL  by HENRY,COLIN",1
09:23,,19 (+3),,16,"GOOD JUMPER by MARTIN,AMMON",HC 19-16 (+3),,"GOOD JUMPER by MARTIN,AMMON",1
08:54,,,,,"FOUL  by PRIMM,COLTON",,,"FOUL  by PRIMM,COLTON",1
08:54,"GOOD FT by RICHARDS,ZAC",20 (+4),,16,,BSC-M 20-16 (+4),,"GOOD FT by RICHARDS,ZAC",1
08:54,"MISS FT by RICHARDS,ZAC",,,,,,,"MISS FT by RICHARDS,ZAC",1
--,,,,,"REBOUND DEF by SHERIDAN,DAYTON",,,"REBOUND DEF by SHERIDAN,DAYTON",1
08:54,,,,,"SUB IN by SHERIDAN,DAYTON",,,"SUB IN by SHERIDAN,DAYTON",1
08:54,,,,,"SUB OUT by PRIMM,COLTON",,,"SUB OUT by PRIMM,COLTON",1
08:46,"FOUL  by RICHARDS,ZAC",,,,,,,"FOUL  by RICHARDS,ZAC",1
08:46,,,,,"SUB IN by GRAHAM,JOSH",,,"SUB IN by GRAHAM,JOSH",1
08:46,,,,,"SUB OUT by MAINER,ZACH",,,"SUB OUT by MAINER,ZACH",1
08:30,,20 (+1),,19,"GOOD 3PTR by MARTIN,AMMON",HC 20-19 (+1),,"GOOD 3PTR by MARTIN,AMMON",1
--,,,,,"ASSIST  by GRAHAM,JOSH",,,"ASSIST  by GRAHAM,JOSH",1
08:17,"TURNOVER  by JONUS,JASEN",,,,,,,"TURNOVER  by JONUS,JASEN",1
08:07,"FOUL  by JONUS,JASEN",,,,,,,"FOUL  by JONUS,JASEN",1
07:36,,,,,"MISS 3PTR by MCCUBBIN,NATHAN",,,"MISS 3PTR by MCCUBBIN,NATHAN",1
--,"REBOUND DEF by KEGARISE,KEVIN",,,,,,,"REBOUND DEF by KEGARISE,KEVIN",1
07:29,"GOOD LAYUP by RICHARDS,ZAC(fastbreak)(in the paint)",22 (+3),,19,,BSC-M 22-19 (+3),,"GOOD LAYUP by RICHARDS,ZAC(fastbreak)(in the paint)",1
--,"ASSIST  by WHITE,BLAISE",,,,,,,"ASSIST  by WHITE,BLAISE",1
06:56,,,,,"MISS JUMPER by RILEY,JAREN",,,"MISS JUMPER by RILEY,JAREN",1
--,"REBOUND DEF by KEGARISE,KEVIN",,,,,,,"REBOUND DEF by KEGARISE,KEVIN",1
06:41,"MISS 3PTR by WHITE,BLAISE",,,,,,,"MISS 3PTR by WHITE,BLAISE",1
--,,,,,"REBOUND DEF by SHERIDAN,DAYTON",,,"REBOUND DEF by SHERIDAN,DAYTON",1
06:33,,,,,"MISS LAYUP by MARTIN,AMMON",,,"MISS LAYUP by MARTIN,AMMON",1
--,,,,,"REBOUND OFF by GRAHAM,JOSH",,,"REBOUND OFF by GRAHAM,JOSH",1
06:25,"FOUL  by HENRY,COLIN",,,,,,,"FOUL  by HENRY,COLIN",1
06:25,,,,,"MISS FT by MARTIN,AMMON",,,"MISS FT by MARTIN,AMMON",1
--,"REBOUND DEF by SCHAMP,GRIFFIN",,,,,,,"REBOUND DEF by SCHAMP,GRIFFIN",1
06:25,"SUB IN by MURPHY,NICK",,,,,,,"SUB IN by MURPHY,NICK",1
06:25,"SUB IN by THOMAS,LARRY",,,,,,,"SUB IN by THOMAS,LARRY",1
06:25,"SUB IN by LEE,CALEB",,,,,,,"SUB IN by LEE,CALEB",1
06:25,"SUB IN by SCHAMP,GRIFFIN",,,,,,,"SUB IN by SCHAMP,GRIFFIN",1
06:25,"SUB IN by HOLLAND,JASON",,,,,,,"SUB IN by HOLLAND,JASON",1
06:25,"SUB OUT by KEGARISE,KEVIN",,,,,,,"SUB OUT by KEGARISE,KEVIN",1
06:25,"SUB OUT by RICHARDS,ZAC",,,,,,,"SUB OUT by RICHARDS,ZAC",1
06:25,"SUB OUT by JONUS,JASEN",,,,,,,"SUB OUT by JONUS,JASEN",1
06:25,"SUB OUT by HENRY,COLIN",,,,,,,"SUB OUT by HENRY,COLIN",1
06:25,"SUB OUT by WHITE,BLAISE",,,,,,,"SUB OUT by WHITE,BLAISE",1
06:25,,,,,"SUB IN by GOODMAN,CHRIS",,,"SUB IN by GOODMAN,CHRIS",1
06:25,,,,,"SUB OUT by MCCUBBIN,NATHAN",,,"SUB OUT by MCCUBBIN,NATHAN",1
05:57,,,,,"FOUL  by RILEY,JAREN",,,"FOUL  by RILEY,JAREN",1
05:55,"MISS JUMPER by SCHAMP,GRIFFIN",,,,,,,"MISS JUMPER by SCHAMP,GRIFFIN",1
--,,,,,"REBOUND DEF by MARTIN,AMMON",,,"REBOUND DEF by MARTIN,AMMON",1
05:47,,,,,"TURNOVER  by GOODMAN,CHRIS",,,"TURNOVER  by GOODMAN,CHRIS",1
05:46,"STEAL  by THOMAS,LARRY",,,,,,,"STEAL  by THOMAS,LARRY",1
05:38,"TURNOVER  by THOMAS,LARRY",,,,,,,"TURNOVER  by THOMAS,LARRY",1
05:23,,,,,"MISS JUMPER by GRAHAM,JOSH",,,"MISS JUMPER by GRAHAM,JOSH",1
--,"REBOUND DEF by SCHAMP,GRIFFIN",,,,,,,"REBOUND DEF by SCHAMP,GRIFFIN",1
05:06,"MISS JUMPER by LEE,CALEB",,,,,,,"MISS JUMPER by LEE,CALEB",1
05:06,,,,,"BLOCK  by SHERIDAN,DAYTON",,,"BLOCK  by SHERIDAN,DAYTON",1
--,,,,,"REBOUND DEF by RILEY,JAREN",,,"REBOUND DEF by RILEY,JAREN",1
04:58,,,,,TIMEOUT 30SEC by TEAM,,,TIMEOUT 30SEC by TEAM,1
04:58,,,,,"SUB IN by VANCE,LUKE",,,"SUB IN by VANCE,LUKE",1
04:58,,,,,"SUB IN by MAINER,ZACH",,,"SUB IN by MAINER,ZACH",1
04:58,,,,,"SUB OUT by GRAHAM,JOSH",,,"SUB OUT by GRAHAM,JOSH",1
04:58,,,,,"SUB OUT by SHERIDAN,DAYTON",,,"SUB OUT by SHERIDAN,DAYTON",1
04:51,,,,,"MISS 3PTR by MAINER,ZACH",,,"MISS 3PTR by MAINER,ZACH",1
--,"REBOUND DEF by THOMAS,LARRY",,,,,,,"REBOUND DEF by THOMAS,LARRY",1
04:22,"MISS JUMPER by SCHAMP,GRIFFIN",,,,,,,"MISS JUMPER by SCHAMP,GRIFFIN",1
--,,,,,"REBOUND DEF by MARTIN,AMMON",,,"REBOUND DEF by MARTIN,AMMON",1
04:14,,22,,22,"GOOD 3PTR by GOODMAN,CHRIS(fastbreak)",HC 22-22 (0),,"GOOD 3PTR by GOODMAN,CHRIS(fastbreak)",1
--,,,,,"ASSIST  by MARTIN,AMMON",,,"ASSIST  by MARTIN,AMMON",1
04:01,"GOOD 3PTR by THOMAS,LARRY",25 (+3),,22,,BSC-M 25-22 (+3),,"GOOD 3PTR by THOMAS,LARRY",1
03:52,"SUB IN by RICHARDS,ZAC",,,,,,,"SUB IN by RICHARDS,ZAC",1
03:52,"SUB IN by KEGARISE,KEVIN",,,,,,,"SUB IN by KEGARISE,KEVIN",1
03:52,"SUB IN by WHITE,BLAISE",,,,,,,"SUB IN by WHITE,BLAISE",1
03:52,"SUB IN by FREEMAN,SCHYLAR",,,,,,,"SUB IN by FREEMAN,SCHYLAR",1
03:52,"SUB IN by JONUS,JASEN",,,,,,,"SUB IN by JONUS,JASEN",1
03:52,"SUB OUT by MURPHY,NICK",,,,,,,"SUB OUT by MURPHY,NICK",1
03:52,"SUB OUT by THOMAS,LARRY",,,,,,,"SUB OUT by THOMAS,LARRY",1
03:52,"SUB OUT by LEE,CALEB",,,,,,,"SUB OUT by LEE,CALEB",1
03:52,"SUB OUT by SCHAMP,GRIFFIN",,,,,,,"SUB OUT by SCHAMP,GRIFFIN",1
03:52,"SUB OUT by HOLLAND,JASON",,,,,,,"SUB OUT by HOLLAND,JASON",1
03:48,,,,,"TURNOVER  by MARTIN,AMMON",,,"TURNOVER  by MARTIN,AMMON",1
03:47,"STEAL  by JONUS,JASEN",,,,,,,"STEAL  by JONUS,JASEN",1
03:44,"MISS 3PTR by JONUS,JASEN",,,,,,,"MISS 3PTR by JONUS,JASEN",1
--,"REBOUND OFF by WHITE,BLAISE",,,,,,,"REBOUND OFF by WHITE,BLAISE",1
03:22,"MISS JUMPER by JONUS,JASEN",,,,,,,"MISS JUMPER by JONUS,JASEN",1
--,"REBOUND OFF by RICHARDS,ZAC",,,,,,,"REBOUND OFF by RICHARDS,ZAC",1
03:20,,,,,"FOUL  by VANCE,LUKE",,,"FOUL  by VANCE,LUKE",1
03:20,"GOOD FT by RICHARDS,ZAC",26 (+4),,22,,BSC-M 26-22 (+4),,"GOOD FT by RICHARDS,ZAC",1
03:20,"GOOD FT by RICHARDS,ZAC",27 (+5),,22,,BSC-M 27-22 (+5),,"GOOD FT by RICHARDS,ZAC",1
03:15,,,,,TIMEOUT 30SEC by TEAM,,,TIMEOUT 30SEC by TEAM,1
03:05,,,,,"MISS 3PTR by GOODMAN,CHRIS",,,"MISS 3PTR by GOODMAN,CHRIS",1
--,,,,,"REBOUND OFF by RILEY,JAREN",,,"REBOUND OFF by RILEY,JAREN",1
02:55,,27 (+3),,24,"GOOD LAYUP by MAINER,ZACH(in the paint)",HC 27-24 (+3),,"GOOD LAYUP by MAINER,ZACH(in the paint)",1
--,,,,,"ASSIST  by RILEY,JAREN",,,"ASSIST  by RILEY,JAREN",1
02:48,"TURNOVER  by RICHARDS,ZAC",,,,,,,"TURNOVER  by RICHARDS,ZAC",1
02:45,,,,,"STEAL  by RILEY,JAREN",,,"STEAL  by RILEY,JAREN",1
02:42,"FOUL  by WHITE,BLAISE",,,,,,,"FOUL  by WHITE,BLAISE",1
02:42,,27 (+2),,25,"GOOD FT by RILEY,JAREN",HC 27-25 (+2),,"GOOD FT by RILEY,JAREN",1
02:42,,27 (+1),,26,"GOOD FT by RILEY,JAREN",HC 27-26 (+1),,"GOOD FT by RILEY,JAREN",1
02:42,"SUB IN by HOLLAND,JASON",,,,,,,"SUB IN by HOLLAND,JASON",1
02:42,"SUB IN by SCHAMP,GRIFFIN",,,,,,,"SUB IN by SCHAMP,GRIFFIN",1
02:42,"SUB OUT by WHITE,BLAISE",,,,,,,"SUB OUT by WHITE,BLAISE",1
02:42,"SUB OUT by FREEMAN,SCHYLAR",,,,,,,"SUB OUT by FREEMAN,SCHYLAR",1
02:31,,,,,"FOUL  by RILEY,JAREN",,,"FOUL  by RILEY,JAREN",1
02:31,"GOOD FT by HOLLAND,JASON",28 (+2),,26,,BSC-M 28-26 (+2),,"GOOD FT by HOLLAND,JASON",1
02:31,"GOOD FT by HOLLAND,JASON",29 (+3),,26,,BSC-M 29-26 (+3),,"GOOD FT by HOLLAND,JASON",1
02:31,"SUB IN by FREEMAN,SCHYLAR",,,,,,,"SUB IN by FREEMAN,SCHYLAR",1
02:31,"SUB OUT by SCHAMP,GRIFFIN",,,,,,,"SUB OUT by SCHAMP,GRIFFIN",1
02:31,,,,,"SUB IN by MCCUBBIN,NATHAN",,,"SUB IN by MCCUBBIN,NATHAN",1
02:31,,,,,"SUB OUT by RILEY,JAREN",,,"SUB OUT by RILEY,JAREN",1
02:23,,,,,"TURNOVER  by VANCE,LUKE",,,"TURNOVER  by VANCE,LUKE",1
02:15,"GOOD LAYUP by JONUS,JASEN(in the paint)",31 (+5),,26,,BSC-M 31-26 (+5),,"GOOD LAYUP by JONUS,JASEN(in the paint)",1
01:44,,,,,"MISS JUMPER by GOODMAN,CHRIS",,,"MISS JUMPER by GOODMAN,CHRIS",1
01:44,"BLOCK  by RICHARDS,ZAC",,,,,,,"BLOCK  by RICHARDS,ZAC",1
--,"REBOUND DEF by KEGARISE,KEVIN",,,,,,,"REBOUND DEF by KEGARISE,KEVIN",1
01:18,TIMEOUT 30SEC by TEAM,,,,,,,TIMEOUT 30SEC by TEAM,1
01:18,"SUB IN by SCHAMP,GRIFFIN",,,,,,,"SUB IN by SCHAMP,GRIFFIN",1
01:18,"SUB OUT by FREEMAN,SCHYLAR",,,,,,,"SUB OUT by FREEMAN,SCHYLAR",1
01:07,"MISS JUMPER by HOLLAND,JASON",,,,,,,"MISS JUMPER by HOLLAND,JASON",1
--,"REBOUND OFF by HOLLAND,JASON",,,,,,,"REBOUND OFF by HOLLAND,JASON",1
01:03,"GOOD LAYUP by HOLLAND,JASON(in the paint)",33 (+7),,26,,BSC-M 33-26 (+7),,"GOOD LAYUP by HOLLAND,JASON(in the paint)",1
00:47,,,,,"MISS 3PTR by MAINER,ZACH",,,"MISS 3PTR by MAINER,ZACH",1
--,"REBOUND DEF by JONUS,JASEN",,,,,,,"REBOUND DEF by JONUS,JASEN",1
00:19,,,,,"FOUL  by MAINER,ZACH",,,"FOUL  by MAINER,ZACH",1
00:19,"GOOD FT by RICHARDS,ZAC",34 (+8),,26,,BSC-M 34-26 (+8),,"GOOD FT by RICHARDS,ZAC",1
00:19,"MISS FT by RICHARDS,ZAC",,,,,,,"MISS FT by RICHARDS,ZAC",1
--,,,,,"REBOUND DEF by VANCE,LUKE",,,"REBOUND DEF by VANCE,LUKE",1
00:19,"SUB IN by OLAFSSON,ODDUR",,,,,,,"SUB IN by OLAFSSON,ODDUR",1
00:19,"SUB IN by THOMAS,LARRY",,,,,,,"SUB IN by THOMAS,LARRY",1
00:19,"SUB IN by FREEMAN,SCHYLAR",,,,,,,"SUB IN by FREEMAN,SCHYLAR",1
00:19,"SUB OUT by KEGARISE,KEVIN",,,,,,,"SUB OUT by KEGARISE,KEVIN",1
00:19,"SUB OUT by SCHAMP,GRIFFIN",,,,,,,"SUB OUT by SCHAMP,GRIFFIN",1
00:19,"SUB OUT by JONUS,JASEN",,,,,,,"SUB OUT by JONUS,JASEN",1
00:01,"FOUL  by HOLLAND,JASON",,,,,,,"FOUL  by HOLLAND,JASON",1
00:01,,,,,"MISS FT by MARTIN,AMMON",,,"MISS FT by MARTIN,AMMON",1
--,,,,,REBOUND DEADB by TEAM,,,REBOUND DEADB by TEAM,1
00:01,,34 (+7),,27,"GOOD FT by MARTIN,AMMON",HC 34-27 (+7),,"GOOD FT by MARTIN,AMMON",1
19:53,"MISS 3PTR by KEGARISE,KEVIN",,,,,,,"MISS 3PTR by KEGARISE,KEVIN",2
--,"REBOUND OFF by HENRY,COLIN",,,,,,,"REBOUND OFF by HENRY,COLIN",2
19:49,"GOOD 3PTR by JONUS,JASEN",37 (+10),,27,,BSC-M 37-27 (+10),,"GOOD 3PTR by JONUS,JASEN",2
--,"ASSIST  by HENRY,COLIN",,,,,,,"ASSIST  by HENRY,COLIN",2
19:38,"FOUL  by JONUS,JASEN",,,,,,,"FOUL  by JONUS,JASEN",2
19:31,"FOUL  by KEGARISE,KEVIN",,,,,,,"FOUL  by KEGARISE,KEVIN",2
19:24,,,,,"MISS JUMPER by HEATHSCOTT,NICK",,,"MISS JUMPER by HEATHSCOTT,NICK",2
--,"REBOUND DEF by RICHARDS,ZAC",,,,,,,"REBOUND DEF by RICHARDS,ZAC",2
19:17,"TURNOVER  by RICHARDS,ZAC",,,,,,,"TURNOVER  by RICHARDS,ZAC",2
19:15,,,,,"TURNOVER  by MCCUBBIN,NATHAN",,,"TURNOVER  by MCCUBBIN,NATHAN",2
19:14,"STEAL  by WHITE,BLAISE",,,,,,,"STEAL  by WHITE,BLAISE",2
19:13,"GOOD LAYUP by WHITE,BLAISE(fastbreak)(in the paint)",39 (+12),,27,,BSC-M 39-27 (+12),,"GOOD LAYUP by WHITE,BLAISE(fastbreak)(in the paint)",2
19:02,,,,,"SUB IN by RILEY,JAREN",,,"SUB IN by RILEY,JAREN",2
19:02,,,,,"SUB OUT by MCCUBBIN,NATHAN",,,"SUB OUT by MCCUBBIN,NATHAN",2
18:59,,,,,"TURNOVER  by MARTIN,AMMON",,,"TURNOVER  by MARTIN,AMMON",2
18:58,"STEAL  by WHITE,BLAISE",,,,,,,"STEAL  by WHITE,BLAISE",2
18:57,,,,,"FOUL  by PRIMM,COLTON",,,"FOUL  by PRIMM,COLTON",2
18:57,,,,,TIMEOUT TEAM by TEAM,,,TIMEOUT TEAM by TEAM,2
18:57,"GOOD FT by HENRY,COLIN",40 (+13),,27,,BSC-M 40-27 (+13),,"GOOD FT by HENRY,COLIN",2
18:57,"MISS FT by HENRY,COLIN",,,,,,,"MISS FT by HENRY,COLIN",2
--,,,,,"REBOUND DEF by MARTIN,AMMON",,,"REBOUND DEF by MARTIN,AMMON",2
18:42,,40 (+11),,29,"GOOD JUMPER by HEATHSCOTT,NICK(in the paint)",HC 40-29 (+11),,"GOOD JUMPER by HEATHSCOTT,NICK(in the paint)",2
--,,,,,"ASSIST  by MARTIN,AMMON",,,"ASSIST  by MARTIN,AMMON",2
18:15,"MISS 3PTR by JONUS,JASEN",,,,,,,"MISS 3PTR by JONUS,JASEN",2
--,,,,,"REBOUND DEF by MARTIN,AMMON",,,"REBOUND DEF by MARTIN,AMMON",2
18:06,,,,,"MISS LAYUP by PRIMM,COLTON",,,"MISS LAYUP by PRIMM,COLTON",2
--,"REBOUND DEF by RICHARDS,ZAC",,,,,,,"REBOUND DEF by RICHARDS,ZAC",2
17:50,"FOUL  by HENRY,COLIN",,,,,,,"FOUL  by HENRY,COLIN",2
17:50,"SUB IN by SCHAMP,GRIFFIN",,,,,,,"SUB IN by SCHAMP,GRIFFIN",2
17:50,"SUB OUT by HENRY,COLIN",,,,,,,"SUB OUT by HENRY,COLIN",2
17:39,,40 (+8),,32,"GOOD 3PTR by RILEY,JAREN",HC 40-32 (+8),,"GOOD 3PTR by RILEY,JAREN",2
--,,,,,"ASSIST  by MARTIN,AMMON",,,"ASSIST  by MARTIN,AMMON",2
17:26,"TURNOVER  by WHITE,BLAISE",,,,,,,"TURNOVER  by WHITE,BLAISE",2
17:24,,,,,"TURNOVER  by MARTIN,AMMON",,,"TURNOVER  by MARTIN,AMMON",2
17:24,"STEAL  by WHITE,BLAISE",,,,,,,"STEAL  by WHITE,BLAISE",2
17:18,"GOOD JUMPER by KEGARISE,KEVIN",42 (+10),,32,,BSC-M 42-32 (+10),,"GOOD JUMPER by KEGARISE,KEVIN",2
--,"ASSIST  by WHITE,BLAISE",,,,,,,"ASSIST  by WHITE,BLAISE",2
17:08,,42 (+7),,35,"GOOD 3PTR by GOODMAN,CHRIS",HC 42-35 (+7),,"GOOD 3PTR by GOODMAN,CHRIS",2
--,,,,,"ASSIST  by MARTIN,AMMON",,,"ASSIST  by MARTIN,AMMON",2
16:51,,,,,"FOUL  by GOODMAN,CHRIS",,,"FOUL  by GOODMAN,CHRIS",2
16:46,"MISS JUMPER by RICHARDS,ZAC",,,,,,,"MISS JUMPER by RICHARDS,ZAC",2
--,,,,,"REBOUND DEF by PRIMM,COLTON",,,"REBOUND DEF by PRIMM,COLTON",2
16:37,,,,,"MISS 3PTR by RILEY,JAREN",,,"MISS 3PTR by RILEY,JAREN",2
--,"REBOUND DEF by RICHARDS,ZAC",,,,,,,"REBOUND DEF by RICHARDS,ZAC",2
16:28,"MISS LAYUP by JONUS,JASEN",,,,,,,"MISS LAYUP by JONUS,JASEN",2
--,,,,,"REBOUND DEF by MARTIN,AMMON",,,"REBOUND DEF by MARTIN,AMMON",2
16:19,,42 (+5),,37,"GOOD LAYUP by PRIMM,COLTON(fastbreak)(in the paint)",HC 42-37 (+5),,"GOOD LAYUP by PRIMM,COLTON(fastbreak)(in the paint)",2
16:02,"MISS JUMPER by WHITE,BLAISE",,,,,,,"MISS JUMPER by WHITE,BLAISE",2
--,,,,,"REBOUND DEF by HEATHSCOTT,NICK",,,"REBOUND DEF by HEATHSCOTT,NICK",2
15:59,"SUB IN by MURPHY,NICK",,,,,,,"SUB IN by MURPHY,NICK",2
15:59,"SUB IN by THOMAS,LARRY",,,,,,,"SUB IN by THOMAS,LARRY",2
15:59,"SUB IN by LEE,CALEB",,,,,,,"SUB IN by LEE,CALEB",2
15:59,"SUB IN by HOLLAND,JASON",,,,,,,"SUB IN by HOLLAND,JASON",2
15:59,"SUB OUT by JONUS,JASEN",,,,,,,"SUB OUT by JONUS,JASEN",2
15:59,"SUB OUT by WHITE,BLAISE",,,,,,,"SUB OUT by WHITE,BLAISE",2
15:59,"SUB OUT by KEGARISE,KEVIN",,,,,,,"SUB OUT by KEGARISE,KEVIN",2
15:59,"SUB OUT by RICHARDS,ZAC",,,,,,,"SUB OUT by RICHARDS,ZAC",2
15:44,"FOUL  by THOMAS,LARRY",,,,,,,"FOUL  by THOMAS,LARRY",2
15:44,,,,,"MISS FT by MARTIN,AMMON",,,"MISS FT by MARTIN,AMMON",2
--,,,,,REBOUND DEADB by TEAM,,,REBOUND DEADB by TEAM,2
15:44,,42 (+4),,38,"GOOD FT by MARTIN,AMMON",HC 42-38 (+4),,"GOOD FT by MARTIN,AMMON",2
15:33,"GOOD LAYUP by SCHAMP,GRIFFIN(in the paint)",44 (+6),,38,,BSC-M 44-38 (+6),,"GOOD LAYUP by SCHAMP,GRIFFIN(in the paint)",2
15:18,,,,,"MISS 3PTR by GOODMAN,CHRIS",,,"MISS 3PTR by GOODMAN,CHRIS",2
--,"REBOUND DEF by LEE,CALEB",,,,,,,"REBOUND DEF by LEE,CALEB",2
15:03,"MISS JUMPER by LEE,CALEB",,,,,,,"MISS JUMPER by LEE,CALEB",2
--,,,,,"REBOUND DEF by PRIMM,COLTON",,,"REBOUND DEF by PRIMM,COLTON",2
14:51,,,,,"MISS 3PTR by GOODMAN,CHRIS",,,"MISS 3PTR by GOODMAN,CHRIS",2
--,,,,,"REBOUND OFF by PRIMM,COLTON",,,"REBOUND OFF by PRIMM,COLTON",2
14:47,,,,,"MISS JUMPER by PRIMM,COLTON",,,"MISS JUMPER by PRIMM,COLTON",2
--,,,,,"REBOUND OFF by RILEY,JAREN",,,"REBOUND OFF by RILEY,JAREN",2
14:43,,44 (+4),,40,"GOOD TIPIN by RILEY,JAREN(in the paint)",HC 44-40 (+4),,"GOOD TIPIN by RILEY,JAREN(in the paint)",2
14:38,"SUB IN by FREEMAN,SCHYLAR",,,,,,,"SUB IN by FREEMAN,SCHYLAR",2
14:38,"SUB OUT by LEE,CALEB",,,,,,,"SUB OUT by LEE,CALEB",2
14:38,,,,,"SUB IN by SHERIDAN,DAYTON",,,"SUB IN by SHERIDAN,DAYTON",2
14:38,,,,,"SUB OUT by PRIMM,COLTON",,,"SUB OUT by PRIMM,COLTON",2
14:32,"MISS 3PTR by THOMAS,LARRY",,,,,,,"MISS 3PTR by THOMAS,LARRY",2
--,,,,,"REBOUND DEF by HEATHSCOTT,NICK",,,"REBOUND DEF by HEATHSCOTT,NICK",2
14:17,,44 (+2),,42,"GOOD LAYUP by SHERIDAN,DAYTON(in the paint)",HC 44-42 (+2),,"GOOD LAYUP by SHERIDAN,DAYTON(in the paint)",2
--,,,,,"ASSIST  by MARTIN,AMMON",,,"ASSIST  by MARTIN,AMMON",2
13:54,"GOOD JUMPER by FREEMAN,SCHYLAR(in the paint)",46 (+4),,42,,BSC-M 46-42 (+4),,"GOOD JUMPER by FREEMAN,SCHYLAR(in the paint)",2
13:36,,,,,"SUB IN by MCCUBBIN,NATHAN",,,"SUB IN by MCCUBBIN,NATHAN",2
13:36,,,,,"SUB IN by VANCE,LUKE",,,"SUB IN by VANCE,LUKE",2
13:36,,,,,"SUB OUT by GOODMAN,CHRIS",,,"SUB OUT by GOODMAN,CHRIS",2
13:36,,,,,"SUB OUT by MARTIN,AMMON",,,"SUB OUT by MARTIN,AMMON",2
13:22,,,,,"MISS JUMPER by HEATHSCOTT,NICK",,,"MISS JUMPER by HEATHSCOTT,NICK",2
--,,,,,"REBOUND OFF by SHERIDAN,DAYTON",,,"REBOUND OFF by SHERIDAN,DAYTON",2
13:17,,,,,"MISS JUMPER by SHERIDAN,DAYTON",,,"MISS JUMPER by SHERIDAN,DAYTON",2
--,,,,,"REBOUND OFF by HEATHSCOTT,NICK",,,"REBOUND OFF by HEATHSCOTT,NICK",2
13:15,,,,,"TURNOVER  by MCCUBBIN,NATHAN",,,"TURNOVER  by MCCUBBIN,NATHAN",2
13:14,"STEAL  by THOMAS,LARRY",,,,,,,"STEAL  by THOMAS,LARRY",2
13:01,"TURNOVER  by FREEMAN,SCHYLAR",,,,,,,"TURNOVER  by FREEMAN,SCHYLAR",2
13:00,,,,,"STEAL  by MCCUBBIN,NATHAN",,,"STEAL  by MCCUBBIN,NATHAN",2
12:57,,,,,"TURNOVER  by MCCUBBIN,NATHAN",,,"TURNOVER  by MCCUBBIN,NATHAN",2
12:56,"STEAL  by THOMAS,LARRY",,,,,,,"STEAL  by THOMAS,LARRY",2
12:52,"MISS LAYUP by SCHAMP,GRIFFIN",,,,,,,"MISS LAYUP by SCHAMP,GRIFFIN",2
--,"REBOUND OFF by FREEMAN,SCHYLAR",,,,,,,"REBOUND OFF by FREEMAN,SCHYLAR",2
12:49,"GOOD LAYUP by FREEMAN,SCHYLAR(fastbreak)(in the paint)",48 (+6),,42,,BSC-M 48-42 (+6),,"GOOD LAYUP by FREEMAN,SCHYLAR(fastbreak)(in the paint)",2
12:16,,,,,"MISS JUMPER by SHERIDAN,DAYTON",,,"MISS JUMPER by SHERIDAN,DAYTON",2
--,,,,,"REBOUND OFF by HEATHSCOTT,NICK",,,"REBOUND OFF by HEATHSCOTT,NICK",2
12:11,,48 (+4),,44,"GOOD LAYUP by HEATHSCOTT,NICK(in the paint)",HC 48-44 (+4),,"GOOD LAYUP by HEATHSCOTT,NICK(in the paint)",2
11:48,,,,,"FOUL  by MCCUBBIN,NATHAN",,,"FOUL  by MCCUBBIN,NATHAN",2
11:48,"GOOD FT by HOLLAND,JASON",49 (+5),,44,,BSC-M 49-44 (+5),,"GOOD FT by HOLLAND,JASON",2
11:48,"GOOD FT by HOLLAND,JASON",50 (+6),,44,,BSC-M 50-44 (+6),,"GOOD FT by HOLLAND,JASON",2
11:48,"SUB IN by RICHARDS,ZAC",,,,,,,"SUB IN by RICHARDS,ZAC",2
11:48,"SUB IN by WHITE,BLAISE",,,,,,,"SUB IN by WHITE,BLAISE",2
11:48,"SUB IN by JONUS,JASEN",,,,,,,"SUB IN by JONUS,JASEN",2
11:48,"SUB IN by KEGARISE,KEVIN",,,,,,,"SUB IN by KEGARISE,KEVIN",2
11:48,"SUB IN by HENRY,COLIN",,,,,,,"SUB IN by HENRY,COLIN",2
11:48,"SUB OUT by FREEMAN,SCHYLAR",,,,,,,"SUB OUT by FREEMAN,SCHYLAR",2
11:48,"SUB OUT by MURPHY,NICK",,,,,,,"SUB OUT by MURPHY,NICK",2
11:48,"SUB OUT by THOMAS,LARRY",,,,,,,"SUB OUT by THOMAS,LARRY",2
11:48,"SUB OUT by SCHAMP,GRIFFIN",,,,,,,"SUB OUT by SCHAMP,GRIFFIN",2
11:48,"SUB OUT by HOLLAND,JASON",,,,,,,"SUB OUT by HOLLAND,JASON",2
11:48,,,,,"SUB IN by MARTIN,AMMON",,,"SUB IN by MARTIN,AMMON",2
11:48,,,,,"SUB IN by GRAHAM,JOSH",,,"SUB IN by GRAHAM,JOSH",2
11:48,,,,,"SUB IN by GOODMAN,CHRIS",,,"SUB IN by GOODMAN,CHRIS",2
11:48,,,,,"SUB OUT by MCCUBBIN,NATHAN",,,"SUB OUT by MCCUBBIN,NATHAN",2
11:48,,,,,"SUB OUT by VANCE,LUKE",,,"SUB OUT by VANCE,LUKE",2
11:48,,,,,"SUB OUT by HEATHSCOTT,NICK",,,"SUB OUT by HEATHSCOTT,NICK",2
11:25,"FOUL  by RICHARDS,ZAC",,,,,,,"FOUL  by RICHARDS,ZAC",2
11:20,,,,,"MISS JUMPER by SHERIDAN,DAYTON",,,"MISS JUMPER by SHERIDAN,DAYTON",2
--,,,,,"REBOUND OFF by GOODMAN,CHRIS",,,"REBOUND OFF by GOODMAN,CHRIS",2
11:14,,,,,"MISS LAYUP by GOODMAN,CHRIS",,,"MISS LAYUP by GOODMAN,CHRIS",2
--,"REBOUND DEF by KEGARISE,KEVIN",,,,,,,"REBOUND DEF by KEGARISE,KEVIN",2
11:00,"GOOD JUMPER by RICHARDS,ZAC(in the paint)",52 (+8),,44,,BSC-M 52-44 (+8),,"GOOD JUMPER by RICHARDS,ZAC(in the paint)",2
--,"ASSIST  by HENRY,COLIN",,,,,,,"ASSIST  by HENRY,COLIN",2
10:40,,,,,"MISS 3PTR by MARTIN,AMMON",,,"MISS 3PTR by MARTIN,AMMON",2
--,"REBOUND DEF by RICHARDS,ZAC",,,,,,,"REBOUND DEF by RICHARDS,ZAC",2
10:31,"MISS JUMPER by WHITE,BLAISE",,,,,,,"MISS JUMPER by WHITE,BLAISE",2
10:31,,,,,"BLOCK  by MARTIN,AMMON",,,"BLOCK  by MARTIN,AMMON",2
--,,,,,"REBOUND DEF by GRAHAM,JOSH",,,"REBOUND DEF by GRAHAM,JOSH",2
10:20,,,,,"MISS 3PTR by RILEY,JAREN",,,"MISS 3PTR by RILEY,JAREN",2
--,"REBOUND DEF by WHITE,BLAISE",,,,,,,"REBOUND DEF by WHITE,BLAISE",2
09:58,,,,,"FOUL  by SHERIDAN,DAYTON",,,"FOUL  by SHERIDAN,DAYTON",2
09:58,"MISS FT by RICHARDS,ZAC",,,,,,,"MISS FT by RICHARDS,ZAC",2
--,REBOUND DEADB by TEAM,,,,,,,REBOUND DEADB by TEAM,2
09:58,"GOOD FT by RICHARDS,ZAC",53 (+9),,44,,BSC-M 53-44 (+9),,"GOOD FT by RICHARDS,ZAC",2
09:58,,,,,"SUB IN by PRIMM,COLTON",,,"SUB IN by PRIMM,COLTON",2
09:58,,,,,"SUB OUT by SHERIDAN,DAYTON",,,"SUB OUT by SHERIDAN,DAYTON",2
09:39,,,,,"MISS JUMPER by GOODMAN,CHRIS",,,"MISS JUMPER by GOODMAN,CHRIS",2
09:39,"BLOCK  by WHITE,BLAISE",,,,,,,"BLOCK  by WHITE,BLAISE",2
--,"REBOUND DEF by HENRY,COLIN",,,,,,,"REBOUND DEF by HENRY,COLIN",2
09:21,,,,,"FOUL  by GOODMAN,CHRIS",,,"FOUL  by GOODMAN,CHRIS",2
09:21,"GOOD FT by KEGARISE,KEVIN",54 (+10),,44,,BSC-M 54-44 (+10),,"GOOD FT by KEGARISE,KEVIN",2
09:21,"GOOD FT by KEGARISE,KEVIN",55 (+11),,44,,BSC-M 55-44 (+11),,"GOOD FT by KEGARISE,KEVIN",2
09:14,,,,,"TURNOVER  by GRAHAM,JOSH",,,"TURNOVER  by GRAHAM,JOSH",2
09:13,"STEAL  by RICHARDS,ZAC",,,,,,,"STEAL  by RICHARDS,ZAC",2
09:10,"MISS 3PTR by JONUS,JASEN",,,,,,,"MISS 3PTR by JONUS,JASEN",2
09:10,,,,,"BLOCK  by MARTIN,AMMON",,,"BLOCK  by MARTIN,AMMON",2
--,"REBOUND OFF by RICHARDS,ZAC",,,,,,,"REBOUND OFF by RICHARDS,ZAC",2
09:06,"MISS JUMPER by RICHARDS,ZAC",,,,,,,"MISS JUMPER by RICHARDS,ZAC",2
--,"REBOUND OFF by HENRY,COLIN",,,,,,,"REBOUND OFF by HENRY,COLIN",2
09:05,,,,,"FOUL  by GRAHAM,JOSH",,,"FOUL  by GRAHAM,JOSH",2
09:05,,,,,"SUB IN by HEATHSCOTT,NICK",,,"SUB IN by HEATHSCOTT,NICK",2
09:05,,,,,"SUB OUT by GRAHAM,JOSH",,,"SUB OUT by GRAHAM,JOSH",2
08:50,"TURNOVER  by KEGARISE,KEVIN",,,,,,,"TURNOVER  by KEGARISE,KEVIN",2
08:39,,55 (+8),,47,"GOOD 3PTR by GOODMAN,CHRIS",HC 55-47 (+8),,"GOOD 3PTR by GOODMAN,CHRIS",2
08:26,"GOOD LAYUP by KEGARISE,KEVIN(in the paint)",57 (+10),,47,,BSC-M 57-47 (+10),,"GOOD LAYUP by KEGARISE,KEVIN(in the paint)",2
--,"ASSIST  by WHITE,BLAISE",,,,,,,"ASSIST  by WHITE,BLAISE",2
08:08,"FOUL  by HENRY,COLIN",,,,,,,"FOUL  by HENRY,COLIN",2
08:08,,,,,"MISS FT by PRIMM,COLTON",,,"MISS FT by PRIMM,COLTON",2
--,,,,,REBOUND DEADB by TEAM,,,REBOUND DEADB by TEAM,2
08:08,,,,,"MISS FT by PRIMM,COLTON",,,"MISS FT by PRIMM,COLTON",2
--,"REBOUND DEF by RICHARDS,ZAC",,,,,,,"REBOUND DEF by RICHARDS,ZAC",2
08:08,"SUB IN by SCHAMP,GRIFFIN",,,,,,,"SUB IN by SCHAMP,GRIFFIN",2
08:08,"SUB OUT by HENRY,COLIN",,,,,,,"SUB OUT by HENRY,COLIN",2
07:47,"GOOD JUMPER by SCHAMP,GRIFFIN(in the paint)",59 (+12),,47,,BSC-M 59-47 (+12),,"GOOD JUMPER by SCHAMP,GRIFFIN(in the paint)",2
07:47,,,,,"FOUL  by HEATHSCOTT,NICK",,,"FOUL  by HEATHSCOTT,NICK",2
07:47,"GOOD FT by SCHAMP,GRIFFIN",60 (+13),,47,,BSC-M 60-47 (+13),,"GOOD FT by SCHAMP,GRIFFIN",2
07:44,,60 (+11),,49,"GOOD LAYUP by MARTIN,AMMON(fastbreak)(in the paint)",HC 60-49 (+11),,"GOOD LAYUP by MARTIN,AMMON(fastbreak)(in the paint)",2
--,,,,,"ASSIST  by HEATHSCOTT,NICK",,,"ASSIST  by HEATHSCOTT,NICK",2
07:28,"MISS JUMPER by KEGARISE,KEVIN",,,,,,,"MISS JUMPER by KEGARISE,KEVIN",2
--,,,,,"REBOUND DEF by PRIMM,COLTON",,,"REBOUND DEF by PRIMM,COLTON",2
07:17,"FOUL  by KEGARISE,KEVIN",,,,,,,"FOUL  by KEGARISE,KEVIN",2
07:17,,60 (+10),,50,"GOOD FT by GOODMAN,CHRIS",HC 60-50 (+10),,"GOOD FT by GOODMAN,CHRIS",2
07:17,,60 (+9),,51,"GOOD FT by GOODMAN,CHRIS",HC 60-51 (+9),,"GOOD FT by GOODMAN,CHRIS",2
07:17,"SUB IN by LEE,CALEB",,,,,,,"SUB IN by LEE,CALEB",2
07:17,"SUB IN by MURPHY,NICK",,,,,,,"SUB IN by MURPHY,NICK",2
07:17,"SUB IN by THOMAS,LARRY",,,,,,,"SUB IN by THOMAS,LARRY",2
07:17,"SUB IN by HOLLAND,JASON",,,,,,,"SUB IN by HOLLAND,JASON",2
07:17,"SUB OUT by RICHARDS,ZAC",,,,,,,"SUB OUT by RICHARDS,ZAC",2
07:17,"SUB OUT by WHITE,BLAISE",,,,,,,"SUB OUT by WHITE,BLAISE",2
07:17,"SUB OUT by JONUS,JASEN",,,,,,,"SUB OUT by JONUS,JASEN",2
07:17,"SUB OUT by KEGARISE,KEVIN",,,,,,,"SUB OUT by KEGARISE,KEVIN",2
07:00,"GOOD DUNK by LEE,CALEB(in the paint)",62 (+11),,51,,BSC-M 62-51 (+11),,"GOOD DUNK by LEE,CALEB(in the paint)",2
--,"ASSIST  by THOMAS,LARRY",,,,,,,"ASSIST  by THOMAS,LARRY",2
06:46,"FOUL  by SCHAMP,GRIFFIN",,,,,,,"FOUL  by SCHAMP,GRIFFIN",2
06:46,,62 (+10),,52,"GOOD FT by HEATHSCOTT,NICK",HC 62-52 (+10),,"GOOD FT by HEATHSCOTT,NICK",2
06:46,,62 (+9),,53,"GOOD FT by HEATHSCOTT,NICK",HC 62-53 (+9),,"GOOD FT by HEATHSCOTT,NICK",2
06:32,,,,,"FOUL  by GOODMAN,CHRIS",,,"FOUL  by GOODMAN,CHRIS",2
06:32,"GOOD FT by MURPHY,NICK",63 (+10),,53,,BSC-M 63-53 (+10),,"GOOD FT by MURPHY,NICK",2
06:32,"GOOD FT by MURPHY,NICK",64 (+11),,53,,BSC-M 64-53 (+11),,"GOOD FT by MURPHY,NICK",2
06:20,"FOUL  by MURPHY,NICK",,,,,,,"FOUL  by MURPHY,NICK",2
06:20,"FOUL TECH by MURPHY,NICK",,,,,,,"FOUL TECH by MURPHY,NICK",2
06:20,,64 (+10),,54,"GOOD FT by RILEY,JAREN",HC 64-54 (+10),,"GOOD FT by RILEY,JAREN",2
06:20,,64 (+9),,55,"GOOD FT by RILEY,JAREN",HC 64-55 (+9),,"GOOD FT by RILEY,JAREN",2
06:03,,64 (+7),,57,"GOOD JUMPER by HEATHSCOTT,NICK(in the paint)",HC 64-57 (+7),,"GOOD JUMPER by HEATHSCOTT,NICK(in the paint)",2
--,,,,,"ASSIST  by MARTIN,AMMON",,,"ASSIST  by MARTIN,AMMON",2
06:03,"FOUL  by LEE,CALEB",,,,,,,"FOUL  by LEE,CALEB",2
06:03,,64 (+6),,58,"GOOD FT by HEATHSCOTT,NICK",HC 64-58 (+6),,"GOOD FT by HEATHSCOTT,NICK",2
05:41,"GOOD JUMPER by SCHAMP,GRIFFIN(in the paint)",66 (+8),,58,,BSC-M 66-58 (+8),,"GOOD JUMPER by SCHAMP,GRIFFIN(in the paint)",2
05:41,,,,,"FOUL  by HEATHSCOTT,NICK",,,"FOUL  by HEATHSCOTT,NICK",2
05:41,"MISS FT by SCHAMP,GRIFFIN",,,,,,,"MISS FT by SCHAMP,GRIFFIN",2
--,,,,,"REBOUND DEF by PRIMM,COLTON",,,"REBOUND DEF by PRIMM,COLTON",2
05:33,,,,,"MISS JUMPER by GOODMAN,CHRIS",,,"MISS JUMPER by GOODMAN,CHRIS",2
--,"REBOUND DEF by SCHAMP,GRIFFIN",,,,,,,"REBOUND DEF by SCHAMP,GRIFFIN",2
05:05,,,,,"FOUL  by GOODMAN,CHRIS",,,"FOUL  by GOODMAN,CHRIS",2
05:05,"GOOD FT by THOMAS,LARRY",67 (+9),,58,,BSC-M 67-58 (+9),,"GOOD FT by THOMAS,LARRY",2
05:05,"GOOD FT by THOMAS,LARRY",68 (+10),,58,,BSC-M 68-58 (+10),,"GOOD FT by THOMAS,LARRY",2
05:05,"GOOD FT by THOMAS,LARRY",69 (+11),,58,,BSC-M 69-58 (+11),,"GOOD FT by THOMAS,LARRY",2
05:05,,,,,"SUB IN by VANCE,LUKE",,,"SUB IN by VANCE,LUKE",2
05:05,,,,,"SUB OUT by GOODMAN,CHRIS",,,"SUB OUT by GOODMAN,CHRIS",2
05:04,,,,,"TURNOVER  by PRIMM,COLTON",,,"TURNOVER  by PRIMM,COLTON",2
05:03,"STEAL  by HOLLAND,JASON",,,,,,,"STEAL  by HOLLAND,JASON",2
05:03,,,,,"FOUL  by HEATHSCOTT,NICK",,,"FOUL  by HEATHSCOTT,NICK",2
05:03,"GOOD FT by HOLLAND,JASON",70 (+12),,58,,BSC-M 70-58 (+12),,"GOOD FT by HOLLAND,JASON",2
05:03,"MISS FT by HOLLAND,JASON",,,,,,,"MISS FT by HOLLAND,JASON",2
--,,,,,"REBOUND DEF by PRIMM,COLTON",,,"REBOUND DEF by PRIMM,COLTON",2
05:03,"SUB IN by JONUS,JASEN",,,,,,,"SUB IN by JONUS,JASEN",2
05:03,"SUB OUT by MURPHY,NICK",,,,,,,"SUB OUT by MURPHY,NICK",2
05:03,,,,,"SUB IN by GOODMAN,CHRIS",,,"SUB IN by GOODMAN,CHRIS",2
05:03,,,,,"SUB OUT by HEATHSCOTT,NICK",,,"SUB OUT by HEATHSCOTT,NICK",2
04:41,,,,,"TURNOVER  by RILEY,JAREN",,,"TURNOVER  by RILEY,JAREN",2
04:41,,,,,TIMEOUT TEAM by TEAM,,,TIMEOUT TEAM by TEAM,2
04:24,"TURNOVER  by RICHARDS,ZAC",,,,,,,"TURNOVER  by RICHARDS,ZAC",2
04:24,"SUB IN by MURPHY,NICK",,,,,,,"SUB IN by MURPHY,NICK",2
04:24,"SUB IN by WHITE,BLAISE",,,,,,,"SUB IN by WHITE,BLAISE",2
04:24,"SUB IN by KEGARISE,KEVIN",,,,,,,"SUB IN by KEGARISE,KEVIN",2
04:24,"SUB IN by RICHARDS,ZAC",,,,,,,"SUB IN by RICHARDS,ZAC",2
04:24,"SUB OUT by LEE,CALEB",,,,,,,"SUB OUT by LEE,CALEB",2
04:24,"SUB OUT by JONUS,JASEN",,,,,,,"SUB OUT by JONUS,JASEN",2
04:24,"SUB OUT by THOMAS,LARRY",,,,,,,"SUB OUT by THOMAS,LARRY",2
04:24,"SUB OUT by SCHAMP,GRIFFIN",,,,,,,"SUB OUT by SCHAMP,GRIFFIN",2
04:24,"SUB OUT by HOLLAND,JASON",,,,,,,"SUB OUT by HOLLAND,JASON",2
04:08,,,,,"TURNOVER  by GOODMAN,CHRIS",,,"TURNOVER  by GOODMAN,CHRIS",2
04:07,"STEAL  by WHITE,BLAISE",,,,,,,"STEAL  by WHITE,BLAISE",2
03:36,"MISS JUMPER by RICHARDS,ZAC",,,,,,,"MISS JUMPER by RICHARDS,ZAC",2
--,"REBOUND OFF by WHITE,BLAISE",,,,,,,"REBOUND OFF by WHITE,BLAISE",2
03:31,"MISS LAYUP by WHITE,BLAISE",,,,,,,"MISS LAYUP by WHITE,BLAISE",2
--,"REBOUND OFF by RICHARDS,ZAC",,,,,,,"REBOUND OFF by RICHARDS,ZAC",2
03:29,"MISS JUMPER by RICHARDS,ZAC",,,,,,,"MISS JUMPER by RICHARDS,ZAC",2
--,,,,,REBOUND DEF by TEAM,,,REBOUND DEF by TEAM,2
03:27,TIMEOUT TEAM by TEAM,,,,,,,TIMEOUT TEAM by TEAM,2
03:27,"SUB IN by THOMAS,LARRY",,,,,,,"SUB IN by THOMAS,LARRY",2
03:27,"SUB IN by HOLLAND,JASON",,,,,,,"SUB IN by HOLLAND,JASON",2
03:27,"SUB IN by LEE,CALEB",,,,,,,"SUB IN by LEE,CALEB",2
03:27,"SUB OUT by KEGARISE,KEVIN",,,,,,,"SUB OUT by KEGARISE,KEVIN",2
03:12,,,,,"TURNOVER  by MARTIN,AMMON",,,"TURNOVER  by MARTIN,AMMON",2
03:11,"STEAL  by LEE,CALEB",,,,,,,"STEAL  by LEE,CALEB",2
02:44,"GOOD JUMPER by HOLLAND,JASON",72 (+14),,58,,BSC-M 72-58 (+14),,"GOOD JUMPER by HOLLAND,JASON",2
02:30,"SUB IN by KEGARISE,KEVIN",,,,,,,"SUB IN by KEGARISE,KEVIN",2
02:30,"SUB IN by JONUS,JASEN",,,,,,,"SUB IN by JONUS,JASEN",2
02:30,"SUB OUT by THOMAS,LARRY",,,,,,,"SUB OUT by THOMAS,LARRY",2
02:30,"SUB OUT by HOLLAND,JASON",,,,,,,"SUB OUT by HOLLAND,JASON",2
02:21,,,,,"MISS 3PTR by GOODMAN,CHRIS",,,"MISS 3PTR by GOODMAN,CHRIS",2
--,"REBOUND DEF by LEE,CALEB",,,,,,,"REBOUND DEF by LEE,CALEB",2
01:53,,,,,"FOUL  by VANCE,LUKE",,,"FOUL  by VANCE,LUKE",2
01:53,"MISS FT by LEE,CALEB",,,,,,,"MISS FT by LEE,CALEB",2
--,REBOUND DEADB by TEAM,,,,,,,REBOUND DEADB by TEAM,2
01:53,"GOOD FT by LEE,CALEB",73 (+15),,58,,BSC-M 73-58 (+15),,"GOOD FT by LEE,CALEB",2
01:53,"SUB IN by HOLLAND,JASON",,,,,,,"SUB IN by HOLLAND,JASON",2
01:53,"SUB IN by THOMAS,LARRY",,,,,,,"SUB IN by THOMAS,LARRY",2
01:53,"SUB OUT by KEGARISE,KEVIN",,,,,,,"SUB OUT by KEGARISE,KEVIN",2
01:53,"SUB OUT by JONUS,JASEN",,,,,,,"SUB OUT by JONUS,JASEN",2
01:44,,,,,"MISS 3PTR by PRIMM,COLTON",,,"MISS 3PTR by PRIMM,COLTON",2
--,,,,,"REBOUND OFF by MARTIN,AMMON",,,"REBOUND OFF by MARTIN,AMMON",2
01:37,,,,,"MISS 3PTR by MARTIN,AMMON",,,"MISS 3PTR by MARTIN,AMMON",2
--,"REBOUND DEF by RICHARDS,ZAC",,,,,,,"REBOUND DEF by RICHARDS,ZAC",2
01:03,"MISS 3PTR by WHITE,BLAISE",,,,,,,"MISS 3PTR by WHITE,BLAISE",2
--,,,,,"REBOUND DEF by MARTIN,AMMON",,,"REBOUND DEF by MARTIN,AMMON",2
00:51,"FOUL  by RICHARDS,ZAC",,,,,,,"FOUL  by RICHARDS,ZAC",2
00:51,,73 (+14),,59,"GOOD FT by PRIMM,COLTON",HC 73-59 (+14),,"GOOD FT by PRIMM,COLTON",2
00:51,,73 (+13),,60,"GOOD FT by PRIMM,COLTON",HC 73-60 (+13),,"GOOD FT by PRIMM,COLTON",2
00:51,"SUB IN by KEGARISE,KEVIN",,,,,,,"SUB IN by KEGARISE,KEVIN",2
00:51,"SUB IN by JONUS,JASEN",,,,,,,"SUB IN by JONUS,JASEN",2
00:51,"SUB OUT by HOLLAND,JASON",,,,,,,"SUB OUT by HOLLAND,JASON",2
00:51,"SUB OUT by THOMAS,LARRY",,,,,,,"SUB OUT by THOMAS,LARRY",2
00:51,"SUB OUT by LEE,CALEB",,,,,,,"SUB OUT by LEE,CALEB",2
00:36,"MISS LAYUP by WHITE,BLAISE",,,,,,,"MISS LAYUP by WHITE,BLAISE",2
00:36,,,,,"BLOCK  by PRIMM,COLTON",,,"BLOCK  by PRIMM,COLTON",2
--,REBOUND OFF by TEAM,,,,,,,REBOUND OFF by TEAM,2
00:22,"MISS 3PTR by KEGARISE,KEVIN",,,,,,,"MISS 3PTR by KEGARISE,KEVIN",2
--,,,,,"REBOUND DEF by PRIMM,COLTON",,,"REBOUND DEF by PRIMM,COLTON",2
00:19,"FOUL  by RICHARDS,ZAC",,,,,,,"FOUL  by RICHARDS,ZAC",2
00:19,,73 (+12),,61,"GOOD FT by PRIMM,COLTON",HC 73-61 (+12),,"GOOD FT by PRIMM,COLTON",2
00:19,,73 (+11),,62,"GOOD FT by PRIMM,COLTON",HC 73-62 (+11),,"GOOD FT by PRIMM,COLTON",2
00:12,"TURNOVER  by WHITE,BLAISE",,,,,,,"TURNOVER  by WHITE,BLAISE",2
00:11,,,,,"STEAL  by MARTIN,AMMON",,,"STEAL  by MARTIN,AMMON",2
00:09,,73 (+9),,64,"GOOD LAYUP by MARTIN,AMMON(fastbreak)(in the paint)",HC 73-64 (+9),,"GOOD LAYUP by MARTIN,AMMON(fastbreak)(in the paint)",2
