Time Remaining,SEW-M,Away Team Score,Play Team Indicator,Home Team Score,BCM,Game Score,Team Indicator,Play,Period
19:35,,,,,"TURNOVER  by JOHNSON,CALEB",,,"TURNOVER  by JOHNSON,CALEB",1
19:07,"GOOD 3PTR by JONES,CODY",3 (+3),,0,,SEW-M 3-0 (+3),,"GOOD 3PTR by JONES,CODY",1
18:53,"FOUL  by BORN,CLAY",,,,,,,"FOUL  by BORN,CLAY",1
18:53,,,,,TIMEOUT 30SEC by TEAM,,,TIMEOUT 30SEC by TEAM,1
18:35,,,,,"MISS LAYUP by MCCLOUD,LEE",,,"MISS LAYUP by MCCLOUD,LEE",1
--,"REBOUND DEF by CARTER,KESHONN",,,,,,,"REBOUND DEF by CARTER,KESHONN",1
18:25,"MISS LAYUP by STONE,BRODY",,,,,,,"MISS LAYUP by STONE,BRODY",1
--,"REBOUND OFF by STONE,BRODY",,,,,,,"REBOUND OFF by STONE,BRODY",1
18:09,"GOOD JUMPER by MCCULLOUGH,JACOB",5 (+5),,0,,SEW-M 5-0 (+5),,"GOOD JUMPER by MCCULLOUGH,JACOB",1
17:54,,,,,"MISS 3PTR by SCHERRMAN,BLAKE",,,"MISS 3PTR by SCHERRMAN,BLAKE",1
--,"REBOUND DEF by JONES,CODY",,,,,,,"REBOUND DEF by JONES,CODY",1
17:52,,,,,"FOUL  by MCCLOUD,LEE",,,"FOUL  by MCCLOUD,LEE",1
17:28,"MISS JUMPER by MCCULLOUGH,JACOB",,,,,,,"MISS JUMPER by MCCULLOUGH,JACOB",1
--,,,,,"REBOUND DEF by SCHERRMAN,BLAKE",,,"REBOUND DEF by SCHERRMAN,BLAKE",1
17:19,,,,,"MISS LAYUP by SCHERRMAN,BLAKE",,,"MISS LAYUP by SCHERRMAN,BLAKE",1
--,REBOUND DEF by TEAM,,,,,,,REBOUND DEF by TEAM,1
17:18,,,,,"FOUL  by KORN,LUKAS",,,"FOUL  by KORN,LUKAS",1
17:12,"TURNOVER  by MCCULLOUGH,JACOB",,,,,,,"TURNOVER  by MCCULLOUGH,JACOB",1
17:11,,,,,"STEAL  by MCCLOUD,LEE",,,"STEAL  by MCCLOUD,LEE",1
17:09,,,,,"MISS LAYUP by MCCLOUD,LEE",,,"MISS LAYUP by MCCLOUD,LEE",1
--,,,,,"REBOUND OFF by MCCLOUD,LEE",,,"REBOUND OFF by MCCLOUD,LEE",1
17:07,,5 (+3),,2,"GOOD LAYUP by MCCLOUD,LEE(in the paint)",BCM 5-2 (+3),,"GOOD LAYUP by MCCLOUD,LEE(in the paint)",1
17:03,TIMEOUT 30SEC by TEAM,,,,,,,TIMEOUT 30SEC by TEAM,1
16:49,"MISS LAYUP by STONE,BRODY",,,,,,,"MISS LAYUP by STONE,BRODY",1
16:49,,,,,"BLOCK  by KORN,LUKAS",,,"BLOCK  by KORN,LUKAS",1
--,"REBOUND DEF by STONE,BRODY",,,,,,,"REBOUND DEF by STONE,BRODY",1
16:49,"FOUL TECH by STONE,BRODY",,,,,,,"FOUL TECH by STONE,BRODY",1
16:49,,,,,"MISS FT by SCHERRMAN,BLAKE",,,"MISS FT by SCHERRMAN,BLAKE",1
--,,,,,REBOUND DEADB by TEAM,,,REBOUND DEADB by TEAM,1
16:34,,,,,"MISS LAYUP by SCHERRMAN,BLAKE",,,"MISS LAYUP by SCHERRMAN,BLAKE",1
--,,,,,"REBOUND OFF by JOHNSON,CALEB",,,"REBOUND OFF by JOHNSON,CALEB",1
16:26,,5 (+1),,4,"GOOD LAYUP by SCHERRMAN,BLAKE(in the paint)",BCM 5-4 (+1),,"GOOD LAYUP by SCHERRMAN,BLAKE(in the paint)",1
16:00,,,,,"FOUL  by MCCLOUD,LEE",,,"FOUL  by MCCLOUD,LEE",1
16:00,,,,,"SUB IN by MARDER,NICK",,,"SUB IN by MARDER,NICK",1
16:00,,,,,"SUB OUT by MCCLOUD,LEE",,,"SUB OUT by MCCLOUD,LEE",1
15:47,"GOOD 3PTR by JONES,CODY",8 (+4),,4,,SEW-M 8-4 (+4),,"GOOD 3PTR by JONES,CODY",1
--,"ASSIST  by BORN,CLAY",,,,,,,"ASSIST  by BORN,CLAY",1
15:30,"FOUL  by JONES,CODY",,,,,,,"FOUL  by JONES,CODY",1
15:25,,,,,"MISS LAYUP by MARDER,NICK",,,"MISS LAYUP by MARDER,NICK",1
--,"REBOUND DEF by STONE,BRODY",,,,,,,"REBOUND DEF by STONE,BRODY",1
15:17,"MISS 3PTR by JONES,CODY",,,,,,,"MISS 3PTR by JONES,CODY",1
--,,,,,"REBOUND DEF by KORN,LUKAS",,,"REBOUND DEF by KORN,LUKAS",1
15:00,,,,,"MISS LAYUP by MCCLOUD,ALTON",,,"MISS LAYUP by MCCLOUD,ALTON",1
--,"REBOUND DEF by MCCULLOUGH,JACOB",,,,,,,"REBOUND DEF by MCCULLOUGH,JACOB",1
14:47,"TURNOVER  by CARTER,KESHONN",,,,,,,"TURNOVER  by CARTER,KESHONN",1
14:46,,,,,"STEAL  by KORN,LUKAS",,,"STEAL  by KORN,LUKAS",1
14:45,,,,,"TURNOVER  by KORN,LUKAS",,,"TURNOVER  by KORN,LUKAS",1
14:45,"STEAL  by JONES,CODY",,,,,,,"STEAL  by JONES,CODY",1
14:40,"MISS LAYUP by CARTER,KESHONN",,,,,,,"MISS LAYUP by CARTER,KESHONN",1
--,"REBOUND OFF by STONE,BRODY",,,,,,,"REBOUND OFF by STONE,BRODY",1
14:38,"MISS LAYUP by STONE,BRODY",,,,,,,"MISS LAYUP by STONE,BRODY",1
--,"REBOUND OFF by STONE,BRODY",,,,,,,"REBOUND OFF by STONE,BRODY",1
14:37,"SUB IN by TOME,MATT",,,,,,,"SUB IN by TOME,MATT",1
14:37,"SUB IN by BROWN,SETH",,,,,,,"SUB IN by BROWN,SETH",1
14:37,"SUB OUT by CARTER,KESHONN",,,,,,,"SUB OUT by CARTER,KESHONN",1
14:37,"SUB OUT by JONES,CODY",,,,,,,"SUB OUT by JONES,CODY",1
14:37,,,,,"SUB IN by ELLINGSWORTH,COLEMAN",,,"SUB IN by ELLINGSWORTH,COLEMAN",1
14:37,,,,,"SUB OUT by MARDER,NICK",,,"SUB OUT by MARDER,NICK",1
14:11,"TURNOVER  by BROWN,SETH",,,,,,,"TURNOVER  by BROWN,SETH",1
13:51,,,,,"MISS JUMPER by JOHNSON,CALEB",,,"MISS JUMPER by JOHNSON,CALEB",1
--,,,,,"REBOUND OFF by BEDDINGFIELD,JACOB",,,"REBOUND OFF by BEDDINGFIELD,JACOB",1
--,"REBOUND DEF by MCCULLOUGH,JACOB",,,,,,,"REBOUND DEF by MCCULLOUGH,JACOB",1
13:41,"SUB IN by BUESCHER,HUNTER",,,,,,,"SUB IN by BUESCHER,HUNTER",1
13:41,"SUB OUT by BORN,CLAY",,,,,,,"SUB OUT by BORN,CLAY",1
13:41,,,,,"SUB IN by MARDER,NICK",,,"SUB IN by MARDER,NICK",1
13:41,,,,,"SUB OUT by SCHERRMAN,BLAKE",,,"SUB OUT by SCHERRMAN,BLAKE",1
13:23,"MISS LAYUP by BROWN,SETH",,,,,,,"MISS LAYUP by BROWN,SETH",1
--,,,,,"REBOUND DEF by ELLINGSWORTH,COLEMAN",,,"REBOUND DEF by ELLINGSWORTH,COLEMAN",1
13:17,,,,,"MISS LAYUP by MARDER,NICK",,,"MISS LAYUP by MARDER,NICK",1
--,"REBOUND DEF by STONE,BRODY",,,,,,,"REBOUND DEF by STONE,BRODY",1
13:16,,,,,"FOUL  by KORN,LUKAS",,,"FOUL  by KORN,LUKAS",1
13:16,"SUB IN by CARTER,KESHONN",,,,,,,"SUB IN by CARTER,KESHONN",1
13:16,"SUB OUT by STONE,BRODY",,,,,,,"SUB OUT by STONE,BRODY",1
13:16,,,,,"SUB IN by SPALDING,TANNER",,,"SUB IN by SPALDING,TANNER",1
13:16,,,,,"SUB OUT by KORN,LUKAS",,,"SUB OUT by KORN,LUKAS",1
13:02,"MISS 3PTR by TOME,MATT",,,,,,,"MISS 3PTR by TOME,MATT",1
--,"REBOUND OFF by BUESCHER,HUNTER",,,,,,,"REBOUND OFF by BUESCHER,HUNTER",1
12:44,"TURNOVER  by BUESCHER,HUNTER",,,,,,,"TURNOVER  by BUESCHER,HUNTER",1
12:44,,,,,TIMEOUT 20SEC by TEAM,,,TIMEOUT 20SEC by TEAM,1
12:44,"SUB IN by JONES,CODY",,,,,,,"SUB IN by JONES,CODY",1
12:44,"SUB OUT by MCCULLOUGH,JACOB",,,,,,,"SUB OUT by MCCULLOUGH,JACOB",1
12:29,,,,,"MISS JUMPER by JOHNSON,CALEB",,,"MISS JUMPER by JOHNSON,CALEB",1
--,"REBOUND DEF by JONES,CODY",,,,,,,"REBOUND DEF by JONES,CODY",1
12:05,,,,,"FOUL  by MARDER,NICK",,,"FOUL  by MARDER,NICK",1
12:05,,,,,"SUB IN by SCHERRMAN,BLAKE",,,"SUB IN by SCHERRMAN,BLAKE",1
12:05,,,,,"SUB OUT by MARDER,NICK",,,"SUB OUT by MARDER,NICK",1
11:59,"GOOD LAYUP by BROWN,SETH(in the paint)",10 (+6),,4,,SEW-M 10-4 (+6),,"GOOD LAYUP by BROWN,SETH(in the paint)",1
--,"ASSIST  by JONES,CODY",,,,,,,"ASSIST  by JONES,CODY",1
11:34,,,,,"MISS LAYUP by JOHNSON,CALEB",,,"MISS LAYUP by JOHNSON,CALEB",1
--,"REBOUND DEF by CARTER,KESHONN",,,,,,,"REBOUND DEF by CARTER,KESHONN",1
11:07,"GOOD JUMPER by CARTER,KESHONN",12 (+8),,4,,SEW-M 12-4 (+8),,"GOOD JUMPER by CARTER,KESHONN",1
--,"ASSIST  by BROWN,SETH",,,,,,,"ASSIST  by BROWN,SETH",1
10:51,,,,,"MISS JUMPER by SPALDING,TANNER",,,"MISS JUMPER by SPALDING,TANNER",1
--,"REBOUND DEF by TOME,MATT",,,,,,,"REBOUND DEF by TOME,MATT",1
10:38,"TURNOVER  by JONES,CODY",,,,,,,"TURNOVER  by JONES,CODY",1
10:38,"FOUL  by JONES,CODY",,,,,,,"FOUL  by JONES,CODY",1
10:38,"SUB IN by MCCULLOUGH,JACOB",,,,,,,"SUB IN by MCCULLOUGH,JACOB",1
10:38,"SUB IN by BORN,CLAY",,,,,,,"SUB IN by BORN,CLAY",1
10:38,"SUB OUT by BUESCHER,HUNTER",,,,,,,"SUB OUT by BUESCHER,HUNTER",1
10:38,"SUB OUT by JONES,CODY",,,,,,,"SUB OUT by JONES,CODY",1
10:38,,,,,"SUB IN by SCHICK,BRANDON",,,"SUB IN by SCHICK,BRANDON",1
10:38,,,,,"SUB IN by SCHICK,BRANDON",,,"SUB IN by SCHICK,BRANDON",1
10:38,,,,,"SUB OUT by SCHICK,BRANDON",,,"SUB OUT by SCHICK,BRANDON",1
10:38,,,,,"SUB OUT by JOHNSON,CALEB",,,"SUB OUT by JOHNSON,CALEB",1
10:37,,12 (+5),,7,"GOOD 3PTR by SCHERRMAN,BLAKE",BCM 12-7 (+5),,"GOOD 3PTR by SCHERRMAN,BLAKE",1
--,,,,,"ASSIST  by MCCLOUD,ALTON",,,"ASSIST  by MCCLOUD,ALTON",1
10:11,"GOOD LAYUP by CARTER,KESHONN(in the paint)",14 (+7),,7,,SEW-M 14-7 (+7),,"GOOD LAYUP by CARTER,KESHONN(in the paint)",1
09:58,,,,,"MISS 3PTR by SCHERRMAN,BLAKE",,,"MISS 3PTR by SCHERRMAN,BLAKE",1
--,"REBOUND DEF by STONE,BRODY",,,,,,,"REBOUND DEF by STONE,BRODY",1
09:24,"MISS 3PTR by TOME,MATT",,,,,,,"MISS 3PTR by TOME,MATT",1
--,"REBOUND OFF by CARTER,KESHONN",,,,,,,"REBOUND OFF by CARTER,KESHONN",1
09:23,,,,,"FOUL  by MCCLOUD,ALTON",,,"FOUL  by MCCLOUD,ALTON",1
09:23,"MISS FT by CARTER,KESHONN",,,,,,,"MISS FT by CARTER,KESHONN",1
--,REBOUND DEADB by TEAM,,,,,,,REBOUND DEADB by TEAM,1
09:23,"GOOD FT by CARTER,KESHONN",15 (+8),,7,,SEW-M 15-7 (+8),,"GOOD FT by CARTER,KESHONN",1
09:23,,,,,"MISS LAYUP by MCCLOUD,ALTON",,,"MISS LAYUP by MCCLOUD,ALTON",1
--,"REBOUND DEF by MCCULLOUGH,JACOB",,,,,,,"REBOUND DEF by MCCULLOUGH,JACOB",1
09:23,"MISS JUMPER by CARTER,KESHONN",,,,,,,"MISS JUMPER by CARTER,KESHONN",1
--,"REBOUND OFF by STONE,BRODY",,,,,,,"REBOUND OFF by STONE,BRODY",1
09:23,"GOOD 3PTR by BORN,CLAY",18 (+11),,7,,SEW-M 18-7 (+11),,"GOOD 3PTR by BORN,CLAY",1
09:23,"SUB IN by CALDWELL,CAM",,,,,,,"SUB IN by CALDWELL,CAM",1
09:23,"SUB OUT by TOME,MATT",,,,,,,"SUB OUT by TOME,MATT",1
09:23,,,,,"SUB IN by FORTE,MCCARTY",,,"SUB IN by FORTE,MCCARTY",1
09:23,,,,,"SUB IN by FENTON,CLINT",,,"SUB IN by FENTON,CLINT",1
09:23,,,,,"SUB OUT by ELLINGSWORTH,COLEMAN",,,"SUB OUT by ELLINGSWORTH,COLEMAN",1
09:23,,,,,"SUB OUT by MCCLOUD,ALTON",,,"SUB OUT by MCCLOUD,ALTON",1
08:33,,,,,TIMEOUT TEAM by TEAM,,,TIMEOUT TEAM by TEAM,1
08:21,,,,,"MISS LAYUP by FENTON,CLINT",,,"MISS LAYUP by FENTON,CLINT",1
08:21,"BLOCK  by CALDWELL,CAM",,,,,,,"BLOCK  by CALDWELL,CAM",1
--,,,,,REBOUND OFF by TEAM,,,REBOUND OFF by TEAM,1
08:21,,18 (+9),,9,"GOOD LAYUP by SPALDING,TANNER(in the paint)",BCM 18-9 (+9),,"GOOD LAYUP by SPALDING,TANNER(in the paint)",1
08:21,"GOOD 3PTR by MCCULLOUGH,JACOB",21 (+12),,9,,SEW-M 21-9 (+12),,"GOOD 3PTR by MCCULLOUGH,JACOB",1
--,"ASSIST  by CALDWELL,CAM",,,,,,,"ASSIST  by CALDWELL,CAM",1
08:21,,,,,"TURNOVER  by SCHERRMAN,BLAKE",,,"TURNOVER  by SCHERRMAN,BLAKE",1
08:19,"STEAL  by MCCULLOUGH,JACOB",,,,,,,"STEAL  by MCCULLOUGH,JACOB",1
08:18,,,,,"FOUL  by SPALDING,TANNER",,,"FOUL  by SPALDING,TANNER",1
07:25,"GOOD FT by MCCULLOUGH,JACOB",22 (+13),,9,,SEW-M 22-9 (+13),,"GOOD FT by MCCULLOUGH,JACOB",1
07:25,"GOOD FT by MCCULLOUGH,JACOB",23 (+14),,9,,SEW-M 23-9 (+14),,"GOOD FT by MCCULLOUGH,JACOB",1
07:25,"SUB IN by JONES,CODY",,,,,,,"SUB IN by JONES,CODY",1
07:25,"SUB IN by TOME,MATT",,,,,,,"SUB IN by TOME,MATT",1
07:25,"SUB OUT by CARTER,KESHONN",,,,,,,"SUB OUT by CARTER,KESHONN",1
07:25,"SUB OUT by CALDWELL,CAM",,,,,,,"SUB OUT by CALDWELL,CAM",1
07:25,,,,,"SUB IN by JOHNSON,CALEB",,,"SUB IN by JOHNSON,CALEB",1
07:25,,,,,"SUB IN by MARDER,NICK",,,"SUB IN by MARDER,NICK",1
07:25,,,,,"SUB OUT by SPALDING,TANNER",,,"SUB OUT by SPALDING,TANNER",1
07:25,,,,,"SUB OUT by SCHERRMAN,BLAKE",,,"SUB OUT by SCHERRMAN,BLAKE",1
07:00,,,,,"FOUL  by MARDER,NICK",,,"FOUL  by MARDER,NICK",1
07:00,,,,,"TURNOVER  by MARDER,NICK",,,"TURNOVER  by MARDER,NICK",1
06:40,"GOOD 3PTR by JONES,CODY",26 (+17),,9,,SEW-M 26-9 (+17),,"GOOD 3PTR by JONES,CODY",1
--,"ASSIST  by TOME,MATT",,,,,,,"ASSIST  by TOME,MATT",1
06:23,,,,,TIMEOUT 20SEC by TEAM,,,TIMEOUT 20SEC by TEAM,1
06:23,,26 (+15),,11,"GOOD LAYUP by ELLINGSWORTH,COLEMAN(in the paint)",BCM 26-11 (+15),,"GOOD LAYUP by ELLINGSWORTH,COLEMAN(in the paint)",1
--,,,,,"ASSIST  by JOHNSON,CALEB",,,"ASSIST  by JOHNSON,CALEB",1
06:23,"SUB IN by STONE,BRODY",,,,,,,"SUB IN by STONE,BRODY",1
06:23,"SUB OUT by BROWN,SETH",,,,,,,"SUB OUT by BROWN,SETH",1
06:23,,,,,"SUB IN by ELLINGSWORTH,COLEMAN",,,"SUB IN by ELLINGSWORTH,COLEMAN",1
06:23,,,,,"SUB IN by MCCLOUD,ALTON",,,"SUB IN by MCCLOUD,ALTON",1
06:23,,,,,"SUB IN by NEWKIRK,KAHLIL",,,"SUB IN by NEWKIRK,KAHLIL",1
06:23,,,,,"SUB OUT by SCHICK,BRANDON",,,"SUB OUT by SCHICK,BRANDON",1
06:23,,,,,"SUB OUT by FENTON,CLINT",,,"SUB OUT by FENTON,CLINT",1
06:23,,,,,"SUB OUT by MARDER,NICK",,,"SUB OUT by MARDER,NICK",1
06:08,"GOOD LAYUP by STONE,BRODY(in the paint)",28 (+17),,11,,SEW-M 28-11 (+17),,"GOOD LAYUP by STONE,BRODY(in the paint)",1
05:54,,,,,"MISS LAYUP by JOHNSON,CALEB",,,"MISS LAYUP by JOHNSON,CALEB",1
--,,,,,"REBOUND OFF by ELLINGSWORTH,COLEMAN",,,"REBOUND OFF by ELLINGSWORTH,COLEMAN",1
05:50,,28 (+15),,13,"GOOD LAYUP by ELLINGSWORTH,COLEMAN(in the paint)",BCM 28-13 (+15),,"GOOD LAYUP by ELLINGSWORTH,COLEMAN(in the paint)",1
05:37,,,,,"FOUL  by ELLINGSWORTH,COLEMAN",,,"FOUL  by ELLINGSWORTH,COLEMAN",1
05:37,"MISS FT by STONE,BRODY",,,,,,,"MISS FT by STONE,BRODY",1
--,"REBOUND OFF by TOME,MATT",,,,,,,"REBOUND OFF by TOME,MATT",1
05:37,"SUB IN by CARTER,KESHONN",,,,,,,"SUB IN by CARTER,KESHONN",1
05:37,"SUB OUT by JONES,CODY",,,,,,,"SUB OUT by JONES,CODY",1
05:06,"TURNOVER  by STONE,BRODY",,,,,,,"TURNOVER  by STONE,BRODY",1
05:06,"SUB IN by BROWN,SETH",,,,,,,"SUB IN by BROWN,SETH",1
05:06,"SUB OUT by STONE,BRODY",,,,,,,"SUB OUT by STONE,BRODY",1
04:37,,,,,"MISS 3PTR by JOHNSON,CALEB",,,"MISS 3PTR by JOHNSON,CALEB",1
--,,,,,"REBOUND OFF by NEWKIRK,KAHLIL",,,"REBOUND OFF by NEWKIRK,KAHLIL",1
04:31,"SUB IN by BUESCHER,HUNTER",,,,,,,"SUB IN by BUESCHER,HUNTER",1
04:31,"SUB OUT by BORN,CLAY",,,,,,,"SUB OUT by BORN,CLAY",1
04:23,,28 (+13),,15,"GOOD LAYUP by JOHNSON,CALEB(in the paint)",BCM 28-15 (+13),,"GOOD LAYUP by JOHNSON,CALEB(in the paint)",1
--,,,,,"ASSIST  by NEWKIRK,KAHLIL",,,"ASSIST  by NEWKIRK,KAHLIL",1
04:05,"GOOD LAYUP by BUESCHER,HUNTER(in the paint)",30 (+15),,15,,SEW-M 30-15 (+15),,"GOOD LAYUP by BUESCHER,HUNTER(in the paint)",1
--,"ASSIST  by MCCULLOUGH,JACOB",,,,,,,"ASSIST  by MCCULLOUGH,JACOB",1
03:53,,,,,"MISS 3PTR by NEWKIRK,KAHLIL",,,"MISS 3PTR by NEWKIRK,KAHLIL",1
--,"REBOUND DEF by BUESCHER,HUNTER",,,,,,,"REBOUND DEF by BUESCHER,HUNTER",1
03:43,"GOOD LAYUP by BROWN,SETH(fastbreak)(in the paint)",32 (+17),,15,,SEW-M 32-15 (+17),,"GOOD LAYUP by BROWN,SETH(fastbreak)(in the paint)",1
--,"ASSIST  by MCCULLOUGH,JACOB",,,,,,,"ASSIST  by MCCULLOUGH,JACOB",1
03:30,,,,,"MISS 3PTR by JOHNSON,CALEB",,,"MISS 3PTR by JOHNSON,CALEB",1
--,,,,,"REBOUND DEF by MCCLOUD,ALTON",,,"REBOUND DEF by MCCLOUD,ALTON",1
03:26,"FOUL  by TOME,MATT",,,,,,,"FOUL  by TOME,MATT",1
03:26,"SUB IN by BORN,CLAY",,,,,,,"SUB IN by BORN,CLAY",1
03:26,"SUB OUT by TOME,MATT",,,,,,,"SUB OUT by TOME,MATT",1
03:22,,32 (+14),,18,"GOOD 3PTR by FORTE,MCCARTY",BCM 32-18 (+14),,"GOOD 3PTR by FORTE,MCCARTY",1
--,,,,,"ASSIST  by NEWKIRK,KAHLIL",,,"ASSIST  by NEWKIRK,KAHLIL",1
03:08,"FOUL  by BROWN,SETH",,,,,,,"FOUL  by BROWN,SETH",1
03:08,"TURNOVER  by BROWN,SETH",,,,,,,"TURNOVER  by BROWN,SETH",1
02:57,,,,,"TURNOVER  by NEWKIRK,KAHLIL",,,"TURNOVER  by NEWKIRK,KAHLIL",1
02:56,"STEAL  by MCCULLOUGH,JACOB",,,,,,,"STEAL  by MCCULLOUGH,JACOB",1
02:50,"MISS 3PTR by BUESCHER,HUNTER",,,,,,,"MISS 3PTR by BUESCHER,HUNTER",1
--,"REBOUND OFF by CARTER,KESHONN",,,,,,,"REBOUND OFF by CARTER,KESHONN",1
02:46,"MISS LAYUP by CARTER,KESHONN",,,,,,,"MISS LAYUP by CARTER,KESHONN",1
02:46,,,,,"BLOCK  by ELLINGSWORTH,COLEMAN",,,"BLOCK  by ELLINGSWORTH,COLEMAN",1
--,REBOUND OFF by TEAM,,,,,,,REBOUND OFF by TEAM,1
02:40,"SUB IN by STONE,BRODY",,,,,,,"SUB IN by STONE,BRODY",1
02:40,"SUB IN by JONES,CODY",,,,,,,"SUB IN by JONES,CODY",1
02:40,"SUB OUT by BROWN,SETH",,,,,,,"SUB OUT by BROWN,SETH",1
02:40,"SUB OUT by BUESCHER,HUNTER",,,,,,,"SUB OUT by BUESCHER,HUNTER",1
02:40,,,,,"SUB IN by SCHERRMAN,BLAKE",,,"SUB IN by SCHERRMAN,BLAKE",1
02:40,,,,,"SUB OUT by FORTE,MCCARTY",,,"SUB OUT by FORTE,MCCARTY",1
02:16,"MISS LAYUP by JONES,CODY",,,,,,,"MISS LAYUP by JONES,CODY",1
--,,,,,REBOUND DEF by TEAM,,,REBOUND DEF by TEAM,1
02:16,"FOUL  by STONE,BRODY",,,,,,,"FOUL  by STONE,BRODY",1
02:06,,,,,"TURNOVER  by MCCLOUD,ALTON",,,"TURNOVER  by MCCLOUD,ALTON",1
02:05,"STEAL  by MCCULLOUGH,JACOB",,,,,,,"STEAL  by MCCULLOUGH,JACOB",1
02:02,"GOOD LAYUP by MCCULLOUGH,JACOB(fastbreak)(in the paint)",34 (+16),,18,,SEW-M 34-18 (+16),,"GOOD LAYUP by MCCULLOUGH,JACOB(fastbreak)(in the paint)",1
01:54,,34 (+14),,20,"GOOD LAYUP by SCHERRMAN,BLAKE(in the paint)",BCM 34-20 (+14),,"GOOD LAYUP by SCHERRMAN,BLAKE(in the paint)",1
01:37,"MISS JUMPER by MCCULLOUGH,JACOB",,,,,,,"MISS JUMPER by MCCULLOUGH,JACOB",1
--,,,,,"REBOUND DEF by ELLINGSWORTH,COLEMAN",,,"REBOUND DEF by ELLINGSWORTH,COLEMAN",1
01:28,,,,,"MISS 3PTR by JOHNSON,CALEB",,,"MISS 3PTR by JOHNSON,CALEB",1
--,,,,,"REBOUND OFF by ELLINGSWORTH,COLEMAN",,,"REBOUND OFF by ELLINGSWORTH,COLEMAN",1
01:22,,,,,"TURNOVER  by ELLINGSWORTH,COLEMAN",,,"TURNOVER  by ELLINGSWORTH,COLEMAN",1
01:21,"STEAL  by MCCULLOUGH,JACOB",,,,,,,"STEAL  by MCCULLOUGH,JACOB",1
01:15,"GOOD LAYUP by STONE,BRODY(fastbreak)(in the paint)",36 (+16),,20,,SEW-M 36-20 (+16),,"GOOD LAYUP by STONE,BRODY(fastbreak)(in the paint)",1
--,"ASSIST  by JONES,CODY",,,,,,,"ASSIST  by JONES,CODY",1
01:13,,,,,TIMEOUT 30SEC by TEAM,,,TIMEOUT 30SEC by TEAM,1
01:13,"SUB IN by TOME,MATT",,,,,,,"SUB IN by TOME,MATT",1
01:13,"SUB IN by CALDWELL,CAM",,,,,,,"SUB IN by CALDWELL,CAM",1
01:13,"SUB IN by STONE,BRODY",,,,,,,"SUB IN by STONE,BRODY",1
01:13,"SUB IN by CARTER,KESHONN",,,,,,,"SUB IN by CARTER,KESHONN",1
01:13,"SUB IN by BORN,CLAY",,,,,,,"SUB IN by BORN,CLAY",1
01:13,"SUB OUT by STONE,BRODY",,,,,,,"SUB OUT by STONE,BRODY",1
01:13,"SUB OUT by CARTER,KESHONN",,,,,,,"SUB OUT by CARTER,KESHONN",1
01:13,"SUB OUT by MCCULLOUGH,JACOB",,,,,,,"SUB OUT by MCCULLOUGH,JACOB",1
01:13,"SUB OUT by BORN,CLAY",,,,,,,"SUB OUT by BORN,CLAY",1
01:13,"SUB OUT by JONES,CODY",,,,,,,"SUB OUT by JONES,CODY",1
01:13,,,,,"SUB IN by FORTE,MCCARTY",,,"SUB IN by FORTE,MCCARTY",1
01:13,,,,,"SUB IN by SCHICK,BRANDON",,,"SUB IN by SCHICK,BRANDON",1
01:13,,,,,"SUB OUT by MCCLOUD,ALTON",,,"SUB OUT by MCCLOUD,ALTON",1
01:13,,,,,"SUB OUT by NEWKIRK,KAHLIL",,,"SUB OUT by NEWKIRK,KAHLIL",1
01:00,,36 (+13),,23,"GOOD 3PTR by JOHNSON,CALEB",BCM 36-23 (+13),,"GOOD 3PTR by JOHNSON,CALEB",1
--,,,,,"ASSIST  by SCHERRMAN,BLAKE",,,"ASSIST  by SCHERRMAN,BLAKE",1
00:39,"MISS LAYUP by CARTER,KESHONN",,,,,,,"MISS LAYUP by CARTER,KESHONN",1
--,,,,,"REBOUND DEF by SCHERRMAN,BLAKE",,,"REBOUND DEF by SCHERRMAN,BLAKE",1
00:30,,,,,"MISS 3PTR by SCHERRMAN,BLAKE",,,"MISS 3PTR by SCHERRMAN,BLAKE",1
--,,,,,REBOUND OFF by TEAM,,,REBOUND OFF by TEAM,1
00:22,,36 (+11),,25,"GOOD LAYUP by SCHERRMAN,BLAKE(in the paint)",BCM 36-25 (+11),,"GOOD LAYUP by SCHERRMAN,BLAKE(in the paint)",1
00:12,"SUB IN by JONES,CODY",,,,,,,"SUB IN by JONES,CODY",1
00:12,"SUB OUT by CALDWELL,CAM",,,,,,,"SUB OUT by CALDWELL,CAM",1
00:00,"MISS 3PTR by JONES,CODY",,,,,,,"MISS 3PTR by JONES,CODY",1
--,,,,,REBOUND DEADB by TEAM,,,REBOUND DEADB by TEAM,1
19:24,,,,,"MISS LAYUP by MCCLOUD,ALTON",,,"MISS LAYUP by MCCLOUD,ALTON",2
19:24,"BLOCK  by CARTER,KESHONN",,,,,,,"BLOCK  by CARTER,KESHONN",2
--,"REBOUND DEF by STONE,BRODY",,,,,,,"REBOUND DEF by STONE,BRODY",2
19:12,,,,,"FOUL  by KORN,LUKAS",,,"FOUL  by KORN,LUKAS",2
19:10,"GOOD FT by CARTER,KESHONN",37 (+12),,25,,SEW-M 37-25 (+12),,"GOOD FT by CARTER,KESHONN",2
19:01,"MISS FT by CARTER,KESHONN",,,,,,,"MISS FT by CARTER,KESHONN",2
--,,,,,"REBOUND DEF by MCCLOUD,ALTON",,,"REBOUND DEF by MCCLOUD,ALTON",2
18:46,,,,,"MISS 3PTR by KORN,LUKAS",,,"MISS 3PTR by KORN,LUKAS",2
--,"REBOUND DEF by CARTER,KESHONN",,,,,,,"REBOUND DEF by CARTER,KESHONN",2
18:46,,,,,"FOUL  by MCCLOUD,ALTON",,,"FOUL  by MCCLOUD,ALTON",2
18:39,"TURNOVER  by BORN,CLAY",,,,,,,"TURNOVER  by BORN,CLAY",2
18:37,,,,,"MISS LAYUP by SCHERRMAN,BLAKE",,,"MISS LAYUP by SCHERRMAN,BLAKE",2
--,"REBOUND DEF by CARTER,KESHONN",,,,,,,"REBOUND DEF by CARTER,KESHONN",2
18:17,,,,,"FOUL  by MCCLOUD,LEE",,,"FOUL  by MCCLOUD,LEE",2
17:57,"GOOD 3PTR by JONES,CODY",40 (+15),,25,,SEW-M 40-25 (+15),,"GOOD 3PTR by JONES,CODY",2
--,"ASSIST  by MCCULLOUGH,JACOB",,,,,,,"ASSIST  by MCCULLOUGH,JACOB",2
17:44,,,,,"MISS 3PTR by SCHERRMAN,BLAKE",,,"MISS 3PTR by SCHERRMAN,BLAKE",2
--,REBOUND DEF by TEAM,,,,,,,REBOUND DEF by TEAM,2
17:19,"TURNOVER  by JONES,CODY",,,,,,,"TURNOVER  by JONES,CODY",2
17:18,,,,,"STEAL  by MCCLOUD,LEE",,,"STEAL  by MCCLOUD,LEE",2
17:12,,,,,"MISS LAYUP by JOHNSON,CALEB",,,"MISS LAYUP by JOHNSON,CALEB",2
--,"REBOUND DEF by STONE,BRODY",,,,,,,"REBOUND DEF by STONE,BRODY",2
17:05,"MISS 3PTR by BORN,CLAY",,,,,,,"MISS 3PTR by BORN,CLAY",2
--,"REBOUND OFF by MCCULLOUGH,JACOB",,,,,,,"REBOUND OFF by MCCULLOUGH,JACOB",2
16:53,"TURNOVER  by MCCULLOUGH,JACOB",,,,,,,"TURNOVER  by MCCULLOUGH,JACOB",2
16:52,,,,,"STEAL  by MCCLOUD,LEE",,,"STEAL  by MCCLOUD,LEE",2
16:49,,,,,"TURNOVER  by KORN,LUKAS",,,"TURNOVER  by KORN,LUKAS",2
16:49,,,,,"SUB IN by MARDER,NICK",,,"SUB IN by MARDER,NICK",2
16:49,,,,,"SUB OUT by MCCLOUD,LEE",,,"SUB OUT by MCCLOUD,LEE",2
16:17,"MISS LAYUP by CARTER,KESHONN",,,,,,,"MISS LAYUP by CARTER,KESHONN",2
--,"REBOUND OFF by STONE,BRODY",,,,,,,"REBOUND OFF by STONE,BRODY",2
16:14,"GOOD LAYUP by STONE,BRODY(in the paint)",42 (+17),,25,,SEW-M 42-25 (+17),,"GOOD LAYUP by STONE,BRODY(in the paint)",2
16:04,,,,,"MISS 3PTR by SCHERRMAN,BLAKE",,,"MISS 3PTR by SCHERRMAN,BLAKE",2
--,,,,,"REBOUND OFF by MARDER,NICK",,,"REBOUND OFF by MARDER,NICK",2
15:54,"FOUL  by JONES,CODY",,,,,,,"FOUL  by JONES,CODY",2
15:54,,42 (+16),,26,"GOOD FT by JOHNSON,CALEB",BCM 42-26 (+16),,"GOOD FT by JOHNSON,CALEB",2
15:54,,,,,"MISS FT by JOHNSON,CALEB",,,"MISS FT by JOHNSON,CALEB",2
--,"REBOUND DEF by CARTER,KESHONN",,,,,,,"REBOUND DEF by CARTER,KESHONN",2
15:54,"SUB IN by TOME,MATT",,,,,,,"SUB IN by TOME,MATT",2
15:54,"SUB OUT by JONES,CODY",,,,,,,"SUB OUT by JONES,CODY",2
15:54,,,,,"SUB IN by ELLINGSWORTH,COLEMAN",,,"SUB IN by ELLINGSWORTH,COLEMAN",2
15:54,,,,,"SUB OUT by MCCLOUD,ALTON",,,"SUB OUT by MCCLOUD,ALTON",2
15:38,"TURNOVER  by STONE,BRODY",,,,,,,"TURNOVER  by STONE,BRODY",2
15:37,,,,,"STEAL  by JOHNSON,CALEB",,,"STEAL  by JOHNSON,CALEB",2
15:35,,42 (+14),,28,"GOOD LAYUP by JOHNSON,CALEB(fastbreak)(in the paint)",BCM 42-28 (+14),,"GOOD LAYUP by JOHNSON,CALEB(fastbreak)(in the paint)",2
15:32,,,,,"SUB IN by MCCLOUD,LEE",,,"SUB IN by MCCLOUD,LEE",2
15:32,,,,,"SUB OUT by SCHERRMAN,BLAKE",,,"SUB OUT by SCHERRMAN,BLAKE",2
15:29,,,,,"FOUL  by MARDER,NICK",,,"FOUL  by MARDER,NICK",2
15:11,"FOUL  by TOME,MATT",,,,,,,"FOUL  by TOME,MATT",2
15:11,"TURNOVER  by TOME,MATT",,,,,,,"TURNOVER  by TOME,MATT",2
15:06,,,,,"MISS 3PTR by MCCLOUD,LEE",,,"MISS 3PTR by MCCLOUD,LEE",2
--,,,,,"REBOUND OFF by JOHNSON,CALEB",,,"REBOUND OFF by JOHNSON,CALEB",2
14:48,"FOUL  by CARTER,KESHONN",,,,,,,"FOUL  by CARTER,KESHONN",2
14:48,,42 (+13),,29,"GOOD FT by MARDER,NICK",BCM 42-29 (+13),,"GOOD FT by MARDER,NICK",2
14:48,,42 (+12),,30,"GOOD FT by MARDER,NICK",BCM 42-30 (+12),,"GOOD FT by MARDER,NICK",2
14:48,"SUB IN by BROWN,SETH",,,,,,,"SUB IN by BROWN,SETH",2
14:48,"SUB IN by BUESCHER,HUNTER",,,,,,,"SUB IN by BUESCHER,HUNTER",2
14:48,"SUB OUT by STONE,BRODY",,,,,,,"SUB OUT by STONE,BRODY",2
14:48,"SUB OUT by MCCULLOUGH,JACOB",,,,,,,"SUB OUT by MCCULLOUGH,JACOB",2
14:48,,,,,"SUB IN by SCHICK,BRANDON",,,"SUB IN by SCHICK,BRANDON",2
14:48,,,,,"SUB OUT by KORN,LUKAS",,,"SUB OUT by KORN,LUKAS",2
14:29,"GOOD JUMPER by CARTER,KESHONN",44 (+14),,30,,SEW-M 44-30 (+14),,"GOOD JUMPER by CARTER,KESHONN",2
14:17,,44 (+11),,33,"GOOD 3PTR by JOHNSON,CALEB",BCM 44-33 (+11),,"GOOD 3PTR by JOHNSON,CALEB",2
--,,,,,"ASSIST  by SCHICK,BRANDON",,,"ASSIST  by SCHICK,BRANDON",2
13:44,"MISS 3PTR by BUESCHER,HUNTER",,,,,,,"MISS 3PTR by BUESCHER,HUNTER",2
--,,,,,REBOUND DEF by TEAM,,,REBOUND DEF by TEAM,2
13:44,"SUB IN by STONE,BRODY",,,,,,,"SUB IN by STONE,BRODY",2
13:44,"SUB IN by JONES,CODY",,,,,,,"SUB IN by JONES,CODY",2
13:44,"SUB OUT by CARTER,KESHONN",,,,,,,"SUB OUT by CARTER,KESHONN",2
13:44,"SUB OUT by BORN,CLAY",,,,,,,"SUB OUT by BORN,CLAY",2
13:44,,,,,"SUB IN by SCHERRMAN,BLAKE",,,"SUB IN by SCHERRMAN,BLAKE",2
13:44,,,,,"SUB OUT by MARDER,NICK",,,"SUB OUT by MARDER,NICK",2
13:29,,,,,"MISS LAYUP by ELLINGSWORTH,COLEMAN",,,"MISS LAYUP by ELLINGSWORTH,COLEMAN",2
--,REBOUND DEF by TEAM,,,,,,,REBOUND DEF by TEAM,2
13:23,,,,,"FOUL  by SCHICK,BRANDON",,,"FOUL  by SCHICK,BRANDON",2
13:18,,,,,"FOUL  by SCHICK,BRANDON",,,"FOUL  by SCHICK,BRANDON",2
13:18,"GOOD FT by BROWN,SETH",45 (+12),,33,,SEW-M 45-33 (+12),,"GOOD FT by BROWN,SETH",2
13:18,"MISS FT by BROWN,SETH",,,,,,,"MISS FT by BROWN,SETH",2
--,,,,,"REBOUND DEF by ELLINGSWORTH,COLEMAN",,,"REBOUND DEF by ELLINGSWORTH,COLEMAN",2
13:01,"FOUL  by BUESCHER,HUNTER",,,,,,,"FOUL  by BUESCHER,HUNTER",2
13:01,"SUB IN by MCCULLOUGH,JACOB",,,,,,,"SUB IN by MCCULLOUGH,JACOB",2
13:01,"SUB OUT by BUESCHER,HUNTER",,,,,,,"SUB OUT by BUESCHER,HUNTER",2
13:01,,,,,"SUB IN by MARDER,NICK",,,"SUB IN by MARDER,NICK",2
13:01,,,,,"SUB OUT by SCHICK,BRANDON",,,"SUB OUT by SCHICK,BRANDON",2
12:55,,,,,TIMEOUT 20SEC by TEAM,,,TIMEOUT 20SEC by TEAM,2
12:47,,45 (+9),,36,"GOOD 3PTR by SCHERRMAN,BLAKE",BCM 45-36 (+9),,"GOOD 3PTR by SCHERRMAN,BLAKE",2
--,,,,,"ASSIST  by MARDER,NICK",,,"ASSIST  by MARDER,NICK",2
12:32,"GOOD LAYUP by BROWN,SETH(in the paint)",47 (+11),,36,,SEW-M 47-36 (+11),,"GOOD LAYUP by BROWN,SETH(in the paint)",2
--,"ASSIST  by TOME,MATT",,,,,,,"ASSIST  by TOME,MATT",2
12:21,"FOUL  by MCCULLOUGH,JACOB",,,,,,,"FOUL  by MCCULLOUGH,JACOB",2
12:21,"SUB IN by BORN,CLAY",,,,,,,"SUB IN by BORN,CLAY",2
12:21,"SUB OUT by TOME,MATT",,,,,,,"SUB OUT by TOME,MATT",2
12:14,,,,,"MISS 3PTR by JOHNSON,CALEB",,,"MISS 3PTR by JOHNSON,CALEB",2
--,"REBOUND DEF by BORN,CLAY",,,,,,,"REBOUND DEF by BORN,CLAY",2
12:06,TIMEOUT 30SEC by TEAM,,,,,,,TIMEOUT 30SEC by TEAM,2
11:44,,,,,"FOUL  by MARDER,NICK",,,"FOUL  by MARDER,NICK",2
11:44,"GOOD FT by JONES,CODY",48 (+12),,36,,SEW-M 48-36 (+12),,"GOOD FT by JONES,CODY",2
11:44,"GOOD FT by JONES,CODY",49 (+13),,36,,SEW-M 49-36 (+13),,"GOOD FT by JONES,CODY",2
11:44,"GOOD FT by JONES,CODY",50 (+14),,36,,SEW-M 50-36 (+14),,"GOOD FT by JONES,CODY",2
11:44,"SUB IN by CARTER,KESHONN",,,,,,,"SUB IN by CARTER,KESHONN",2
11:44,"SUB OUT by BROWN,SETH",,,,,,,"SUB OUT by BROWN,SETH",2
11:29,"FOUL  by STONE,BRODY",,,,,,,"FOUL  by STONE,BRODY",2
11:29,,,,,"MISS FT by JOHNSON,CALEB",,,"MISS FT by JOHNSON,CALEB",2
--,,,,,REBOUND DEADB by TEAM,,,REBOUND DEADB by TEAM,2
11:29,,50 (+13),,37,"GOOD FT by JOHNSON,CALEB",BCM 50-37 (+13),,"GOOD FT by JOHNSON,CALEB",2
11:29,,,,,"SUB IN by KORN,LUKAS",,,"SUB IN by KORN,LUKAS",2
11:29,,,,,"SUB OUT by ELLINGSWORTH,COLEMAN",,,"SUB OUT by ELLINGSWORTH,COLEMAN",2
11:19,"TURNOVER  by MCCULLOUGH,JACOB",,,,,,,"TURNOVER  by MCCULLOUGH,JACOB",2
11:18,,,,,"STEAL  by JOHNSON,CALEB",,,"STEAL  by JOHNSON,CALEB",2
11:15,,50 (+11),,39,"GOOD LAYUP by JOHNSON,CALEB(fastbreak)(in the paint)",BCM 50-39 (+11),,"GOOD LAYUP by JOHNSON,CALEB(fastbreak)(in the paint)",2
11:00,"GOOD LAYUP by MCCULLOUGH,JACOB(fastbreak)(in the paint)",52 (+13),,39,,SEW-M 52-39 (+13),,"GOOD LAYUP by MCCULLOUGH,JACOB(fastbreak)(in the paint)",2
10:53,,,,,"MISS LAYUP by MARDER,NICK",,,"MISS LAYUP by MARDER,NICK",2
--,"REBOUND DEF by STONE,BRODY",,,,,,,"REBOUND DEF by STONE,BRODY",2
10:41,"TURNOVER  by JONES,CODY",,,,,,,"TURNOVER  by JONES,CODY",2
10:35,,,,,"MISS LAYUP by SCHERRMAN,BLAKE",,,"MISS LAYUP by SCHERRMAN,BLAKE",2
--,,,,,"REBOUND OFF by KORN,LUKAS",,,"REBOUND OFF by KORN,LUKAS",2
10:31,,,,,"MISS 3PTR by JOHNSON,CALEB",,,"MISS 3PTR by JOHNSON,CALEB",2
--,,,,,"REBOUND OFF by SCHERRMAN,BLAKE",,,"REBOUND OFF by SCHERRMAN,BLAKE",2
10:27,,52 (+11),,41,"GOOD LAYUP by SCHERRMAN,BLAKE(in the paint)",BCM 52-41 (+11),,"GOOD LAYUP by SCHERRMAN,BLAKE(in the paint)",2
10:17,"GOOD DUNK by STONE,BRODY(fastbreak)(in the paint)",54 (+13),,41,,SEW-M 54-41 (+13),,"GOOD DUNK by STONE,BRODY(fastbreak)(in the paint)",2
--,"ASSIST  by CARTER,KESHONN",,,,,,,"ASSIST  by CARTER,KESHONN",2
09:56,,54 (+11),,43,"GOOD LAYUP by KORN,LUKAS(in the paint)",BCM 54-43 (+11),,"GOOD LAYUP by KORN,LUKAS(in the paint)",2
09:50,,,,,"FOUL  by SCHERRMAN,BLAKE",,,"FOUL  by SCHERRMAN,BLAKE",2
09:50,"GOOD FT by BORN,CLAY",55 (+12),,43,,SEW-M 55-43 (+12),,"GOOD FT by BORN,CLAY",2
09:50,"GOOD FT by BORN,CLAY",56 (+13),,43,,SEW-M 56-43 (+13),,"GOOD FT by BORN,CLAY",2
09:50,,,,,"SUB IN by MCCLOUD,ALTON",,,"SUB IN by MCCLOUD,ALTON",2
09:50,,,,,"SUB OUT by MARDER,NICK",,,"SUB OUT by MARDER,NICK",2
09:34,,,,,"MISS LAYUP by MCCLOUD,LEE",,,"MISS LAYUP by MCCLOUD,LEE",2
09:34,"BLOCK  by CARTER,KESHONN",,,,,,,"BLOCK  by CARTER,KESHONN",2
--,,,,,"REBOUND OFF by MCCLOUD,LEE",,,"REBOUND OFF by MCCLOUD,LEE",2
09:25,"FOUL  by MCCULLOUGH,JACOB",,,,,,,"FOUL  by MCCULLOUGH,JACOB",2
09:25,,,,,"MISS FT by JOHNSON,CALEB",,,"MISS FT by JOHNSON,CALEB",2
--,"REBOUND DEF by MCCULLOUGH,JACOB",,,,,,,"REBOUND DEF by MCCULLOUGH,JACOB",2
09:19,"GOOD 3PTR by BORN,CLAY(fastbreak)(in the paint)",59 (+16),,43,,SEW-M 59-43 (+16),,"GOOD 3PTR by BORN,CLAY(fastbreak)(in the paint)",2
--,"ASSIST  by MCCULLOUGH,JACOB",,,,,,,"ASSIST  by MCCULLOUGH,JACOB",2
09:10,,59 (+14),,45,"GOOD LAYUP by JOHNSON,CALEB(fastbreak)(in the paint)",BCM 59-45 (+14),,"GOOD LAYUP by JOHNSON,CALEB(fastbreak)(in the paint)",2
09:08,,,,,TIMEOUT TEAM by TEAM,,,TIMEOUT TEAM by TEAM,2
08:45,"GOOD 3PTR by JONES,CODY",62 (+17),,45,,SEW-M 62-45 (+17),,"GOOD 3PTR by JONES,CODY",2
--,"ASSIST  by CARTER,KESHONN",,,,,,,"ASSIST  by CARTER,KESHONN",2
08:29,,,,,"MISS LAYUP by MCCLOUD,ALTON",,,"MISS LAYUP by MCCLOUD,ALTON",2
--,,,,,"REBOUND OFF by KORN,LUKAS",,,"REBOUND OFF by KORN,LUKAS",2
08:28,"FOUL  by BORN,CLAY",,,,,,,"FOUL  by BORN,CLAY",2
08:28,,62 (+16),,46,"GOOD FT by KORN,LUKAS",BCM 62-46 (+16),,"GOOD FT by KORN,LUKAS",2
08:28,,62 (+15),,47,"GOOD FT by KORN,LUKAS",BCM 62-47 (+15),,"GOOD FT by KORN,LUKAS",2
08:28,"SUB IN by JONES,CODY",,,,,,,"SUB IN by JONES,CODY",2
08:28,"SUB IN by TOME,MATT",,,,,,,"SUB IN by TOME,MATT",2
08:28,"SUB IN by BROWN,SETH",,,,,,,"SUB IN by BROWN,SETH",2
08:28,"SUB OUT by BORN,CLAY",,,,,,,"SUB OUT by BORN,CLAY",2
08:28,"SUB OUT by STONE,BRODY",,,,,,,"SUB OUT by STONE,BRODY",2
08:28,"SUB OUT by JONES,CODY",,,,,,,"SUB OUT by JONES,CODY",2
08:28,,,,,"SUB IN by MARDER,NICK",,,"SUB IN by MARDER,NICK",2
08:28,,,,,"SUB OUT by KORN,LUKAS",,,"SUB OUT by KORN,LUKAS",2
08:18,"TURNOVER  by TOME,MATT",,,,,,,"TURNOVER  by TOME,MATT",2
08:17,,,,,"STEAL  by MARDER,NICK",,,"STEAL  by MARDER,NICK",2
08:13,,,,,"TURNOVER  by MARDER,NICK",,,"TURNOVER  by MARDER,NICK",2
08:12,"STEAL  by TOME,MATT",,,,,,,"STEAL  by TOME,MATT",2
08:08,,,,,"FOUL  by JOHNSON,CALEB",,,"FOUL  by JOHNSON,CALEB",2
08:08,"GOOD FT by CARTER,KESHONN",63 (+16),,47,,SEW-M 63-47 (+16),,"GOOD FT by CARTER,KESHONN",2
08:08,"GOOD FT by CARTER,KESHONN",64 (+17),,47,,SEW-M 64-47 (+17),,"GOOD FT by CARTER,KESHONN",2
07:57,,,,,"MISS LAYUP by MCCLOUD,LEE",,,"MISS LAYUP by MCCLOUD,LEE",2
--,"REBOUND DEF by BROWN,SETH",,,,,,,"REBOUND DEF by BROWN,SETH",2
07:50,"TURNOVER  by MCCULLOUGH,JACOB",,,,,,,"TURNOVER  by MCCULLOUGH,JACOB",2
07:48,,,,,"STEAL  by JOHNSON,CALEB",,,"STEAL  by JOHNSON,CALEB",2
07:47,"FOUL  by BROWN,SETH",,,,,,,"FOUL  by BROWN,SETH",2
07:47,,64 (+16),,48,"GOOD FT by JOHNSON,CALEB",BCM 64-48 (+16),,"GOOD FT by JOHNSON,CALEB",2
07:47,,,,,"MISS FT by JOHNSON,CALEB",,,"MISS FT by JOHNSON,CALEB",2
--,"REBOUND DEF by CARTER,KESHONN",,,,,,,"REBOUND DEF by CARTER,KESHONN",2
07:37,"TURNOVER  by MCCULLOUGH,JACOB",,,,,,,"TURNOVER  by MCCULLOUGH,JACOB",2
07:37,"SUB IN by STONE,BRODY",,,,,,,"SUB IN by STONE,BRODY",2
07:37,"SUB OUT by CARTER,KESHONN",,,,,,,"SUB OUT by CARTER,KESHONN",2
07:37,,,,,"SUB IN by KORN,LUKAS",,,"SUB IN by KORN,LUKAS",2
07:37,,,,,"SUB OUT by JOHNSON,CALEB",,,"SUB OUT by JOHNSON,CALEB",2
07:27,,,,,"TURNOVER  by MCCLOUD,LEE",,,"TURNOVER  by MCCLOUD,LEE",2
07:20,"TURNOVER  by STONE,BRODY",,,,,,,"TURNOVER  by STONE,BRODY",2
07:19,,,,,"STEAL  by MCCLOUD,LEE",,,"STEAL  by MCCLOUD,LEE",2
07:19,,,,,"TURNOVER  by MCCLOUD,LEE",,,"TURNOVER  by MCCLOUD,LEE",2
07:05,"TURNOVER  by STONE,BRODY",,,,,,,"TURNOVER  by STONE,BRODY",2
07:05,"SUB IN by CARTER,KESHONN",,,,,,,"SUB IN by CARTER,KESHONN",2
07:05,"SUB OUT by STONE,BRODY",,,,,,,"SUB OUT by STONE,BRODY",2
07:05,,,,,"SUB IN by JOHNSON,CALEB",,,"SUB IN by JOHNSON,CALEB",2
07:05,,,,,"SUB OUT by KORN,LUKAS",,,"SUB OUT by KORN,LUKAS",2
06:53,"FOUL  by BROWN,SETH",,,,,,,"FOUL  by BROWN,SETH",2
06:53,,,,,TIMEOUT 20SEC by TEAM,,,TIMEOUT 20SEC by TEAM,2
06:53,,64 (+15),,49,"GOOD FT by MCCLOUD,ALTON",BCM 64-49 (+15),,"GOOD FT by MCCLOUD,ALTON",2
06:53,,,,,"MISS FT by MCCLOUD,ALTON",,,"MISS FT by MCCLOUD,ALTON",2
--,"REBOUND DEF by MCCULLOUGH,JACOB",,,,,,,"REBOUND DEF by MCCULLOUGH,JACOB",2
06:53,"SUB IN by BORN,CLAY",,,,,,,"SUB IN by BORN,CLAY",2
06:53,"SUB OUT by JONES,CODY",,,,,,,"SUB OUT by JONES,CODY",2
06:46,"GOOD LAYUP by BORN,CLAY(fastbreak)(in the paint)",66 (+17),,49,,SEW-M 66-49 (+17),,"GOOD LAYUP by BORN,CLAY(fastbreak)(in the paint)",2
--,"ASSIST  by MCCULLOUGH,JACOB",,,,,,,"ASSIST  by MCCULLOUGH,JACOB",2
06:24,,,,,"MISS 3PTR by MCCLOUD,LEE",,,"MISS 3PTR by MCCLOUD,LEE",2
--,,,,,"REBOUND OFF by MCCLOUD,ALTON",,,"REBOUND OFF by MCCLOUD,ALTON",2
06:22,,66 (+15),,51,"GOOD LAYUP by MCCLOUD,ALTON(in the paint)",BCM 66-51 (+15),,"GOOD LAYUP by MCCLOUD,ALTON(in the paint)",2
06:20,,,,,TIMEOUT TEAM by TEAM,,,TIMEOUT TEAM by TEAM,2
06:20,"SUB IN by STONE,BRODY",,,,,,,"SUB IN by STONE,BRODY",2
06:20,"SUB OUT by BROWN,SETH",,,,,,,"SUB OUT by BROWN,SETH",2
06:01,"TURNOVER  by MCCULLOUGH,JACOB",,,,,,,"TURNOVER  by MCCULLOUGH,JACOB",2
06:00,,,,,"STEAL  by MCCLOUD,LEE",,,"STEAL  by MCCLOUD,LEE",2
05:57,,66 (+13),,53,"GOOD LAYUP by MCCLOUD,LEE(fastbreak)(in the paint)",BCM 66-53 (+13),,"GOOD LAYUP by MCCLOUD,LEE(fastbreak)(in the paint)",2
05:32,"SUB IN by JONES,CODY",,,,,,,"SUB IN by JONES,CODY",2
05:32,"SUB OUT by TOME,MATT",,,,,,,"SUB OUT by TOME,MATT",2
05:32,,,,,"SUB IN by KORN,LUKAS",,,"SUB IN by KORN,LUKAS",2
05:32,,,,,"SUB OUT by SCHERRMAN,BLAKE",,,"SUB OUT by SCHERRMAN,BLAKE",2
05:29,"FOUL  by BORN,CLAY",,,,,,,"FOUL  by BORN,CLAY",2
05:29,"TURNOVER  by BORN,CLAY",,,,,,,"TURNOVER  by BORN,CLAY",2
05:13,,,,,"FOUL  by JOHNSON,CALEB",,,"FOUL  by JOHNSON,CALEB",2
05:13,,,,,"TURNOVER  by JOHNSON,CALEB",,,"TURNOVER  by JOHNSON,CALEB",2
05:13,,,,,"SUB IN by SCHERRMAN,BLAKE",,,"SUB IN by SCHERRMAN,BLAKE",2
05:13,,,,,"SUB OUT by JOHNSON,CALEB",,,"SUB OUT by JOHNSON,CALEB",2
05:11,"TURNOVER  by CARTER,KESHONN",,,,,,,"TURNOVER  by CARTER,KESHONN",2
05:10,,,,,"STEAL  by MCCLOUD,LEE",,,"STEAL  by MCCLOUD,LEE",2
05:07,,66 (+10),,56,"GOOD 3PTR by MCCLOUD,ALTON",BCM 66-56 (+10),,"GOOD 3PTR by MCCLOUD,ALTON",2
--,,,,,"ASSIST  by MCCLOUD,LEE",,,"ASSIST  by MCCLOUD,LEE",2
04:54,,,,,"FOUL  by MCCLOUD,LEE",,,"FOUL  by MCCLOUD,LEE",2
04:54,"GOOD FT by MCCULLOUGH,JACOB",67 (+11),,56,,SEW-M 67-56 (+11),,"GOOD FT by MCCULLOUGH,JACOB",2
04:54,"GOOD FT by MCCULLOUGH,JACOB",68 (+12),,56,,SEW-M 68-56 (+12),,"GOOD FT by MCCULLOUGH,JACOB",2
04:54,,,,,"SUB IN by JOHNSON,CALEB",,,"SUB IN by JOHNSON,CALEB",2
04:54,,,,,"SUB OUT by KORN,LUKAS",,,"SUB OUT by KORN,LUKAS",2
04:46,,,,,"MISS 3PTR by SCHERRMAN,BLAKE",,,"MISS 3PTR by SCHERRMAN,BLAKE",2
--,,,,,"REBOUND OFF by JOHNSON,CALEB",,,"REBOUND OFF by JOHNSON,CALEB",2
04:42,"FOUL  by BORN,CLAY",,,,,,,"FOUL  by BORN,CLAY",2
04:42,,,,,"MISS FT by JOHNSON,CALEB",,,"MISS FT by JOHNSON,CALEB",2
--,,,,,REBOUND DEADB by TEAM,,,REBOUND DEADB by TEAM,2
04:42,,,,,"MISS FT by JOHNSON,CALEB",,,"MISS FT by JOHNSON,CALEB",2
--,"REBOUND DEF by JONES,CODY",,,,,,,"REBOUND DEF by JONES,CODY",2
04:42,"SUB IN by BUESCHER,HUNTER",,,,,,,"SUB IN by BUESCHER,HUNTER",2
04:42,"SUB OUT by BORN,CLAY",,,,,,,"SUB OUT by BORN,CLAY",2
04:28,"FOUL  by JONES,CODY",,,,,,,"FOUL  by JONES,CODY",2
04:28,"TURNOVER  by JONES,CODY",,,,,,,"TURNOVER  by JONES,CODY",2
04:11,,,,,"MISS 3PTR by JOHNSON,CALEB",,,"MISS 3PTR by JOHNSON,CALEB",2
--,"REBOUND DEF by JONES,CODY",,,,,,,"REBOUND DEF by JONES,CODY",2
04:03,"TURNOVER  by JONES,CODY",,,,,,,"TURNOVER  by JONES,CODY",2
04:01,,,,,"STEAL  by MCCLOUD,ALTON",,,"STEAL  by MCCLOUD,ALTON",2
03:59,,,,,"TURNOVER  by MARDER,NICK",,,"TURNOVER  by MARDER,NICK",2
03:58,"STEAL  by STONE,BRODY",,,,,,,"STEAL  by STONE,BRODY",2
03:47,TIMEOUT TEAM by TEAM,,,,,,,TIMEOUT TEAM by TEAM,2
03:47,"SUB IN by BORN,CLAY",,,,,,,"SUB IN by BORN,CLAY",2
03:47,"SUB OUT by BUESCHER,HUNTER",,,,,,,"SUB OUT by BUESCHER,HUNTER",2
03:37,,,,,"FOUL  by MCCLOUD,LEE",,,"FOUL  by MCCLOUD,LEE",2
03:37,"MISS FT by JONES,CODY",,,,,,,"MISS FT by JONES,CODY",2
--,REBOUND DEADB by TEAM,,,,,,,REBOUND DEADB by TEAM,2
03:37,"MISS FT by JONES,CODY",,,,,,,"MISS FT by JONES,CODY",2
--,,,,,"REBOUND DEF by MCCLOUD,ALTON",,,"REBOUND DEF by MCCLOUD,ALTON",2
03:37,,,,,"SUB IN by KORN,LUKAS",,,"SUB IN by KORN,LUKAS",2
03:37,,,,,"SUB OUT by MCCLOUD,LEE",,,"SUB OUT by MCCLOUD,LEE",2
03:26,"FOUL  by MCCULLOUGH,JACOB",,,,,,,"FOUL  by MCCULLOUGH,JACOB",2
03:26,,,,,"MISS FT by JOHNSON,CALEB",,,"MISS FT by JOHNSON,CALEB",2
--,,,,,REBOUND DEADB by TEAM,,,REBOUND DEADB by TEAM,2
03:26,,,,,"MISS FT by JOHNSON,CALEB",,,"MISS FT by JOHNSON,CALEB",2
--,,,,,"REBOUND OFF by MCCLOUD,ALTON",,,"REBOUND OFF by MCCLOUD,ALTON",2
03:22,,,,,"MISS 3PTR by SCHERRMAN,BLAKE",,,"MISS 3PTR by SCHERRMAN,BLAKE",2
--,"REBOUND DEF by MCCULLOUGH,JACOB",,,,,,,"REBOUND DEF by MCCULLOUGH,JACOB",2
03:13,,,,,"SUB IN by ELLINGSWORTH,COLEMAN",,,"SUB IN by ELLINGSWORTH,COLEMAN",2
03:13,,,,,"SUB OUT by MCCLOUD,ALTON",,,"SUB OUT by MCCLOUD,ALTON",2
03:03,"MISS LAYUP by JONES,CODY",,,,,,,"MISS LAYUP by JONES,CODY",2
--,"REBOUND OFF by STONE,BRODY",,,,,,,"REBOUND OFF by STONE,BRODY",2
03:01,,,,,"FOUL  by MARDER,NICK",,,"FOUL  by MARDER,NICK",2
03:01,"MISS FT by STONE,BRODY",,,,,,,"MISS FT by STONE,BRODY",2
--,REBOUND DEADB by TEAM,,,,,,,REBOUND DEADB by TEAM,2
03:01,"GOOD FT by STONE,BRODY",69 (+13),,56,,SEW-M 69-56 (+13),,"GOOD FT by STONE,BRODY",2
03:01,,,,,"SUB IN by FORTE,MCCARTY",,,"SUB IN by FORTE,MCCARTY",2
03:01,,,,,"SUB IN by MCCLOUD,ALTON",,,"SUB IN by MCCLOUD,ALTON",2
03:01,,,,,"SUB OUT by MCCLOUD,ALTON",,,"SUB OUT by MCCLOUD,ALTON",2
03:01,,,,,"SUB OUT by MARDER,NICK",,,"SUB OUT by MARDER,NICK",2
02:44,,,,,"MISS 3PTR by KORN,LUKAS",,,"MISS 3PTR by KORN,LUKAS",2
--,"REBOUND DEF by CARTER,KESHONN",,,,,,,"REBOUND DEF by CARTER,KESHONN",2
02:44,"TURNOVER  by CARTER,KESHONN",,,,,,,"TURNOVER  by CARTER,KESHONN",2
02:43,,,,,"MISS LAYUP by SCHERRMAN,BLAKE",,,"MISS LAYUP by SCHERRMAN,BLAKE",2
--,"REBOUND DEF by STONE,BRODY",,,,,,,"REBOUND DEF by STONE,BRODY",2
02:43,,,,,"FOUL  by SCHERRMAN,BLAKE",,,"FOUL  by SCHERRMAN,BLAKE",2
02:43,"MISS FT by STONE,BRODY",,,,,,,"MISS FT by STONE,BRODY",2
--,REBOUND DEADB by TEAM,,,,,,,REBOUND DEADB by TEAM,2
02:40,"GOOD FT by STONE,BRODY",70 (+14),,56,,SEW-M 70-56 (+14),,"GOOD FT by STONE,BRODY",2
02:27,"FOUL  by JONES,CODY",,,,,,,"FOUL  by JONES,CODY",2
02:27,,70 (+13),,57,"GOOD FT by FORTE,MCCARTY",BCM 70-57 (+13),,"GOOD FT by FORTE,MCCARTY",2
02:27,,70 (+12),,58,"GOOD FT by FORTE,MCCARTY",BCM 70-58 (+12),,"GOOD FT by FORTE,MCCARTY",2
02:27,"SUB IN by TOME,MATT",,,,,,,"SUB IN by TOME,MATT",2
02:27,"SUB OUT by JONES,CODY",,,,,,,"SUB OUT by JONES,CODY",2
02:27,,,,,"SUB IN by MCCLOUD,ALTON",,,"SUB IN by MCCLOUD,ALTON",2
02:27,,,,,"SUB OUT by FORTE,MCCARTY",,,"SUB OUT by FORTE,MCCARTY",2
02:18,"FOUL  by CARTER,KESHONN",,,,,,,"FOUL  by CARTER,KESHONN",2
02:18,"TURNOVER  by CARTER,KESHONN",,,,,,,"TURNOVER  by CARTER,KESHONN",2
02:18,,,,,"SUB IN by FORTE,MCCARTY",,,"SUB IN by FORTE,MCCARTY",2
02:18,,,,,"SUB OUT by MCCLOUD,ALTON",,,"SUB OUT by MCCLOUD,ALTON",2
02:09,,,,,"MISS LAYUP by JOHNSON,CALEB",,,"MISS LAYUP by JOHNSON,CALEB",2
--,"REBOUND DEF by MCCULLOUGH,JACOB",,,,,,,"REBOUND DEF by MCCULLOUGH,JACOB",2
01:44,"MISS LAYUP by TOME,MATT",,,,,,,"MISS LAYUP by TOME,MATT",2
--,"REBOUND OFF by CARTER,KESHONN",,,,,,,"REBOUND OFF by CARTER,KESHONN",2
01:43,,,,,"FOUL  by ELLINGSWORTH,COLEMAN",,,"FOUL  by ELLINGSWORTH,COLEMAN",2
01:43,"GOOD FT by CARTER,KESHONN",71 (+13),,58,,SEW-M 71-58 (+13),,"GOOD FT by CARTER,KESHONN",2
01:43,"GOOD FT by CARTER,KESHONN",72 (+14),,58,,SEW-M 72-58 (+14),,"GOOD FT by CARTER,KESHONN",2
01:32,,,,,"MISS LAYUP by ELLINGSWORTH,COLEMAN",,,"MISS LAYUP by ELLINGSWORTH,COLEMAN",2
--,"REBOUND DEF by CARTER,KESHONN",,,,,,,"REBOUND DEF by CARTER,KESHONN",2
01:24,,,,,"FOUL  by JOHNSON,CALEB",,,"FOUL  by JOHNSON,CALEB",2
01:24,"GOOD FT by STONE,BRODY",73 (+15),,58,,SEW-M 73-58 (+15),,"GOOD FT by STONE,BRODY",2
01:24,"GOOD FT by STONE,BRODY",74 (+16),,58,,SEW-M 74-58 (+16),,"GOOD FT by STONE,BRODY",2
01:15,,,,,"MISS JUMPER by SCHERRMAN,BLAKE",,,"MISS JUMPER by SCHERRMAN,BLAKE",2
--,,,,,"REBOUND OFF by SCHERRMAN,BLAKE",,,"REBOUND OFF by SCHERRMAN,BLAKE",2
01:10,,,,,"MISS 3PTR by JOHNSON,CALEB",,,"MISS 3PTR by JOHNSON,CALEB",2
--,"REBOUND DEF by STONE,BRODY",,,,,,,"REBOUND DEF by STONE,BRODY",2
01:05,"FOUL  by STONE,BRODY",,,,,,,"FOUL  by STONE,BRODY",2
01:01,,,,,"TURNOVER  by JOHNSON,CALEB",,,"TURNOVER  by JOHNSON,CALEB",2
01:00,"STEAL  by MCCULLOUGH,JACOB",,,,,,,"STEAL  by MCCULLOUGH,JACOB",2
00:57,"GOOD LAYUP by STONE,BRODY(fastbreak)(in the paint)",76 (+18),,58,,SEW-M 76-58 (+18),,"GOOD LAYUP by STONE,BRODY(fastbreak)(in the paint)",2
00:45,,76 (+15),,61,"GOOD 3PTR by ELLINGSWORTH,COLEMAN",BCM 76-61 (+15),,"GOOD 3PTR by ELLINGSWORTH,COLEMAN",2
--,,,,,"ASSIST  by KORN,LUKAS",,,"ASSIST  by KORN,LUKAS",2
00:43,,,,,TIMEOUT TEAM by TEAM,,,TIMEOUT TEAM by TEAM,2
00:19,"TURNOVER  by MCCULLOUGH,JACOB",,,,,,,"TURNOVER  by MCCULLOUGH,JACOB",2
00:19,,,,,"STEAL  by MCCLOUD,ALTON",,,"STEAL  by MCCLOUD,ALTON",2
00:16,,76 (+13),,63,"GOOD DUNK by JOHNSON,CALEB(fastbreak)(in the paint)",BCM 76-63 (+13),,"GOOD DUNK by JOHNSON,CALEB(fastbreak)(in the paint)",2
--,,,,,"ASSIST  by MCCLOUD,ALTON",,,"ASSIST  by MCCLOUD,ALTON",2
00:12,,,,,"FOUL  by SCHERRMAN,BLAKE",,,"FOUL  by SCHERRMAN,BLAKE",2
00:12,"GOOD FT by BORN,CLAY",77 (+14),,63,,SEW-M 77-63 (+14),,"GOOD FT by BORN,CLAY",2
00:12,"GOOD FT by BORN,CLAY",78 (+15),,63,,SEW-M 78-63 (+15),,"GOOD FT by BORN,CLAY",2
00:12,,,,,"SUB IN by MCCLOUD,ALTON",,,"SUB IN by MCCLOUD,ALTON",2
00:12,,,,,"SUB OUT by FORTE,MCCARTY",,,"SUB OUT by FORTE,MCCARTY",2
00:06,,78 (+13),,65,"GOOD LAYUP by JOHNSON,CALEB(fastbreak)(in the paint)",BCM 78-65 (+13),,"GOOD LAYUP by JOHNSON,CALEB(fastbreak)(in the paint)",2
00:00,"GOOD LAYUP by STONE,BRODY(fastbreak)(in the paint)",80 (+15),,65,,SEW-M 80-65 (+15),,"GOOD LAYUP by STONE,BRODY(fastbreak)(in the paint)",2
--,"ASSIST  by CARTER,KESHONN",,,,,,,"ASSIST  by CARTER,KESHONN",2
