Time Remaining,MILLSAPS,Away Team Score,Play Team Indicator,Home Team Score,HC,Game Score,Team Indicator,Play,Period
19:42,"MISS JUMPER by MCSWAIN,JOSH",,,,,,,"MISS JUMPER by MCSWAIN,JOSH",1
--,,,,,"REBOUND DEF by ALDOUS,HANK",,,"REBOUND DEF by ALDOUS,HANK",1
19:25,,0,,2 (+2),"GOOD LAYUP by VANCE,LUKE(in the paint)",HC 0-2 (+2),,"GOOD LAYUP by VANCE,LUKE(in the paint)",1
--,,,,,"ASSIST  by GUMM,GABE",,,"ASSIST  by GUMM,GABE",1
19:00,"GOOD JUMPER by AUBERT,DUSTIN(in the paint)",2,,2,,MILLSAPS 2-2 (0),,"GOOD JUMPER by AUBERT,DUSTIN(in the paint)",1
18:44,,,,,"TURNOVER  by NIKOLOVSKI,DREW",,,"TURNOVER  by NIKOLOVSKI,DREW",1
18:43,"STEAL  by MOORE,MYLES",,,,,,,"STEAL  by MOORE,MYLES",1
18:17,"MISS JUMPER by MCSWAIN,JOSH",,,,,,,"MISS JUMPER by MCSWAIN,JOSH",1
--,,,,,"REBOUND DEF by ALDOUS,HANK",,,"REBOUND DEF by ALDOUS,HANK",1
18:01,,2,,4 (+2),"GOOD LAYUP by VANCE,LUKE(in the paint)",HC 2-4 (+2),,"GOOD LAYUP by VANCE,LUKE(in the paint)",1
--,,,,,"ASSIST  by NIKOLOVSKI,DREW",,,"ASSIST  by NIKOLOVSKI,DREW",1
17:42,,,,,"FOUL  by OGLE,JOHN",,,"FOUL  by OGLE,JOHN",1
17:42,"SUB IN by GAGEN,BRENNAN",,,,,,,"SUB IN by GAGEN,BRENNAN",1
17:42,"SUB OUT by GERCHOW,ALEX",,,,,,,"SUB OUT by GERCHOW,ALEX",1
17:42,,,,,"SUB IN by LITTLEFIELD,GEAREN",,,"SUB IN by LITTLEFIELD,GEAREN",1
17:42,,,,,"SUB OUT by OGLE,JOHN",,,"SUB OUT by OGLE,JOHN",1
17:28,"GOOD JUMPER by ROBERTSON,MARC",4,,4,,MILLSAPS 4-4 (0),,"GOOD JUMPER by ROBERTSON,MARC",1
--,"ASSIST  by MOORE,MYLES",,,,,,,"ASSIST  by MOORE,MYLES",1
17:04,"FOUL  by MCSWAIN,JOSH",,,,,,,"FOUL  by MCSWAIN,JOSH",1
17:04,,,,,"MISS FT by VANCE,LUKE",,,"MISS FT by VANCE,LUKE",1
--,,,,,REBOUND DEADB by TEAM,,,REBOUND DEADB by TEAM,1
17:04,,,,,"MISS FT by VANCE,LUKE",,,"MISS FT by VANCE,LUKE",1
--,,,,,"REBOUND OFF by NIKOLOVSKI,DREW",,,"REBOUND OFF by NIKOLOVSKI,DREW",1
17:01,,4,,6 (+2),"GOOD LAYUP by VANCE,LUKE(in the paint)",HC 4-6 (+2),,"GOOD LAYUP by VANCE,LUKE(in the paint)",1
--,,,,,"ASSIST  by GUMM,GABE",,,"ASSIST  by GUMM,GABE",1
16:38,"MISS 3PTR by GAGEN,BRENNAN",,,,,,,"MISS 3PTR by GAGEN,BRENNAN",1
--,,,,,"REBOUND DEF by ALDOUS,HANK",,,"REBOUND DEF by ALDOUS,HANK",1
16:15,,,,,"MISS JUMPER by ALDOUS,HANK",,,"MISS JUMPER by ALDOUS,HANK",1
--,"REBOUND DEF by GAGEN,BRENNAN",,,,,,,"REBOUND DEF by GAGEN,BRENNAN",1
16:06,"MISS JUMPER by AUBERT,DUSTIN",,,,,,,"MISS JUMPER by AUBERT,DUSTIN",1
--,REBOUND OFF by TEAM,,,,,,,REBOUND OFF by TEAM,1
16:02,"SUB IN by GERCHOW,ALEX",,,,,,,"SUB IN by GERCHOW,ALEX",1
16:02,"SUB IN by DETILLIEU,RYAN",,,,,,,"SUB IN by DETILLIEU,RYAN",1
16:02,"SUB OUT by AUBERT,DUSTIN",,,,,,,"SUB OUT by AUBERT,DUSTIN",1
16:02,"SUB OUT by MCSWAIN,JOSH",,,,,,,"SUB OUT by MCSWAIN,JOSH",1
16:02,,,,,"SUB IN by STEELE,AARON",,,"SUB IN by STEELE,AARON",1
16:02,,,,,"SUB OUT by GUMM,GABE",,,"SUB OUT by GUMM,GABE",1
15:33,,,,,"FOUL  by LITTLEFIELD,GEAREN",,,"FOUL  by LITTLEFIELD,GEAREN",1
15:33,"MISS FT by GAGEN,BRENNAN",,,,,,,"MISS FT by GAGEN,BRENNAN",1
--,REBOUND DEADB by TEAM,,,,,,,REBOUND DEADB by TEAM,1
15:33,"GOOD FT by GAGEN,BRENNAN",5,,6 (+1),,MILLSAPS 5-6 (+1),,"GOOD FT by GAGEN,BRENNAN",1
15:33,,,,,"SUB IN by OGLE,JOHN",,,"SUB IN by OGLE,JOHN",1
15:33,,,,,"SUB OUT by LITTLEFIELD,GEAREN",,,"SUB OUT by LITTLEFIELD,GEAREN",1
15:21,,5,,8 (+3),"GOOD LAYUP by VANCE,LUKE(in the paint)",HC 5-8 (+3),,"GOOD LAYUP by VANCE,LUKE(in the paint)",1
--,,,,,"ASSIST  by NIKOLOVSKI,DREW",,,"ASSIST  by NIKOLOVSKI,DREW",1
15:20,"FOUL  by GERCHOW,ALEX",,,,,,,"FOUL  by GERCHOW,ALEX",1
15:20,,5,,9 (+4),"GOOD FT by VANCE,LUKE",HC 5-9 (+4),,"GOOD FT by VANCE,LUKE",1
14:54,"TURNOVER  by DETILLIEU,RYAN",,,,,,,"TURNOVER  by DETILLIEU,RYAN",1
14:50,,,,,"STEAL  by OGLE,JOHN",,,"STEAL  by OGLE,JOHN",1
14:44,,,,,"MISS 3PTR by STEELE,AARON",,,"MISS 3PTR by STEELE,AARON",1
--,,,,,REBOUND OFF by TEAM,,,REBOUND OFF by TEAM,1
14:38,TIMEOUT 30SEC by TEAM,,,,,,,TIMEOUT 30SEC by TEAM,1
14:38,"SUB OUT by ROBERTSON,MARC",,,,,,,"SUB OUT by ROBERTSON,MARC",1
14:38,"SUB OUT by GERCHOW,ALEX",,,,,,,"SUB OUT by GERCHOW,ALEX",1
14:38,"SUB OUT by MOORE,MYLES",,,,,,,"SUB OUT by MOORE,MYLES",1
14:38,"SUB OUT by DETILLIEU,RYAN",,,,,,,"SUB OUT by DETILLIEU,RYAN",1
14:38,"SUB OUT by GAGEN,BRENNAN",,,,,,,"SUB OUT by GAGEN,BRENNAN",1
14:38,,,,,"SUB OUT by STEELE,AARON",,,"SUB OUT by STEELE,AARON",1
14:38,,,,,"SUB OUT by ALDOUS,HANK",,,"SUB OUT by ALDOUS,HANK",1
14:38,,,,,"SUB OUT by NIKOLOVSKI,DREW",,,"SUB OUT by NIKOLOVSKI,DREW",1
14:38,,,,,"SUB OUT by VANCE,LUKE",,,"SUB OUT by VANCE,LUKE",1
14:38,,,,,"SUB OUT by OGLE,JOHN",,,"SUB OUT by OGLE,JOHN",1
14:31,,,,,"MISS 3PTR by ALDOUS,HANK",,,"MISS 3PTR by ALDOUS,HANK",1
--,,,,,"REBOUND OFF by NIKOLOVSKI,DREW",,,"REBOUND OFF by NIKOLOVSKI,DREW",1
14:26,,5,,11 (+6),"GOOD TIPIN by NIKOLOVSKI,DREW(in the paint)",HC 5-11 (+6),,"GOOD TIPIN by NIKOLOVSKI,DREW(in the paint)",1
13:55,"MISS JUMPER by GAGEN,BRENNAN",,,,,,,"MISS JUMPER by GAGEN,BRENNAN",1
--,,,,,"REBOUND DEF by VANCE,LUKE",,,"REBOUND DEF by VANCE,LUKE",1
13:22,,,,,"TURNOVER  by NIKOLOVSKI,DREW",,,"TURNOVER  by NIKOLOVSKI,DREW",1
13:22,"STEAL  by GAGEN,BRENNAN",,,,,,,"STEAL  by GAGEN,BRENNAN",1
13:22,"SUB IN by ATKINSON,QUINN",,,,,,,"SUB IN by ATKINSON,QUINN",1
13:22,"SUB IN by MCSWAIN,JOSH",,,,,,,"SUB IN by MCSWAIN,JOSH",1
13:01,"GOOD LAYUP by MOORE,MYLES(in the paint)",7,,11 (+4),,MILLSAPS 7-11 (+4),,"GOOD LAYUP by MOORE,MYLES(in the paint)",1
--,"ASSIST  by ATKINSON,QUINN",,,,,,,"ASSIST  by ATKINSON,QUINN",1
12:40,,,,,"MISS 3PTR by VANCE,LUKE",,,"MISS 3PTR by VANCE,LUKE",1
--,"REBOUND DEF by MOORE,MYLES",,,,,,,"REBOUND DEF by MOORE,MYLES",1
12:19,,,,,"FOUL  by NIKOLOVSKI,DREW",,,"FOUL  by NIKOLOVSKI,DREW",1
12:19,"SUB IN by PRATER,DALLAS",,,,,,,"SUB IN by PRATER,DALLAS",1
12:19,"SUB IN by AUBERT,DUSTIN",,,,,,,"SUB IN by AUBERT,DUSTIN",1
12:19,,,,,"SUB IN by GARRETT,TRAVIS",,,"SUB IN by GARRETT,TRAVIS",1
12:14,"MISS JUMPER by GAGEN,BRENNAN",,,,,,,"MISS JUMPER by GAGEN,BRENNAN",1
--,"REBOUND OFF by ATKINSON,QUINN",,,,,,,"REBOUND OFF by ATKINSON,QUINN",1
12:08,"MISS JUMPER by PRATER,DALLAS",,,,,,,"MISS JUMPER by PRATER,DALLAS",1
--,,,,,"REBOUND DEF by STEELE,AARON",,,"REBOUND DEF by STEELE,AARON",1
11:50,,,,,"MISS LAYUP by VANCE,LUKE",,,"MISS LAYUP by VANCE,LUKE",1
--,"REBOUND DEF by MCSWAIN,JOSH",,,,,,,"REBOUND DEF by MCSWAIN,JOSH",1
11:38,"GOOD JUMPER by AUBERT,DUSTIN(in the paint)",9,,11 (+2),,MILLSAPS 9-11 (+2),,"GOOD JUMPER by AUBERT,DUSTIN(in the paint)",1
--,"ASSIST  by MCSWAIN,JOSH",,,,,,,"ASSIST  by MCSWAIN,JOSH",1
11:24,,,,,"MISS 3PTR by STEELE,AARON",,,"MISS 3PTR by STEELE,AARON",1
--,REBOUND DEF by TEAM,,,,,,,REBOUND DEF by TEAM,1
11:06,"MISS JUMPER by MCSWAIN,JOSH",,,,,,,"MISS JUMPER by MCSWAIN,JOSH",1
--,,,,,"REBOUND DEF by OGLE,JOHN",,,"REBOUND DEF by OGLE,JOHN",1
10:46,,9,,14 (+5),"GOOD 3PTR by STEELE,AARON",HC 9-14 (+5),,"GOOD 3PTR by STEELE,AARON",1
--,,,,,"ASSIST  by VANCE,LUKE",,,"ASSIST  by VANCE,LUKE",1
10:20,"MISS JUMPER by ATKINSON,QUINN",,,,,,,"MISS JUMPER by ATKINSON,QUINN",1
--,,,,,"REBOUND DEF by VANCE,LUKE",,,"REBOUND DEF by VANCE,LUKE",1
10:01,"FOUL  by GAGEN,BRENNAN",,,,,,,"FOUL  by GAGEN,BRENNAN",1
10:01,,9,,15 (+6),"GOOD FT by VANCE,LUKE",HC 9-15 (+6),,"GOOD FT by VANCE,LUKE",1
10:01,,,,,"MISS FT by VANCE,LUKE",,,"MISS FT by VANCE,LUKE",1
--,"REBOUND DEF by PRATER,DALLAS",,,,,,,"REBOUND DEF by PRATER,DALLAS",1
10:01,"SUB IN by GERCHOW,ALEX",,,,,,,"SUB IN by GERCHOW,ALEX",1
10:01,"SUB OUT by MCSWAIN,JOSH",,,,,,,"SUB OUT by MCSWAIN,JOSH",1
10:01,,,,,"SUB IN by PARKER,BRYCE",,,"SUB IN by PARKER,BRYCE",1
09:48,"TURNOVER  by GAGEN,BRENNAN",,,,,,,"TURNOVER  by GAGEN,BRENNAN",1
09:48,"FOUL  by GAGEN,BRENNAN",,,,,,,"FOUL  by GAGEN,BRENNAN",1
09:48,,,,,"SUB IN by LITTLEFIELD,GEAREN",,,"SUB IN by LITTLEFIELD,GEAREN",1
09:40,,9,,17 (+8),"GOOD JUMPER by STEELE,AARON(in the paint)",HC 9-17 (+8),,"GOOD JUMPER by STEELE,AARON(in the paint)",1
--,,,,,"ASSIST  by PARKER,BRYCE",,,"ASSIST  by PARKER,BRYCE",1
09:29,"TURNOVER  by GAGEN,BRENNAN",,,,,,,"TURNOVER  by GAGEN,BRENNAN",1
09:29,"SUB IN by MCSWAIN,JOSH",,,,,,,"SUB IN by MCSWAIN,JOSH",1
09:29,"SUB IN by MOORE,MYLES",,,,,,,"SUB IN by MOORE,MYLES",1
09:29,"SUB IN by ROBERTSON,MARC",,,,,,,"SUB IN by ROBERTSON,MARC",1
09:29,"SUB OUT by ATKINSON,QUINN",,,,,,,"SUB OUT by ATKINSON,QUINN",1
09:29,"SUB OUT by PRATER,DALLAS",,,,,,,"SUB OUT by PRATER,DALLAS",1
09:11,,,,,"MISS LAYUP by LITTLEFIELD,GEAREN",,,"MISS LAYUP by LITTLEFIELD,GEAREN",1
--,"REBOUND DEF by MCSWAIN,JOSH",,,,,,,"REBOUND DEF by MCSWAIN,JOSH",1
09:09,,,,,"FOUL  by LITTLEFIELD,GEAREN",,,"FOUL  by LITTLEFIELD,GEAREN",1
08:48,"TURNOVER  by AUBERT,DUSTIN",,,,,,,"TURNOVER  by AUBERT,DUSTIN",1
08:46,,,,,"STEAL  by OGLE,JOHN",,,"STEAL  by OGLE,JOHN",1
08:43,,,,,"MISS LAYUP by OGLE,JOHN",,,"MISS LAYUP by OGLE,JOHN",1
--,,,,,"REBOUND OFF by GARRETT,TRAVIS",,,"REBOUND OFF by GARRETT,TRAVIS",1
08:40,,,,,"MISS TIPIN by GARRETT,TRAVIS",,,"MISS TIPIN by GARRETT,TRAVIS",1
--,,,,,"REBOUND OFF by LITTLEFIELD,GEAREN",,,"REBOUND OFF by LITTLEFIELD,GEAREN",1
08:31,,9,,20 (+11),"GOOD 3PTR by PARKER,BRYCE",HC 9-20 (+11),,"GOOD 3PTR by PARKER,BRYCE",1
--,,,,,"ASSIST  by STEELE,AARON",,,"ASSIST  by STEELE,AARON",1
08:27,TIMEOUT 30SEC by TEAM,,,,,,,TIMEOUT 30SEC by TEAM,1
08:19,"TURNOVER  by AUBERT,DUSTIN",,,,,,,"TURNOVER  by AUBERT,DUSTIN",1
08:19,,,,,"STEAL  by LITTLEFIELD,GEAREN",,,"STEAL  by LITTLEFIELD,GEAREN",1
08:18,,,,,"SUB IN by ALDOUS,HANK",,,"SUB IN by ALDOUS,HANK",1
08:18,,,,,"SUB IN by VANCE,LUKE",,,"SUB IN by VANCE,LUKE",1
08:02,,,,,"TURNOVER  by GARRETT,TRAVIS",,,"TURNOVER  by GARRETT,TRAVIS",1
08:01,"STEAL  by GERCHOW,ALEX",,,,,,,"STEAL  by GERCHOW,ALEX",1
07:58,"GOOD LAYUP by MOORE,MYLES(fastbreak)(in the paint)",11,,20 (+9),,MILLSAPS 11-20 (+9),,"GOOD LAYUP by MOORE,MYLES(fastbreak)(in the paint)",1
--,"ASSIST  by GERCHOW,ALEX",,,,,,,"ASSIST  by GERCHOW,ALEX",1
07:38,,,,,"MISS 3PTR by PARKER,BRYCE",,,"MISS 3PTR by PARKER,BRYCE",1
--,"REBOUND DEF by MCSWAIN,JOSH",,,,,,,"REBOUND DEF by MCSWAIN,JOSH",1
07:21,"MISS JUMPER by GERCHOW,ALEX",,,,,,,"MISS JUMPER by GERCHOW,ALEX",1
--,,,,,"REBOUND DEF by ALDOUS,HANK",,,"REBOUND DEF by ALDOUS,HANK",1
07:04,,,,,"MISS LAYUP by ALDOUS,HANK",,,"MISS LAYUP by ALDOUS,HANK",1
--,"REBOUND DEF by GERCHOW,ALEX",,,,,,,"REBOUND DEF by GERCHOW,ALEX",1
06:54,"GOOD 3PTR by ROBERTSON,MARC",14,,20 (+6),,MILLSAPS 14-20 (+6),,"GOOD 3PTR by ROBERTSON,MARC",1
--,"ASSIST  by AUBERT,DUSTIN",,,,,,,"ASSIST  by AUBERT,DUSTIN",1
06:42,,,,,TIMEOUT 30SEC by TEAM,,,TIMEOUT 30SEC by TEAM,1
06:42,"SUB IN by GAGEN,BRENNAN",,,,,,,"SUB IN by GAGEN,BRENNAN",1
06:42,"SUB IN by DETILLIEU,RYAN",,,,,,,"SUB IN by DETILLIEU,RYAN",1
06:42,"SUB OUT by AUBERT,DUSTIN",,,,,,,"SUB OUT by AUBERT,DUSTIN",1
06:42,"SUB OUT by GERCHOW,ALEX",,,,,,,"SUB OUT by GERCHOW,ALEX",1
06:32,,,,,"MISS LAYUP by ALDOUS,HANK",,,"MISS LAYUP by ALDOUS,HANK",1
06:32,"BLOCK  by MCSWAIN,JOSH",,,,,,,"BLOCK  by MCSWAIN,JOSH",1
--,"REBOUND DEF by DETILLIEU,RYAN",,,,,,,"REBOUND DEF by DETILLIEU,RYAN",1
06:05,"MISS JUMPER by ROBERTSON,MARC",,,,,,,"MISS JUMPER by ROBERTSON,MARC",1
--,,,,,"REBOUND DEF by ALDOUS,HANK",,,"REBOUND DEF by ALDOUS,HANK",1
05:47,"FOUL  by MCSWAIN,JOSH",,,,,,,"FOUL  by MCSWAIN,JOSH",1
05:47,,,,,"MISS FT by VANCE,LUKE",,,"MISS FT by VANCE,LUKE",1
--,,,,,REBOUND DEADB by TEAM,,,REBOUND DEADB by TEAM,1
05:47,,14,,21 (+7),"GOOD FT by VANCE,LUKE",HC 14-21 (+7),,"GOOD FT by VANCE,LUKE",1
05:47,"SUB IN by GERCHOW,ALEX",,,,,,,"SUB IN by GERCHOW,ALEX",1
05:47,"SUB OUT by MCSWAIN,JOSH",,,,,,,"SUB OUT by MCSWAIN,JOSH",1
05:47,,,,,"SUB IN by NIKOLOVSKI,DREW",,,"SUB IN by NIKOLOVSKI,DREW",1
05:47,,,,,"SUB IN by OGLE,JOHN",,,"SUB IN by OGLE,JOHN",1
05:47,,,,,"SUB OUT by PARKER,BRYCE",,,"SUB OUT by PARKER,BRYCE",1
05:47,,,,,"SUB OUT by LITTLEFIELD,GEAREN",,,"SUB OUT by LITTLEFIELD,GEAREN",1
05:26,"TURNOVER  by ROBERTSON,MARC",,,,,,,"TURNOVER  by ROBERTSON,MARC",1
05:25,,,,,"STEAL  by VANCE,LUKE",,,"STEAL  by VANCE,LUKE",1
05:14,,,,,"MISS DUNK by ALDOUS,HANK",,,"MISS DUNK by ALDOUS,HANK",1
--,"REBOUND DEF by MOORE,MYLES",,,,,,,"REBOUND DEF by MOORE,MYLES",1
05:03,"MISS JUMPER by DETILLIEU,RYAN",,,,,,,"MISS JUMPER by DETILLIEU,RYAN",1
--,,,,,"REBOUND DEF by VANCE,LUKE",,,"REBOUND DEF by VANCE,LUKE",1
04:42,,,,,"MISS 3PTR by GARRETT,TRAVIS",,,"MISS 3PTR by GARRETT,TRAVIS",1
--,"REBOUND DEF by ROBERTSON,MARC",,,,,,,"REBOUND DEF by ROBERTSON,MARC",1
04:13,"MISS 3PTR by DETILLIEU,RYAN",,,,,,,"MISS 3PTR by DETILLIEU,RYAN",1
--,,,,,"REBOUND DEF by ALDOUS,HANK",,,"REBOUND DEF by ALDOUS,HANK",1
03:56,,14,,24 (+10),"GOOD 3PTR by NIKOLOVSKI,DREW",HC 14-24 (+10),,"GOOD 3PTR by NIKOLOVSKI,DREW",1
--,,,,,"ASSIST  by OGLE,JOHN",,,"ASSIST  by OGLE,JOHN",1
03:27,"MISS LAYUP by GERCHOW,ALEX",,,,,,,"MISS LAYUP by GERCHOW,ALEX",1
03:27,,,,,"BLOCK  by ALDOUS,HANK",,,"BLOCK  by ALDOUS,HANK",1
--,"REBOUND OFF by GERCHOW,ALEX",,,,,,,"REBOUND OFF by GERCHOW,ALEX",1
03:23,"MISS LAYUP by GERCHOW,ALEX",,,,,,,"MISS LAYUP by GERCHOW,ALEX",1
--,,,,,"REBOUND DEF by ALDOUS,HANK",,,"REBOUND DEF by ALDOUS,HANK",1
03:20,"FOUL  by DETILLIEU,RYAN",,,,,,,"FOUL  by DETILLIEU,RYAN",1
03:20,"SUB IN by MCSWAIN,JOSH",,,,,,,"SUB IN by MCSWAIN,JOSH",1
03:20,"SUB IN by AUBERT,DUSTIN",,,,,,,"SUB IN by AUBERT,DUSTIN",1
03:20,"SUB IN by ATKINSON,QUINN",,,,,,,"SUB IN by ATKINSON,QUINN",1
03:20,"SUB IN by PRATER,DALLAS",,,,,,,"SUB IN by PRATER,DALLAS",1
03:20,"SUB OUT by GERCHOW,ALEX",,,,,,,"SUB OUT by GERCHOW,ALEX",1
03:20,"SUB OUT by MOORE,MYLES",,,,,,,"SUB OUT by MOORE,MYLES",1
03:20,"SUB OUT by DETILLIEU,RYAN",,,,,,,"SUB OUT by DETILLIEU,RYAN",1
03:20,"SUB OUT by ROBERTSON,MARC",,,,,,,"SUB OUT by ROBERTSON,MARC",1
03:20,,,,,"SUB IN by STEELE,AARON",,,"SUB IN by STEELE,AARON",1
03:20,,,,,"SUB OUT by GARRETT,TRAVIS",,,"SUB OUT by GARRETT,TRAVIS",1
03:19,,14,,27 (+13),"GOOD 3PTR by ALDOUS,HANK",HC 14-27 (+13),,"GOOD 3PTR by ALDOUS,HANK",1
--,,,,,"ASSIST  by STEELE,AARON",,,"ASSIST  by STEELE,AARON",1
03:15,TIMEOUT TEAM by TEAM,,,,,,,TIMEOUT TEAM by TEAM,1
03:04,"MISS JUMPER by ATKINSON,QUINN",,,,,,,"MISS JUMPER by ATKINSON,QUINN",1
03:04,,,,,"BLOCK  by ALDOUS,HANK",,,"BLOCK  by ALDOUS,HANK",1
--,,,,,"REBOUND DEF by ALDOUS,HANK",,,"REBOUND DEF by ALDOUS,HANK",1
02:47,,14,,30 (+16),"GOOD 3PTR by OGLE,JOHN",HC 14-30 (+16),,"GOOD 3PTR by OGLE,JOHN",1
--,,,,,"ASSIST  by ALDOUS,HANK",,,"ASSIST  by ALDOUS,HANK",1
02:31,"GOOD LAYUP by AUBERT,DUSTIN(in the paint)",16,,30 (+14),,MILLSAPS 16-30 (+14),,"GOOD LAYUP by AUBERT,DUSTIN(in the paint)",1
02:31,,,,,"FOUL  by STEELE,AARON",,,"FOUL  by STEELE,AARON",1
02:31,"GOOD FT by AUBERT,DUSTIN",17,,30 (+13),,MILLSAPS 17-30 (+13),,"GOOD FT by AUBERT,DUSTIN",1
02:16,,,,,"MISS LAYUP by VANCE,LUKE",,,"MISS LAYUP by VANCE,LUKE",1
--,,,,,"REBOUND OFF by ALDOUS,HANK",,,"REBOUND OFF by ALDOUS,HANK",1
01:56,,,,,"MISS 3PTR by ALDOUS,HANK",,,"MISS 3PTR by ALDOUS,HANK",1
--,"REBOUND DEF by AUBERT,DUSTIN",,,,,,,"REBOUND DEF by AUBERT,DUSTIN",1
01:38,"MISS JUMPER by MCSWAIN,JOSH",,,,,,,"MISS JUMPER by MCSWAIN,JOSH",1
--,,,,,"REBOUND DEF by STEELE,AARON",,,"REBOUND DEF by STEELE,AARON",1
01:35,"FOUL  by AUBERT,DUSTIN",,,,,,,"FOUL  by AUBERT,DUSTIN",1
01:35,,17,,31 (+14),"GOOD FT by STEELE,AARON",HC 17-31 (+14),,"GOOD FT by STEELE,AARON",1
01:35,,17,,32 (+15),"GOOD FT by STEELE,AARON",HC 17-32 (+15),,"GOOD FT by STEELE,AARON",1
01:15,"MISS LAYUP by PRATER,DALLAS",,,,,,,"MISS LAYUP by PRATER,DALLAS",1
--,,,,,"REBOUND DEF by VANCE,LUKE",,,"REBOUND DEF by VANCE,LUKE",1
00:56,,,,,"TURNOVER  by VANCE,LUKE",,,"TURNOVER  by VANCE,LUKE",1
00:56,"STEAL  by MCSWAIN,JOSH",,,,,,,"STEAL  by MCSWAIN,JOSH",1
00:37,"GOOD JUMPER by ATKINSON,QUINN(in the paint)",19,,32 (+13),,MILLSAPS 19-32 (+13),,"GOOD JUMPER by ATKINSON,QUINN(in the paint)",1
00:35,,,,,"FOUL  by ALDOUS,HANK",,,"FOUL  by ALDOUS,HANK",1
00:35,"GOOD FT by ATKINSON,QUINN",20,,32 (+12),,MILLSAPS 20-32 (+12),,"GOOD FT by ATKINSON,QUINN",1
00:35,,,,,TIMEOUT 30SEC by TEAM,,,TIMEOUT 30SEC by TEAM,1
00:35,"SUB IN by MOORE,MYLES",,,,,,,"SUB IN by MOORE,MYLES",1
00:35,"SUB IN by ROBERTSON,MARC",,,,,,,"SUB IN by ROBERTSON,MARC",1
00:35,"SUB OUT by ATKINSON,QUINN",,,,,,,"SUB OUT by ATKINSON,QUINN",1
00:35,"SUB OUT by PRATER,DALLAS",,,,,,,"SUB OUT by PRATER,DALLAS",1
00:03,,20,,35 (+15),"GOOD 3PTR by ALDOUS,HANK",HC 20-35 (+15),,"GOOD 3PTR by ALDOUS,HANK",1
--,,,,,"ASSIST  by STEELE,AARON",,,"ASSIST  by STEELE,AARON",1
20:00,,,,,"SUB IN by STEELE,AARON",,,"SUB IN by STEELE,AARON",2
20:00,,,,,"SUB OUT by GUMM,GABE",,,"SUB OUT by GUMM,GABE",2
19:39,,,,,"MISS JUMPER by STEELE,AARON",,,"MISS JUMPER by STEELE,AARON",2
--,,,,,REBOUND OFF by TEAM,,,REBOUND OFF by TEAM,2
19:34,,20,,37 (+17),"GOOD JUMPER by ALDOUS,HANK",HC 20-37 (+17),,"GOOD JUMPER by ALDOUS,HANK",2
--,,,,,"ASSIST  by STEELE,AARON",,,"ASSIST  by STEELE,AARON",2
19:14,"MISS 3PTR by AUBERT,DUSTIN",,,,,,,"MISS 3PTR by AUBERT,DUSTIN",2
--,REBOUND OFF by TEAM,,,,,,,REBOUND OFF by TEAM,2
18:55,"TURNOVER  by AUBERT,DUSTIN",,,,,,,"TURNOVER  by AUBERT,DUSTIN",2
18:54,,,,,"STEAL  by ALDOUS,HANK",,,"STEAL  by ALDOUS,HANK",2
18:41,,,,,"MISS 3PTR by ALDOUS,HANK",,,"MISS 3PTR by ALDOUS,HANK",2
--,"REBOUND DEF by MCSWAIN,JOSH",,,,,,,"REBOUND DEF by MCSWAIN,JOSH",2
18:37,"SUB IN by PRATER,DALLAS",,,,,,,"SUB IN by PRATER,DALLAS",2
18:37,"SUB OUT by MOORE,MYLES",,,,,,,"SUB OUT by MOORE,MYLES",2
18:26,"GOOD JUMPER by MCSWAIN,JOSH",22,,37 (+15),,MILLSAPS 22-37 (+15),,"GOOD JUMPER by MCSWAIN,JOSH",2
--,"ASSIST  by PRATER,DALLAS",,,,,,,"ASSIST  by PRATER,DALLAS",2
18:07,,,,,"TURNOVER  by STEELE,AARON",,,"TURNOVER  by STEELE,AARON",2
17:46,"TURNOVER  by AUBERT,DUSTIN",,,,,,,"TURNOVER  by AUBERT,DUSTIN",2
17:34,,,,,"MISS 3PTR by NIKOLOVSKI,DREW",,,"MISS 3PTR by NIKOLOVSKI,DREW",2
--,,,,,"REBOUND OFF by OGLE,JOHN",,,"REBOUND OFF by OGLE,JOHN",2
17:16,,,,,"MISS 3PTR by ALDOUS,HANK",,,"MISS 3PTR by ALDOUS,HANK",2
--,,,,,"REBOUND OFF by OGLE,JOHN",,,"REBOUND OFF by OGLE,JOHN",2
17:04,,,,,"MISS 3PTR by NIKOLOVSKI,DREW",,,"MISS 3PTR by NIKOLOVSKI,DREW",2
--,,,,,"REBOUND OFF by NIKOLOVSKI,DREW",,,"REBOUND OFF by NIKOLOVSKI,DREW",2
16:34,,,,,"MISS JUMPER by STEELE,AARON",,,"MISS JUMPER by STEELE,AARON",2
--,"REBOUND DEF by AUBERT,DUSTIN",,,,,,,"REBOUND DEF by AUBERT,DUSTIN",2
16:30,"SUB IN by GAGEN,BRENNAN",,,,,,,"SUB IN by GAGEN,BRENNAN",2
16:30,"SUB OUT by GERCHOW,ALEX",,,,,,,"SUB OUT by GERCHOW,ALEX",2
16:30,,,,,"SUB IN by GARRETT,TRAVIS",,,"SUB IN by GARRETT,TRAVIS",2
16:30,,,,,"SUB OUT by NIKOLOVSKI,DREW",,,"SUB OUT by NIKOLOVSKI,DREW",2
16:10,"MISS JUMPER by PRATER,DALLAS",,,,,,,"MISS JUMPER by PRATER,DALLAS",2
16:10,,,,,"BLOCK  by ALDOUS,HANK",,,"BLOCK  by ALDOUS,HANK",2
--,,,,,"REBOUND DEF by ALDOUS,HANK",,,"REBOUND DEF by ALDOUS,HANK",2
15:57,,22,,39 (+17),"GOOD JUMPER by OGLE,JOHN(in the paint)",HC 22-39 (+17),,"GOOD JUMPER by OGLE,JOHN(in the paint)",2
--,,,,,"ASSIST  by ALDOUS,HANK",,,"ASSIST  by ALDOUS,HANK",2
15:43,,,,,"FOUL  by STEELE,AARON",,,"FOUL  by STEELE,AARON",2
15:43,"MISS FT by AUBERT,DUSTIN",,,,,,,"MISS FT by AUBERT,DUSTIN",2
--,REBOUND DEADB by TEAM,,,,,,,REBOUND DEADB by TEAM,2
15:43,"GOOD FT by AUBERT,DUSTIN",23,,39 (+16),,MILLSAPS 23-39 (+16),,"GOOD FT by AUBERT,DUSTIN",2
15:43,"SUB IN by DETILLIEU,RYAN",,,,,,,"SUB IN by DETILLIEU,RYAN",2
15:43,"SUB IN by ATKINSON,QUINN",,,,,,,"SUB IN by ATKINSON,QUINN",2
15:43,"SUB IN by MOORE,MYLES",,,,,,,"SUB IN by MOORE,MYLES",2
15:43,"SUB OUT by ROBERTSON,MARC",,,,,,,"SUB OUT by ROBERTSON,MARC",2
15:43,"SUB OUT by AUBERT,DUSTIN",,,,,,,"SUB OUT by AUBERT,DUSTIN",2
15:43,"SUB OUT by PRATER,DALLAS",,,,,,,"SUB OUT by PRATER,DALLAS",2
15:24,,23,,41 (+18),"GOOD LAYUP by VANCE,LUKE(in the paint)",HC 23-41 (+18),,"GOOD LAYUP by VANCE,LUKE(in the paint)",2
--,,,,,"ASSIST  by OGLE,JOHN",,,"ASSIST  by OGLE,JOHN",2
15:14,"MISS LAYUP by MOORE,MYLES",,,,,,,"MISS LAYUP by MOORE,MYLES",2
15:14,,,,,"BLOCK  by ALDOUS,HANK",,,"BLOCK  by ALDOUS,HANK",2
--,,,,,"REBOUND DEF by ALDOUS,HANK",,,"REBOUND DEF by ALDOUS,HANK",2
14:48,,,,,"MISS 3PTR by GARRETT,TRAVIS",,,"MISS 3PTR by GARRETT,TRAVIS",2
--,"REBOUND DEF by MOORE,MYLES",,,,,,,"REBOUND DEF by MOORE,MYLES",2
14:34,"MISS 3PTR by ATKINSON,QUINN",,,,,,,"MISS 3PTR by ATKINSON,QUINN",2
--,,,,,"REBOUND DEF by ALDOUS,HANK",,,"REBOUND DEF by ALDOUS,HANK",2
14:16,,23,,43 (+20),"GOOD LAYUP by OGLE,JOHN(in the paint)",HC 23-43 (+20),,"GOOD LAYUP by OGLE,JOHN(in the paint)",2
--,,,,,"ASSIST  by STEELE,AARON",,,"ASSIST  by STEELE,AARON",2
13:56,"GOOD LAYUP by ATKINSON,QUINN(in the paint)",25,,43 (+18),,MILLSAPS 25-43 (+18),,"GOOD LAYUP by ATKINSON,QUINN(in the paint)",2
--,"ASSIST  by DETILLIEU,RYAN",,,,,,,"ASSIST  by DETILLIEU,RYAN",2
13:37,,25,,45 (+20),"GOOD LAYUP by STEELE,AARON(in the paint)",HC 25-45 (+20),,"GOOD LAYUP by STEELE,AARON(in the paint)",2
--,,,,,"ASSIST  by VANCE,LUKE",,,"ASSIST  by VANCE,LUKE",2
13:11,"MISS JUMPER by MCSWAIN,JOSH",,,,,,,"MISS JUMPER by MCSWAIN,JOSH",2
--,,,,,REBOUND DEF by TEAM,,,REBOUND DEF by TEAM,2
13:09,"SUB IN by GERCHOW,ALEX",,,,,,,"SUB IN by GERCHOW,ALEX",2
13:09,"SUB OUT by MCSWAIN,JOSH",,,,,,,"SUB OUT by MCSWAIN,JOSH",2
13:09,,,,,"SUB IN by NIKOLOVSKI,DREW",,,"SUB IN by NIKOLOVSKI,DREW",2
13:09,,,,,"SUB OUT by STEELE,AARON",,,"SUB OUT by STEELE,AARON",2
12:55,"FOUL  by DETILLIEU,RYAN",,,,,,,"FOUL  by DETILLIEU,RYAN",2
12:55,,25,,46 (+21),"GOOD FT by ALDOUS,HANK",HC 25-46 (+21),,"GOOD FT by ALDOUS,HANK",2
12:55,,,,,"MISS FT by ALDOUS,HANK",,,"MISS FT by ALDOUS,HANK",2
--,"REBOUND DEF by ATKINSON,QUINN",,,,,,,"REBOUND DEF by ATKINSON,QUINN",2
12:37,,,,,"FOUL  by ALDOUS,HANK",,,"FOUL  by ALDOUS,HANK",2
12:37,"GOOD FT by MOORE,MYLES",26,,46 (+20),,MILLSAPS 26-46 (+20),,"GOOD FT by MOORE,MYLES",2
12:37,"GOOD FT by MOORE,MYLES",27,,46 (+19),,MILLSAPS 27-46 (+19),,"GOOD FT by MOORE,MYLES",2
12:37,"SUB IN by ROBERTSON,MARC",,,,,,,"SUB IN by ROBERTSON,MARC",2
12:37,"SUB OUT by ATKINSON,QUINN",,,,,,,"SUB OUT by ATKINSON,QUINN",2
12:18,,27,,48 (+21),"GOOD LAYUP by VANCE,LUKE(in the paint)",HC 27-48 (+21),,"GOOD LAYUP by VANCE,LUKE(in the paint)",2
--,,,,,"ASSIST  by GARRETT,TRAVIS",,,"ASSIST  by GARRETT,TRAVIS",2
11:57,"MISS LAYUP by GERCHOW,ALEX",,,,,,,"MISS LAYUP by GERCHOW,ALEX",2
--,"REBOUND OFF by MOORE,MYLES",,,,,,,"REBOUND OFF by MOORE,MYLES",2
11:52,"GOOD LAYUP by MOORE,MYLES(in the paint)",29,,48 (+19),,MILLSAPS 29-48 (+19),,"GOOD LAYUP by MOORE,MYLES(in the paint)",2
11:40,"FOUL  by ROBERTSON,MARC",,,,,,,"FOUL  by ROBERTSON,MARC",2
11:30,,,,,"MISS 3PTR by OGLE,JOHN",,,"MISS 3PTR by OGLE,JOHN",2
--,"REBOUND DEF by GERCHOW,ALEX",,,,,,,"REBOUND DEF by GERCHOW,ALEX",2
11:17,"GOOD LAYUP by DETILLIEU,RYAN(in the paint)",31,,48 (+17),,MILLSAPS 31-48 (+17),,"GOOD LAYUP by DETILLIEU,RYAN(in the paint)",2
10:52,,,,,"MISS JUMPER by ALDOUS,HANK",,,"MISS JUMPER by ALDOUS,HANK",2
--,"REBOUND DEF by GERCHOW,ALEX",,,,,,,"REBOUND DEF by GERCHOW,ALEX",2
10:41,"GOOD LAYUP by MOORE,MYLES(in the paint)",33,,48 (+15),,MILLSAPS 33-48 (+15),,"GOOD LAYUP by MOORE,MYLES(in the paint)",2
10:29,,,,,TIMEOUT TEAM by TEAM,,,TIMEOUT TEAM by TEAM,2
10:29,"SUB IN by MANCUSO,LOGAN",,,,,,,"SUB IN by MANCUSO,LOGAN",2
10:29,"SUB IN by AUBERT,DUSTIN",,,,,,,"SUB IN by AUBERT,DUSTIN",2
10:29,"SUB OUT by GERCHOW,ALEX",,,,,,,"SUB OUT by GERCHOW,ALEX",2
10:29,"SUB OUT by MOORE,MYLES",,,,,,,"SUB OUT by MOORE,MYLES",2
10:07,,,,,"TURNOVER  by NIKOLOVSKI,DREW",,,"TURNOVER  by NIKOLOVSKI,DREW",2
09:57,"MISS LAYUP by AUBERT,DUSTIN",,,,,,,"MISS LAYUP by AUBERT,DUSTIN",2
09:57,,,,,"BLOCK  by OGLE,JOHN",,,"BLOCK  by OGLE,JOHN",2
--,,,,,"REBOUND DEF by VANCE,LUKE",,,"REBOUND DEF by VANCE,LUKE",2
09:34,,,,,"TURNOVER  by STEELE,AARON",,,"TURNOVER  by STEELE,AARON",2
09:31,"STEAL  by GAGEN,BRENNAN",,,,,,,"STEAL  by GAGEN,BRENNAN",2
09:24,"MISS LAYUP by MANCUSO,LOGAN",,,,,,,"MISS LAYUP by MANCUSO,LOGAN",2
09:24,,,,,"BLOCK  by VANCE,LUKE",,,"BLOCK  by VANCE,LUKE",2
--,"REBOUND OFF by GAGEN,BRENNAN",,,,,,,"REBOUND OFF by GAGEN,BRENNAN",2
09:16,"MISS JUMPER by ROBERTSON,MARC",,,,,,,"MISS JUMPER by ROBERTSON,MARC",2
--,"REBOUND OFF by ROBERTSON,MARC",,,,,,,"REBOUND OFF by ROBERTSON,MARC",2
09:12,"TURNOVER  by ROBERTSON,MARC",,,,,,,"TURNOVER  by ROBERTSON,MARC",2
09:11,,,,,"STEAL  by STEELE,AARON",,,"STEAL  by STEELE,AARON",2
08:48,,,,,"MISS 3PTR by GARRETT,TRAVIS",,,"MISS 3PTR by GARRETT,TRAVIS",2
--,"REBOUND DEF by DETILLIEU,RYAN",,,,,,,"REBOUND DEF by DETILLIEU,RYAN",2
08:42,"GOOD LAYUP by AUBERT,DUSTIN(fastbreak)(in the paint)",35,,48 (+13),,MILLSAPS 35-48 (+13),,"GOOD LAYUP by AUBERT,DUSTIN(fastbreak)(in the paint)",2
--,"ASSIST  by DETILLIEU,RYAN",,,,,,,"ASSIST  by DETILLIEU,RYAN",2
08:25,,,,,"MISS JUMPER by OGLE,JOHN",,,"MISS JUMPER by OGLE,JOHN",2
--,"REBOUND DEF by MANCUSO,LOGAN",,,,,,,"REBOUND DEF by MANCUSO,LOGAN",2
08:06,"MISS JUMPER by ROBERTSON,MARC",,,,,,,"MISS JUMPER by ROBERTSON,MARC",2
--,,,,,"REBOUND DEF by OGLE,JOHN",,,"REBOUND DEF by OGLE,JOHN",2
08:03,"SUB IN by MOORE,MYLES",,,,,,,"SUB IN by MOORE,MYLES",2
08:03,"SUB OUT by AUBERT,DUSTIN",,,,,,,"SUB OUT by AUBERT,DUSTIN",2
08:03,,,,,"SUB IN by LITTLEFIELD,GEAREN",,,"SUB IN by LITTLEFIELD,GEAREN",2
08:03,,,,,"SUB OUT by OGLE,JOHN",,,"SUB OUT by OGLE,JOHN",2
07:39,,,,,"MISS 3PTR by STEELE,AARON",,,"MISS 3PTR by STEELE,AARON",2
--,"REBOUND DEF by ROBERTSON,MARC",,,,,,,"REBOUND DEF by ROBERTSON,MARC",2
07:32,"MISS JUMPER by ROBERTSON,MARC",,,,,,,"MISS JUMPER by ROBERTSON,MARC",2
--,,,,,"REBOUND DEF by VANCE,LUKE",,,"REBOUND DEF by VANCE,LUKE",2
07:04,,,,,"MISS LAYUP by VANCE,LUKE",,,"MISS LAYUP by VANCE,LUKE",2
--,"REBOUND DEF by MANCUSO,LOGAN",,,,,,,"REBOUND DEF by MANCUSO,LOGAN",2
06:47,"MISS JUMPER by DETILLIEU,RYAN",,,,,,,"MISS JUMPER by DETILLIEU,RYAN",2
--,"REBOUND OFF by MANCUSO,LOGAN",,,,,,,"REBOUND OFF by MANCUSO,LOGAN",2
06:43,"MISS LAYUP by MANCUSO,LOGAN",,,,,,,"MISS LAYUP by MANCUSO,LOGAN",2
--,"REBOUND OFF by MANCUSO,LOGAN",,,,,,,"REBOUND OFF by MANCUSO,LOGAN",2
06:43,,,,,"FOUL  by LITTLEFIELD,GEAREN",,,"FOUL  by LITTLEFIELD,GEAREN",2
06:43,"MISS FT by MANCUSO,LOGAN",,,,,,,"MISS FT by MANCUSO,LOGAN",2
--,REBOUND DEADB by TEAM,,,,,,,REBOUND DEADB by TEAM,2
06:43,"MISS FT by MANCUSO,LOGAN",,,,,,,"MISS FT by MANCUSO,LOGAN",2
--,,,,,"REBOUND DEF by NIKOLOVSKI,DREW",,,"REBOUND DEF by NIKOLOVSKI,DREW",2
06:43,"SUB IN by ATKINSON,QUINN",,,,,,,"SUB IN by ATKINSON,QUINN",2
06:43,"SUB IN by PRATER,DALLAS",,,,,,,"SUB IN by PRATER,DALLAS",2
06:43,"SUB OUT by GAGEN,BRENNAN",,,,,,,"SUB OUT by GAGEN,BRENNAN",2
06:43,"SUB OUT by ROBERTSON,MARC",,,,,,,"SUB OUT by ROBERTSON,MARC",2
06:43,,,,,"SUB IN by STEELE,AARON",,,"SUB IN by STEELE,AARON",2
06:43,,,,,"SUB OUT by GARRETT,TRAVIS",,,"SUB OUT by GARRETT,TRAVIS",2
06:24,"SUB IN by MCSWAIN,JOSH",,,,,,,"SUB IN by MCSWAIN,JOSH",2
06:24,"SUB OUT by MANCUSO,LOGAN",,,,,,,"SUB OUT by MANCUSO,LOGAN",2
06:22,,,,,"MISS 3PTR by NIKOLOVSKI,DREW",,,"MISS 3PTR by NIKOLOVSKI,DREW",2
--,,,,,"REBOUND OFF by VANCE,LUKE",,,"REBOUND OFF by VANCE,LUKE",2
06:17,,,,,"MISS JUMPER by VANCE,LUKE",,,"MISS JUMPER by VANCE,LUKE",2
06:17,"BLOCK  by MCSWAIN,JOSH",,,,,,,"BLOCK  by MCSWAIN,JOSH",2
--,,,,,"REBOUND OFF by VANCE,LUKE",,,"REBOUND OFF by VANCE,LUKE",2
06:14,"FOUL  by MCSWAIN,JOSH",,,,,,,"FOUL  by MCSWAIN,JOSH",2
06:11,,,,,"MISS 3PTR by STEELE,AARON",,,"MISS 3PTR by STEELE,AARON",2
--,,,,,"REBOUND OFF by VANCE,LUKE",,,"REBOUND OFF by VANCE,LUKE",2
06:04,,35,,50 (+15),"GOOD LAYUP by NIKOLOVSKI,DREW(in the paint)",HC 35-50 (+15),,"GOOD LAYUP by NIKOLOVSKI,DREW(in the paint)",2
--,,,,,"ASSIST  by STEELE,AARON",,,"ASSIST  by STEELE,AARON",2
05:53,"MISS 3PTR by MOORE,MYLES",,,,,,,"MISS 3PTR by MOORE,MYLES",2
--,"REBOUND OFF by DETILLIEU,RYAN",,,,,,,"REBOUND OFF by DETILLIEU,RYAN",2
05:47,,,,,"FOUL  by NIKOLOVSKI,DREW",,,"FOUL  by NIKOLOVSKI,DREW",2
05:36,,,,,"FOUL  by VANCE,LUKE",,,"FOUL  by VANCE,LUKE",2
05:36,"GOOD FT by ATKINSON,QUINN",36,,50 (+14),,MILLSAPS 36-50 (+14),,"GOOD FT by ATKINSON,QUINN",2
05:36,"MISS FT by ATKINSON,QUINN",,,,,,,"MISS FT by ATKINSON,QUINN",2
--,,,,,"REBOUND DEF by VANCE,LUKE",,,"REBOUND DEF by VANCE,LUKE",2
05:17,,,,,"MISS LAYUP by LITTLEFIELD,GEAREN",,,"MISS LAYUP by LITTLEFIELD,GEAREN",2
--,,,,,"REBOUND OFF by LITTLEFIELD,GEAREN",,,"REBOUND OFF by LITTLEFIELD,GEAREN",2
05:14,,,,,"MISS LAYUP by LITTLEFIELD,GEAREN",,,"MISS LAYUP by LITTLEFIELD,GEAREN",2
--,"REBOUND DEF by DETILLIEU,RYAN",,,,,,,"REBOUND DEF by DETILLIEU,RYAN",2
05:07,"GOOD 3PTR by DETILLIEU,RYAN",39,,50 (+11),,MILLSAPS 39-50 (+11),,"GOOD 3PTR by DETILLIEU,RYAN",2
05:04,TIMEOUT TEAM by TEAM,,,,,,,TIMEOUT TEAM by TEAM,2
04:47,,39,,53 (+14),"GOOD 3PTR by ALDOUS,HANK",HC 39-53 (+14),,"GOOD 3PTR by ALDOUS,HANK",2
--,,,,,"ASSIST  by VANCE,LUKE",,,"ASSIST  by VANCE,LUKE",2
04:31,"GOOD LAYUP by MOORE,MYLES(in the paint)",41,,53 (+12),,MILLSAPS 41-53 (+12),,"GOOD LAYUP by MOORE,MYLES(in the paint)",2
--,"ASSIST  by AUBERT,DUSTIN",,,,,,,"ASSIST  by AUBERT,DUSTIN",2
04:03,,,,,"MISS JUMPER by ALDOUS,HANK",,,"MISS JUMPER by ALDOUS,HANK",2
04:03,"BLOCK  by PRATER,DALLAS",,,,,,,"BLOCK  by PRATER,DALLAS",2
--,,,,,REBOUND OFF by TEAM,,,REBOUND OFF by TEAM,2
03:59,,41,,55 (+14),"GOOD JUMPER by NIKOLOVSKI,DREW(in the paint)",HC 41-55 (+14),,"GOOD JUMPER by NIKOLOVSKI,DREW(in the paint)",2
--,,,,,"ASSIST  by STEELE,AARON",,,"ASSIST  by STEELE,AARON",2
03:32,"MISS LAYUP by AUBERT,DUSTIN",,,,,,,"MISS LAYUP by AUBERT,DUSTIN",2
--,,,,,"REBOUND DEF by VANCE,LUKE",,,"REBOUND DEF by VANCE,LUKE",2
03:19,,,,,"MISS JUMPER by STEELE,AARON",,,"MISS JUMPER by STEELE,AARON",2
03:19,"BLOCK  by PRATER,DALLAS",,,,,,,"BLOCK  by PRATER,DALLAS",2
--,"REBOUND DEF by AUBERT,DUSTIN",,,,,,,"REBOUND DEF by AUBERT,DUSTIN",2
03:14,"MISS LAYUP by MOORE,MYLES",,,,,,,"MISS LAYUP by MOORE,MYLES",2
03:14,,,,,"BLOCK  by VANCE,LUKE",,,"BLOCK  by VANCE,LUKE",2
--,,,,,"REBOUND DEF by VANCE,LUKE",,,"REBOUND DEF by VANCE,LUKE",2
02:53,,,,,"MISS JUMPER by ALDOUS,HANK",,,"MISS JUMPER by ALDOUS,HANK",2
--,"REBOUND DEF by ATKINSON,QUINN",,,,,,,"REBOUND DEF by ATKINSON,QUINN",2
02:44,"MISS LAYUP by ATKINSON,QUINN",,,,,,,"MISS LAYUP by ATKINSON,QUINN",2
--,"REBOUND OFF by ATKINSON,QUINN",,,,,,,"REBOUND OFF by ATKINSON,QUINN",2
02:38,"GOOD 3PTR by PRATER,DALLAS",44,,55 (+11),,MILLSAPS 44-55 (+11),,"GOOD 3PTR by PRATER,DALLAS",2
--,"ASSIST  by ATKINSON,QUINN",,,,,,,"ASSIST  by ATKINSON,QUINN",2
02:34,TIMEOUT TEAM by TEAM,,,,,,,TIMEOUT TEAM by TEAM,2
02:34,"SUB IN by ROBERTSON,MARC",,,,,,,"SUB IN by ROBERTSON,MARC",2
02:34,"SUB IN by GERCHOW,ALEX",,,,,,,"SUB IN by GERCHOW,ALEX",2
02:34,"SUB OUT by DETILLIEU,RYAN",,,,,,,"SUB OUT by DETILLIEU,RYAN",2
02:34,"SUB OUT by MCSWAIN,JOSH",,,,,,,"SUB OUT by MCSWAIN,JOSH",2
02:34,"SUB OUT by MOORE,MYLES",,,,,,,"SUB OUT by MOORE,MYLES",2
02:34,,,,,"SUB IN by OGLE,JOHN",,,"SUB IN by OGLE,JOHN",2
02:34,,,,,"SUB OUT by LITTLEFIELD,GEAREN",,,"SUB OUT by LITTLEFIELD,GEAREN",2
02:17,"FOUL  by DETILLIEU,RYAN",,,,,,,"FOUL  by DETILLIEU,RYAN",2
01:49,"FOUL  by DETILLIEU,RYAN",,,,,,,"FOUL  by DETILLIEU,RYAN",2
01:22,,44,,57 (+13),"GOOD LAYUP by VANCE,LUKE(in the paint)",HC 44-57 (+13),,"GOOD LAYUP by VANCE,LUKE(in the paint)",2
--,,,,,"ASSIST  by STEELE,AARON",,,"ASSIST  by STEELE,AARON",2
01:07,"MISS 3PTR by ATKINSON,QUINN",,,,,,,"MISS 3PTR by ATKINSON,QUINN",2
--,,,,,"REBOUND DEF by ALDOUS,HANK",,,"REBOUND DEF by ALDOUS,HANK",2
00:54,,44,,59 (+15),"GOOD LAYUP by STEELE,AARON(in the paint)",HC 44-59 (+15),,"GOOD LAYUP by STEELE,AARON(in the paint)",2
00:53,TIMEOUT TEAM by TEAM,,,,,,,TIMEOUT TEAM by TEAM,2
00:53,"SUB IN by DETILLIEU,RYAN",,,,,,,"SUB IN by DETILLIEU,RYAN",2
00:53,"SUB IN by HANSTAD,RAJAN",,,,,,,"SUB IN by HANSTAD,RAJAN",2
00:53,"SUB IN by MOORE,MYLES",,,,,,,"SUB IN by MOORE,MYLES",2
00:53,"SUB OUT by ROBERTSON,MARC",,,,,,,"SUB OUT by ROBERTSON,MARC",2
00:53,"SUB OUT by ATKINSON,QUINN",,,,,,,"SUB OUT by ATKINSON,QUINN",2
00:46,"MISS LAYUP by DETILLIEU,RYAN",,,,,,,"MISS LAYUP by DETILLIEU,RYAN",2
00:46,,,,,"BLOCK  by ALDOUS,HANK",,,"BLOCK  by ALDOUS,HANK",2
--,,,,,"REBOUND DEF by ALDOUS,HANK",,,"REBOUND DEF by ALDOUS,HANK",2
00:07,,,,,"MISS 3PTR by VANCE,LUKE",,,"MISS 3PTR by VANCE,LUKE",2
--,,,,,"REBOUND OFF by VANCE,LUKE",,,"REBOUND OFF by VANCE,LUKE",2
