Time Remaining,BCM,Away Team Score,Play Team Indicator,Home Team Score,BSC,Game Score,Team Indicator,Play,Period
19:38,,,,,"MISS 3PTR by WELCH,ROSS",,,"MISS 3PTR by WELCH,ROSS",1
--,"REBOUND DEF by JACOBS,OWEN",,,,,,,"REBOUND DEF by JACOBS,OWEN",1
19:32,"TURNOVER  by JACOBS,OWEN",,,,,,,"TURNOVER  by JACOBS,OWEN",1
19:29,,,,,"STEAL  by DENEKA,HARRISON",,,"STEAL  by DENEKA,HARRISON",1
19:28,,0,,2 (+2),"GOOD LAYUP by LEWIS,EVAN(fastbreak)(in the paint)",BSC 0-2 (+2),,"GOOD LAYUP by LEWIS,EVAN(fastbreak)(in the paint)",1
--,,,,,"ASSIST  by DENEKA,HARRISON",,,"ASSIST  by DENEKA,HARRISON",1
19:14,"TURNOVER  by SCHERRMAN,BLAKE",,,,,,,"TURNOVER  by SCHERRMAN,BLAKE",1
19:03,,0,,5 (+5),"GOOD 3PTR by LEWIS,EVAN",BSC 0-5 (+5),,"GOOD 3PTR by LEWIS,EVAN",1
--,,,,,"ASSIST  by THOM,IAN",,,"ASSIST  by THOM,IAN",1
18:34,"TURNOVER  by JACOBS,OWEN",,,,,,,"TURNOVER  by JACOBS,OWEN",1
18:32,,,,,"STEAL  by THOM,IAN",,,"STEAL  by THOM,IAN",1
18:26,,,,,"MISS 3PTR by WELCH,ROSS",,,"MISS 3PTR by WELCH,ROSS",1
--,,,,,"REBOUND OFF by AVERY,ALEX",,,"REBOUND OFF by AVERY,ALEX",1
18:23,,,,,"TURNOVER  by AVERY,ALEX",,,"TURNOVER  by AVERY,ALEX",1
18:21,"STEAL  by MCCLOUD,LEE",,,,,,,"STEAL  by MCCLOUD,LEE",1
18:20,"GOOD LAYUP by MCCLOUD,LEE(in the paint)",2,,5 (+3),,BCM 2-5 (+3),,"GOOD LAYUP by MCCLOUD,LEE(in the paint)",1
18:09,,2,,7 (+5),"GOOD LAYUP by AVERY,ALEX(in the paint)",BSC 2-7 (+5),,"GOOD LAYUP by AVERY,ALEX(in the paint)",1
17:52,"MISS 3PTR by MCCLOUD,LEE",,,,,,,"MISS 3PTR by MCCLOUD,LEE",1
--,,,,,"REBOUND DEF by AVERY,ALEX",,,"REBOUND DEF by AVERY,ALEX",1
17:52,,2,,9 (+7),"GOOD LAYUP by DENEKA,HARRISON(in the paint)",BSC 2-9 (+7),,"GOOD LAYUP by DENEKA,HARRISON(in the paint)",1
--,,,,,"ASSIST  by THOM,IAN",,,"ASSIST  by THOM,IAN",1
17:20,"MISS 3PTR by JOHNSON,CALEB",,,,,,,"MISS 3PTR by JOHNSON,CALEB",1
--,"REBOUND OFF by MCCLOUD,LEE",,,,,,,"REBOUND OFF by MCCLOUD,LEE",1
17:14,"MISS 3PTR by MCCLOUD,LEE",,,,,,,"MISS 3PTR by MCCLOUD,LEE",1
--,"REBOUND OFF by JACOBS,OWEN",,,,,,,"REBOUND OFF by JACOBS,OWEN",1
17:12,"GOOD LAYUP by JACOBS,OWEN(in the paint)",4,,9 (+5),,BCM 4-9 (+5),,"GOOD LAYUP by JACOBS,OWEN(in the paint)",1
17:12,,,,,"FOUL  by AVERY,ALEX",,,"FOUL  by AVERY,ALEX",1
17:12,"GOOD FT by JACOBS,OWEN",5,,9 (+4),,BCM 5-9 (+4),,"GOOD FT by JACOBS,OWEN",1
16:56,,,,,"MISS 3PTR by WELCH,ROSS",,,"MISS 3PTR by WELCH,ROSS",1
--,REBOUND DEF by TEAM,,,,,,,REBOUND DEF by TEAM,1
16:36,"MISS 3PTR by MCCLOUD,ALTON",,,,,,,"MISS 3PTR by MCCLOUD,ALTON",1
--,"REBOUND OFF by JACOBS,OWEN",,,,,,,"REBOUND OFF by JACOBS,OWEN",1
16:33,"TURNOVER  by JACOBS,OWEN",,,,,,,"TURNOVER  by JACOBS,OWEN",1
16:30,,,,,"MISS 3PTR by DENEKA,HARRISON",,,"MISS 3PTR by DENEKA,HARRISON",1
--,,,,,"REBOUND OFF by WELCH,ROSS",,,"REBOUND OFF by WELCH,ROSS",1
16:21,,,,,"TURNOVER  by DENEKA,HARRISON",,,"TURNOVER  by DENEKA,HARRISON",1
16:21,"STEAL  by MCCLOUD,ALTON",,,,,,,"STEAL  by MCCLOUD,ALTON",1
16:08,"GOOD 3PTR by SCHERRMAN,BLAKE",8,,9 (+1),,BCM 8-9 (+1),,"GOOD 3PTR by SCHERRMAN,BLAKE",1
--,"ASSIST  by MCCLOUD,ALTON",,,,,,,"ASSIST  by MCCLOUD,ALTON",1
15:40,,,,,"MISS 3PTR by LEWIS,EVAN",,,"MISS 3PTR by LEWIS,EVAN",1
--,,,,,"REBOUND OFF by WELCH,ROSS",,,"REBOUND OFF by WELCH,ROSS",1
15:26,,,,,"MISS JUMPER by WELCH,ROSS",,,"MISS JUMPER by WELCH,ROSS",1
--,"REBOUND DEF by SCHERRMAN,BLAKE",,,,,,,"REBOUND DEF by SCHERRMAN,BLAKE",1
15:11,,,,,"FOUL  by THOM,IAN",,,"FOUL  by THOM,IAN",1
15:11,,,,,"SUB IN by RUDAK,MATTY",,,"SUB IN by RUDAK,MATTY",1
15:11,,,,,"SUB IN by CRAIN,JOHN",,,"SUB IN by CRAIN,JOHN",1
15:11,,,,,"SUB IN by MCLEAN,JAMES",,,"SUB IN by MCLEAN,JAMES",1
15:11,,,,,"SUB OUT by DENEKA,HARRISON",,,"SUB OUT by DENEKA,HARRISON",1
15:11,,,,,"SUB OUT by LEWIS,EVAN",,,"SUB OUT by LEWIS,EVAN",1
15:11,,,,,"SUB OUT by WELCH,ROSS",,,"SUB OUT by WELCH,ROSS",1
14:58,"MISS 3PTR by JOHNSON,CALEB",,,,,,,"MISS 3PTR by JOHNSON,CALEB",1
--,REBOUND OFF by TEAM,,,,,,,REBOUND OFF by TEAM,1
14:55,,,,,"FOUL  by THOM,IAN",,,"FOUL  by THOM,IAN",1
14:55,,,,,"SUB IN by MURPHY,JUWAN",,,"SUB IN by MURPHY,JUWAN",1
14:55,,,,,"SUB OUT by THOM,IAN",,,"SUB OUT by THOM,IAN",1
14:48,"MISS JUMPER by JACOBS,OWEN",,,,,,,"MISS JUMPER by JACOBS,OWEN",1
--,,,,,"REBOUND DEF by MURPHY,JUWAN",,,"REBOUND DEF by MURPHY,JUWAN",1
14:37,,,,,"TURNOVER  by CRAIN,JOHN",,,"TURNOVER  by CRAIN,JOHN",1
14:37,"SUB IN by MARDER,NICK",,,,,,,"SUB IN by MARDER,NICK",1
14:37,"SUB OUT by MCCLOUD,LEE",,,,,,,"SUB OUT by MCCLOUD,LEE",1
14:18,,,,,"FOUL  by MCLEAN,JAMES",,,"FOUL  by MCLEAN,JAMES",1
14:14,,,,,"FOUL  by CRAIN,JOHN",,,"FOUL  by CRAIN,JOHN",1
14:14,,,,,TIMEOUT 30SEC by TEAM,,,TIMEOUT 30SEC by TEAM,1
14:03,"TURNOVER  by MARDER,NICK",,,,,,,"TURNOVER  by MARDER,NICK",1
14:01,,,,,"STEAL  by MURPHY,JUWAN",,,"STEAL  by MURPHY,JUWAN",1
13:58,,,,,"TURNOVER  by CRAIN,JOHN",,,"TURNOVER  by CRAIN,JOHN",1
13:56,"STEAL  by JACOBS,OWEN",,,,,,,"STEAL  by JACOBS,OWEN",1
13:48,,,,,"FOUL  by RUDAK,MATTY",,,"FOUL  by RUDAK,MATTY",1
13:27,"GOOD LAYUP by JOHNSON,CALEB(in the paint)",10 (+1),,9,,BCM 10-9 (-1),,"GOOD LAYUP by JOHNSON,CALEB(in the paint)",1
13:17,"FOUL  by MARDER,NICK",,,,,,,"FOUL  by MARDER,NICK",1
13:17,"SUB IN by KORN,LUKAS",,,,,,,"SUB IN by KORN,LUKAS",1
13:17,"SUB OUT by MCCLOUD,ALTON",,,,,,,"SUB OUT by MCCLOUD,ALTON",1
13:10,"FOUL  by MARDER,NICK",,,,,,,"FOUL  by MARDER,NICK",1
13:10,"SUB IN by MCCLOUD,LEE",,,,,,,"SUB IN by MCCLOUD,LEE",1
13:10,"SUB OUT by MARDER,NICK",,,,,,,"SUB OUT by MARDER,NICK",1
13:04,,,,,"TURNOVER  by MURPHY,JUWAN",,,"TURNOVER  by MURPHY,JUWAN",1
13:02,"STEAL  by MCCLOUD,LEE",,,,,,,"STEAL  by MCCLOUD,LEE",1
12:57,,,,,"FOUL  by CRAIN,JOHN",,,"FOUL  by CRAIN,JOHN",1
12:57,"GOOD FT by SCHERRMAN,BLAKE",11 (+2),,9,,BCM 11-9 (-2),,"GOOD FT by SCHERRMAN,BLAKE",1
12:57,"GOOD FT by SCHERRMAN,BLAKE",12 (+3),,9,,BCM 12-9 (-3),,"GOOD FT by SCHERRMAN,BLAKE",1
12:57,,,,,"SUB IN by BARRON,MAC",,,"SUB IN by BARRON,MAC",1
12:57,,,,,"SUB IN by LEWIS,EVAN",,,"SUB IN by LEWIS,EVAN",1
12:57,,,,,"SUB OUT by AVERY,ALEX",,,"SUB OUT by AVERY,ALEX",1
12:57,,,,,"SUB OUT by MURPHY,JUWAN",,,"SUB OUT by MURPHY,JUWAN",1
12:54,"FOUL  by JOHNSON,CALEB",,,,,,,"FOUL  by JOHNSON,CALEB",1
12:54,"SUB IN by SPALDING,TANNER",,,,,,,"SUB IN by SPALDING,TANNER",1
12:54,"SUB OUT by JACOBS,OWEN",,,,,,,"SUB OUT by JACOBS,OWEN",1
12:42,"FOUL  by MCCLOUD,LEE",,,,,,,"FOUL  by MCCLOUD,LEE",1
12:42,TIMEOUT 30SEC by TEAM,,,,,,,TIMEOUT 30SEC by TEAM,1
12:42,,,,,"MISS FT by MCLEAN,JAMES",,,"MISS FT by MCLEAN,JAMES",1
--,,,,,REBOUND DEADB by TEAM,,,REBOUND DEADB by TEAM,1
12:42,,12 (+2),,10,"GOOD FT by MCLEAN,JAMES",BSC 12-10 (-2),,"GOOD FT by MCLEAN,JAMES",1
12:18,"FOUL  by KORN,LUKAS",,,,,,,"FOUL  by KORN,LUKAS",1
12:18,"TURNOVER  by KORN,LUKAS",,,,,,,"TURNOVER  by KORN,LUKAS",1
12:18,"SUB IN by JACOBS,OWEN",,,,,,,"SUB IN by JACOBS,OWEN",1
12:18,"SUB OUT by SPALDING,TANNER",,,,,,,"SUB OUT by SPALDING,TANNER",1
12:18,,,,,"SUB IN by DENEKA,HARRISON",,,"SUB IN by DENEKA,HARRISON",1
12:18,,,,,"SUB IN by WELCH,ROSS",,,"SUB IN by WELCH,ROSS",1
12:18,,,,,"SUB OUT by BARRON,MAC",,,"SUB OUT by BARRON,MAC",1
12:18,,,,,"SUB OUT by CRAIN,JOHN",,,"SUB OUT by CRAIN,JOHN",1
12:05,"FOUL  by MCCLOUD,LEE",,,,,,,"FOUL  by MCCLOUD,LEE",1
12:05,,12 (+1),,11,"GOOD FT by MCLEAN,JAMES",BSC 12-11 (-1),,"GOOD FT by MCLEAN,JAMES",1
12:05,,,,,"MISS FT by MCLEAN,JAMES",,,"MISS FT by MCLEAN,JAMES",1
--,"REBOUND DEF by KORN,LUKAS",,,,,,,"REBOUND DEF by KORN,LUKAS",1
12:05,"SUB IN by MCCLOUD,ALTON",,,,,,,"SUB IN by MCCLOUD,ALTON",1
12:05,"SUB OUT by MCCLOUD,LEE",,,,,,,"SUB OUT by MCCLOUD,LEE",1
11:48,"GOOD LAYUP by MCCLOUD,ALTON(in the paint)",14 (+3),,11,,BCM 14-11 (-3),,"GOOD LAYUP by MCCLOUD,ALTON(in the paint)",1
11:24,,,,,"TURNOVER  by MCLEAN,JAMES",,,"TURNOVER  by MCLEAN,JAMES",1
11:23,"STEAL  by SCHERRMAN,BLAKE",,,,,,,"STEAL  by SCHERRMAN,BLAKE",1
11:23,,,,,"FOUL  by MCLEAN,JAMES",,,"FOUL  by MCLEAN,JAMES",1
11:23,"GOOD FT by SCHERRMAN,BLAKE",15 (+4),,11,,BCM 15-11 (-4),,"GOOD FT by SCHERRMAN,BLAKE",1
11:23,"GOOD FT by SCHERRMAN,BLAKE",16 (+5),,11,,BCM 16-11 (-5),,"GOOD FT by SCHERRMAN,BLAKE",1
11:23,"SUB IN by ELLINGSWORTH,COLEMAN",,,,,,,"SUB IN by ELLINGSWORTH,COLEMAN",1
11:23,"SUB OUT by JOHNSON,CALEB",,,,,,,"SUB OUT by JOHNSON,CALEB",1
11:23,,,,,"SUB IN by AVERY,ALEX",,,"SUB IN by AVERY,ALEX",1
11:23,,,,,"SUB IN by THOM,IAN",,,"SUB IN by THOM,IAN",1
11:23,,,,,"SUB OUT by RUDAK,MATTY",,,"SUB OUT by RUDAK,MATTY",1
11:23,,,,,"SUB OUT by MCLEAN,JAMES",,,"SUB OUT by MCLEAN,JAMES",1
11:11,,16 (+2),,14,"GOOD 3PTR by DENEKA,HARRISON",BSC 16-14 (-2),,"GOOD 3PTR by DENEKA,HARRISON",1
--,,,,,"ASSIST  by THOM,IAN",,,"ASSIST  by THOM,IAN",1
11:00,"TURNOVER  by MCCLOUD,ALTON",,,,,,,"TURNOVER  by MCCLOUD,ALTON",1
10:58,,,,,"STEAL  by THOM,IAN",,,"STEAL  by THOM,IAN",1
10:56,,16,,16,"GOOD LAYUP by DENEKA,HARRISON(fastbreak)(in the paint)",BSC 16-16 (0),,"GOOD LAYUP by DENEKA,HARRISON(fastbreak)(in the paint)",1
--,,,,,"ASSIST  by THOM,IAN",,,"ASSIST  by THOM,IAN",1
10:30,,,,,"FOUL  by THOM,IAN",,,"FOUL  by THOM,IAN",1
10:30,"GOOD FT by MCCLOUD,ALTON",17 (+1),,16,,BCM 17-16 (-1),,"GOOD FT by MCCLOUD,ALTON",1
10:30,"GOOD FT by MCCLOUD,ALTON",18 (+2),,16,,BCM 18-16 (-2),,"GOOD FT by MCCLOUD,ALTON",1
10:30,,,,,"SUB IN by MCLEAN,JAMES",,,"SUB IN by MCLEAN,JAMES",1
10:30,,,,,"SUB OUT by THOM,IAN",,,"SUB OUT by THOM,IAN",1
10:15,"FOUL  by MCCLOUD,ALTON",,,,,,,"FOUL  by MCCLOUD,ALTON",1
10:15,,,,,"MISS FT by AVERY,ALEX",,,"MISS FT by AVERY,ALEX",1
--,,,,,REBOUND DEADB by TEAM,,,REBOUND DEADB by TEAM,1
10:15,,18 (+1),,17,"GOOD FT by AVERY,ALEX",BSC 18-17 (-1),,"GOOD FT by AVERY,ALEX",1
10:05,"TURNOVER  by SCHERRMAN,BLAKE",,,,,,,"TURNOVER  by SCHERRMAN,BLAKE",1
10:04,,,,,"STEAL  by DENEKA,HARRISON",,,"STEAL  by DENEKA,HARRISON",1
10:04,"FOUL  by SCHERRMAN,BLAKE",,,,,,,"FOUL  by SCHERRMAN,BLAKE",1
10:04,,,,,"MISS FT by AVERY,ALEX",,,"MISS FT by AVERY,ALEX",1
--,"REBOUND DEF by JACOBS,OWEN",,,,,,,"REBOUND DEF by JACOBS,OWEN",1
09:45,"GOOD 3PTR by SCHERRMAN,BLAKE",21 (+4),,17,,BCM 21-17 (-4),,"GOOD 3PTR by SCHERRMAN,BLAKE",1
--,"ASSIST  by MCCLOUD,ALTON",,,,,,,"ASSIST  by MCCLOUD,ALTON",1
09:28,,,,,"MISS LAYUP by MCLEAN,JAMES",,,"MISS LAYUP by MCLEAN,JAMES",1
--,"REBOUND DEF by JACOBS,OWEN",,,,,,,"REBOUND DEF by JACOBS,OWEN",1
09:07,"MISS LAYUP by KORN,LUKAS",,,,,,,"MISS LAYUP by KORN,LUKAS",1
--,"REBOUND OFF by JACOBS,OWEN",,,,,,,"REBOUND OFF by JACOBS,OWEN",1
09:04,"MISS LAYUP by JACOBS,OWEN",,,,,,,"MISS LAYUP by JACOBS,OWEN",1
--,,,,,"REBOUND DEF by AVERY,ALEX",,,"REBOUND DEF by AVERY,ALEX",1
09:04,"FOUL  by KORN,LUKAS",,,,,,,"FOUL  by KORN,LUKAS",1
09:04,,,,,"MISS FT by AVERY,ALEX",,,"MISS FT by AVERY,ALEX",1
--,"REBOUND DEF by JOHNSON,CALEB",,,,,,,"REBOUND DEF by JOHNSON,CALEB",1
09:04,"SUB IN by JOHNSON,CALEB",,,,,,,"SUB IN by JOHNSON,CALEB",1
09:04,"SUB IN by MARDER,NICK",,,,,,,"SUB IN by MARDER,NICK",1
09:04,"SUB OUT by ELLINGSWORTH,COLEMAN",,,,,,,"SUB OUT by ELLINGSWORTH,COLEMAN",1
09:04,"SUB OUT by KORN,LUKAS",,,,,,,"SUB OUT by KORN,LUKAS",1
08:45,"MISS LAYUP by MARDER,NICK",,,,,,,"MISS LAYUP by MARDER,NICK",1
--,"REBOUND OFF by JACOBS,OWEN",,,,,,,"REBOUND OFF by JACOBS,OWEN",1
08:43,"TURNOVER  by JACOBS,OWEN",,,,,,,"TURNOVER  by JACOBS,OWEN",1
08:42,,,,,"STEAL  by DENEKA,HARRISON",,,"STEAL  by DENEKA,HARRISON",1
08:40,,21 (+2),,19,"GOOD LAYUP by MCLEAN,JAMES(fastbreak)(in the paint)",BSC 21-19 (-2),,"GOOD LAYUP by MCLEAN,JAMES(fastbreak)(in the paint)",1
--,,,,,"ASSIST  by DENEKA,HARRISON",,,"ASSIST  by DENEKA,HARRISON",1
08:30,,,,,"SUB IN by RUDAK,MATTY",,,"SUB IN by RUDAK,MATTY",1
08:30,,,,,"SUB IN by CRAIN,JOHN",,,"SUB IN by CRAIN,JOHN",1
08:30,,,,,"SUB OUT by DENEKA,HARRISON",,,"SUB OUT by DENEKA,HARRISON",1
08:30,,,,,"SUB OUT by MCLEAN,JAMES",,,"SUB OUT by MCLEAN,JAMES",1
08:17,"MISS JUMPER by MARDER,NICK",,,,,,,"MISS JUMPER by MARDER,NICK",1
--,,,,,"REBOUND DEF by AVERY,ALEX",,,"REBOUND DEF by AVERY,ALEX",1
08:09,,21,,22 (+1),"GOOD 3PTR by CRAIN,JOHN",BSC 21-22 (+1),,"GOOD 3PTR by CRAIN,JOHN",1
--,,,,,"ASSIST  by LEWIS,EVAN",,,"ASSIST  by LEWIS,EVAN",1
07:50,"GOOD LAYUP by JACOBS,OWEN(in the paint)",23 (+1),,22,,BCM 23-22 (-1),,"GOOD LAYUP by JACOBS,OWEN(in the paint)",1
--,"ASSIST  by SCHERRMAN,BLAKE",,,,,,,"ASSIST  by SCHERRMAN,BLAKE",1
07:46,,23,,24 (+1),"GOOD LAYUP by AVERY,ALEX(in the paint)",BSC 23-24 (+1),,"GOOD LAYUP by AVERY,ALEX(in the paint)",1
07:28,"MISS LAYUP by SCHERRMAN,BLAKE",,,,,,,"MISS LAYUP by SCHERRMAN,BLAKE",1
--,,,,,"REBOUND DEF by AVERY,ALEX",,,"REBOUND DEF by AVERY,ALEX",1
07:03,,,,,"MISS LAYUP by AVERY,ALEX",,,"MISS LAYUP by AVERY,ALEX",1
--,,,,,"REBOUND OFF by AVERY,ALEX",,,"REBOUND OFF by AVERY,ALEX",1
07:00,,23,,26 (+3),"GOOD TIPIN by AVERY,ALEX(in the paint)",BSC 23-26 (+3),,"GOOD TIPIN by AVERY,ALEX(in the paint)",1
06:33,,,,,"FOUL  by AVERY,ALEX",,,"FOUL  by AVERY,ALEX",1
06:33,"GOOD FT by JACOBS,OWEN",24,,26 (+2),,BCM 24-26 (+2),,"GOOD FT by JACOBS,OWEN",1
06:33,"GOOD FT by JACOBS,OWEN",25,,26 (+1),,BCM 25-26 (+1),,"GOOD FT by JACOBS,OWEN",1
06:33,,,,,"SUB IN by BARRON,MAC",,,"SUB IN by BARRON,MAC",1
06:33,,,,,"SUB OUT by AVERY,ALEX",,,"SUB OUT by AVERY,ALEX",1
06:16,,,,,"MISS 3PTR by CRAIN,JOHN",,,"MISS 3PTR by CRAIN,JOHN",1
--,,,,,"REBOUND OFF by RUDAK,MATTY",,,"REBOUND OFF by RUDAK,MATTY",1
06:12,,,,,"TURNOVER  by RUDAK,MATTY",,,"TURNOVER  by RUDAK,MATTY",1
06:12,"SUB IN by FENTON,CLINT",,,,,,,"SUB IN by FENTON,CLINT",1
06:12,"SUB OUT by MCCLOUD,ALTON",,,,,,,"SUB OUT by MCCLOUD,ALTON",1
05:55,"MISS 3PTR by SCHERRMAN,BLAKE",,,,,,,"MISS 3PTR by SCHERRMAN,BLAKE",1
--,,,,,"REBOUND DEF by LEWIS,EVAN",,,"REBOUND DEF by LEWIS,EVAN",1
05:47,,,,,"MISS 3PTR by WELCH,ROSS",,,"MISS 3PTR by WELCH,ROSS",1
--,,,,,"REBOUND OFF by RUDAK,MATTY",,,"REBOUND OFF by RUDAK,MATTY",1
05:43,,25,,28 (+3),"GOOD TIPIN by RUDAK,MATTY(in the paint)",BSC 25-28 (+3),,"GOOD TIPIN by RUDAK,MATTY(in the paint)",1
05:22,"FOUL  by MARDER,NICK",,,,,,,"FOUL  by MARDER,NICK",1
05:22,"TURNOVER  by MARDER,NICK",,,,,,,"TURNOVER  by MARDER,NICK",1
05:03,"FOUL  by FENTON,CLINT",,,,,,,"FOUL  by FENTON,CLINT",1
05:03,,25,,29 (+4),"GOOD FT by WELCH,ROSS",BSC 25-29 (+4),,"GOOD FT by WELCH,ROSS",1
05:03,,25,,30 (+5),"GOOD FT by WELCH,ROSS",BSC 25-30 (+5),,"GOOD FT by WELCH,ROSS",1
05:03,"SUB IN by MCCLOUD,LEE",,,,,,,"SUB IN by MCCLOUD,LEE",1
05:03,"SUB OUT by MARDER,NICK",,,,,,,"SUB OUT by MARDER,NICK",1
05:03,,,,,"SUB IN by DENEKA,HARRISON",,,"SUB IN by DENEKA,HARRISON",1
05:03,,,,,"SUB IN by MURPHY,JUWAN",,,"SUB IN by MURPHY,JUWAN",1
05:03,,,,,"SUB OUT by BARRON,MAC",,,"SUB OUT by BARRON,MAC",1
05:03,,,,,"SUB OUT by LEWIS,EVAN",,,"SUB OUT by LEWIS,EVAN",1
04:34,"GOOD 3PTR by JOHNSON,CALEB",28,,30 (+2),,BCM 28-30 (+2),,"GOOD 3PTR by JOHNSON,CALEB",1
04:17,"FOUL  by JACOBS,OWEN",,,,,,,"FOUL  by JACOBS,OWEN",1
04:17,,,,,"MISS FT by RUDAK,MATTY",,,"MISS FT by RUDAK,MATTY",1
--,,,,,REBOUND DEADB by TEAM,,,REBOUND DEADB by TEAM,1
04:17,,,,,"MISS FT by RUDAK,MATTY",,,"MISS FT by RUDAK,MATTY",1
--,"REBOUND DEF by JACOBS,OWEN",,,,,,,"REBOUND DEF by JACOBS,OWEN",1
03:52,"MISS JUMPER by JOHNSON,CALEB",,,,,,,"MISS JUMPER by JOHNSON,CALEB",1
--,"REBOUND OFF by JACOBS,OWEN",,,,,,,"REBOUND OFF by JACOBS,OWEN",1
03:49,"GOOD TIPIN by JACOBS,OWEN(in the paint)",30,,30,,BCM 30-30 (0),,"GOOD TIPIN by JACOBS,OWEN(in the paint)",1
03:33,"FOUL  by JACOBS,OWEN",,,,,,,"FOUL  by JACOBS,OWEN",1
03:33,,30,,31 (+1),"GOOD FT by WELCH,ROSS",BSC 30-31 (+1),,"GOOD FT by WELCH,ROSS",1
03:33,,30,,32 (+2),"GOOD FT by WELCH,ROSS",BSC 30-32 (+2),,"GOOD FT by WELCH,ROSS",1
03:33,"SUB IN by SPALDING,TANNER",,,,,,,"SUB IN by SPALDING,TANNER",1
03:33,"SUB IN by ELLINGSWORTH,COLEMAN",,,,,,,"SUB IN by ELLINGSWORTH,COLEMAN",1
03:33,"SUB OUT by JACOBS,OWEN",,,,,,,"SUB OUT by JACOBS,OWEN",1
03:33,"SUB OUT by FENTON,CLINT",,,,,,,"SUB OUT by FENTON,CLINT",1
03:33,,,,,"SUB IN by MCLEAN,JAMES",,,"SUB IN by MCLEAN,JAMES",1
03:33,,,,,"SUB IN by LEWIS,EVAN",,,"SUB IN by LEWIS,EVAN",1
03:33,,,,,"SUB OUT by WELCH,ROSS",,,"SUB OUT by WELCH,ROSS",1
03:33,,,,,"SUB OUT by MURPHY,JUWAN",,,"SUB OUT by MURPHY,JUWAN",1
03:23,,,,,"FOUL  by RUDAK,MATTY",,,"FOUL  by RUDAK,MATTY",1
03:23,"MISS FT by MCCLOUD,LEE",,,,,,,"MISS FT by MCCLOUD,LEE",1
--,REBOUND DEADB by TEAM,,,,,,,REBOUND DEADB by TEAM,1
03:23,"GOOD FT by MCCLOUD,LEE",31,,32 (+1),,BCM 31-32 (+1),,"GOOD FT by MCCLOUD,LEE",1
03:11,,,,,"MISS LAYUP by MCLEAN,JAMES",,,"MISS LAYUP by MCLEAN,JAMES",1
--,"REBOUND DEF by ELLINGSWORTH,COLEMAN",,,,,,,"REBOUND DEF by ELLINGSWORTH,COLEMAN",1
03:10,,,,,"FOUL  by MCLEAN,JAMES",,,"FOUL  by MCLEAN,JAMES",1
03:10,"GOOD FT by SCHERRMAN,BLAKE",32,,32,,BCM 32-32 (0),,"GOOD FT by SCHERRMAN,BLAKE",1
03:10,"GOOD FT by SCHERRMAN,BLAKE",33 (+1),,32,,BCM 33-32 (-1),,"GOOD FT by SCHERRMAN,BLAKE",1
03:10,,,,,"SUB IN by WELCH,ROSS",,,"SUB IN by WELCH,ROSS",1
03:10,,,,,"SUB OUT by MCLEAN,JAMES",,,"SUB OUT by MCLEAN,JAMES",1
02:51,"FOUL  by SPALDING,TANNER",,,,,,,"FOUL  by SPALDING,TANNER",1
02:51,,,,,"MISS FT by RUDAK,MATTY",,,"MISS FT by RUDAK,MATTY",1
--,,,,,REBOUND DEADB by TEAM,,,REBOUND DEADB by TEAM,1
02:51,,33,,33,"GOOD FT by RUDAK,MATTY",BSC 33-33 (0),,"GOOD FT by RUDAK,MATTY",1
02:34,"GOOD 3PTR by SPALDING,TANNER",36 (+3),,33,,BCM 36-33 (-3),,"GOOD 3PTR by SPALDING,TANNER",1
02:09,,,,,"MISS 3PTR by DENEKA,HARRISON",,,"MISS 3PTR by DENEKA,HARRISON",1
--,,,,,"REBOUND OFF by CRAIN,JOHN",,,"REBOUND OFF by CRAIN,JOHN",1
02:04,,36 (+1),,35,"GOOD TIPIN by CRAIN,JOHN(in the paint)",BSC 36-35 (-1),,"GOOD TIPIN by CRAIN,JOHN(in the paint)",1
01:36,"MISS 3PTR by JOHNSON,CALEB",,,,,,,"MISS 3PTR by JOHNSON,CALEB",1
--,"REBOUND OFF by MCCLOUD,LEE",,,,,,,"REBOUND OFF by MCCLOUD,LEE",1
01:18,"MISS LAYUP by SCHERRMAN,BLAKE",,,,,,,"MISS LAYUP by SCHERRMAN,BLAKE",1
--,,,,,"REBOUND DEF by DENEKA,HARRISON",,,"REBOUND DEF by DENEKA,HARRISON",1
00:57,"FOUL  by MCCLOUD,LEE",,,,,,,"FOUL  by MCCLOUD,LEE",1
00:57,,36,,36,"GOOD FT by WELCH,ROSS",BSC 36-36 (0),,"GOOD FT by WELCH,ROSS",1
00:57,,,,,"MISS FT by WELCH,ROSS",,,"MISS FT by WELCH,ROSS",1
--,"REBOUND DEF by SPALDING,TANNER",,,,,,,"REBOUND DEF by SPALDING,TANNER",1
00:57,"SUB IN by MCCLOUD,ALTON",,,,,,,"SUB IN by MCCLOUD,ALTON",1
00:57,"SUB OUT by MCCLOUD,LEE",,,,,,,"SUB OUT by MCCLOUD,LEE",1
00:57,,,,,"SUB IN by MURPHY,JUWAN",,,"SUB IN by MURPHY,JUWAN",1
00:57,,,,,"SUB OUT by CRAIN,JOHN",,,"SUB OUT by CRAIN,JOHN",1
00:54,"TURNOVER  by SPALDING,TANNER",,,,,,,"TURNOVER  by SPALDING,TANNER",1
00:53,,,,,"STEAL  by RUDAK,MATTY",,,"STEAL  by RUDAK,MATTY",1
00:35,,,,,TIMEOUT 30SEC by TEAM,,,TIMEOUT 30SEC by TEAM,1
00:26,,36,,38 (+2),"GOOD LAYUP by LEWIS,EVAN(in the paint)",BSC 36-38 (+2),,"GOOD LAYUP by LEWIS,EVAN(in the paint)",1
00:05,"GOOD LAYUP by JOHNSON,CALEB(in the paint)",38,,38,,BCM 38-38 (0),,"GOOD LAYUP by JOHNSON,CALEB(in the paint)",1
19:44,,38,,40 (+2),"GOOD LAYUP by AVERY,ALEX(in the paint)",BSC 38-40 (+2),,"GOOD LAYUP by AVERY,ALEX(in the paint)",2
--,,,,,"ASSIST  by LEWIS,EVAN",,,"ASSIST  by LEWIS,EVAN",2
19:44,"FOUL  by SCHERRMAN,BLAKE",,,,,,,"FOUL  by SCHERRMAN,BLAKE",2
19:44,,38,,41 (+3),"GOOD FT by AVERY,ALEX",BSC 38-41 (+3),,"GOOD FT by AVERY,ALEX",2
19:33,"GOOD LAYUP by MCCLOUD,ALTON(in the paint)",40,,41 (+1),,BCM 40-41 (+1),,"GOOD LAYUP by MCCLOUD,ALTON(in the paint)",2
19:06,,40,,44 (+4),"GOOD 3PTR by WELCH,ROSS",BSC 40-44 (+4),,"GOOD 3PTR by WELCH,ROSS",2
--,,,,,"ASSIST  by AVERY,ALEX",,,"ASSIST  by AVERY,ALEX",2
18:28,"MISS 3PTR by MCCLOUD,LEE",,,,,,,"MISS 3PTR by MCCLOUD,LEE",2
--,,,,,"REBOUND DEF by LEWIS,EVAN",,,"REBOUND DEF by LEWIS,EVAN",2
18:14,,40,,46 (+6),"GOOD LAYUP by AVERY,ALEX(in the paint)",BSC 40-46 (+6),,"GOOD LAYUP by AVERY,ALEX(in the paint)",2
--,,,,,"ASSIST  by DENEKA,HARRISON",,,"ASSIST  by DENEKA,HARRISON",2
17:48,,,,,"FOUL  by DENEKA,HARRISON",,,"FOUL  by DENEKA,HARRISON",2
17:48,"MISS FT by MCCLOUD,ALTON",,,,,,,"MISS FT by MCCLOUD,ALTON",2
--,REBOUND DEADB by TEAM,,,,,,,REBOUND DEADB by TEAM,2
17:48,"GOOD FT by MCCLOUD,ALTON",41,,46 (+5),,BCM 41-46 (+5),,"GOOD FT by MCCLOUD,ALTON",2
17:22,,,,,"TURNOVER  by THOM,IAN",,,"TURNOVER  by THOM,IAN",2
17:19,"STEAL  by JACOBS,OWEN",,,,,,,"STEAL  by JACOBS,OWEN",2
17:06,"GOOD LAYUP by JOHNSON,CALEB(in the paint)",43,,46 (+3),,BCM 43-46 (+3),,"GOOD LAYUP by JOHNSON,CALEB(in the paint)",2
16:56,,,,,"MISS 3PTR by LEWIS,EVAN",,,"MISS 3PTR by LEWIS,EVAN",2
--,"REBOUND DEF by MCCLOUD,ALTON",,,,,,,"REBOUND DEF by MCCLOUD,ALTON",2
16:47,,,,,"FOUL  by LEWIS,EVAN",,,"FOUL  by LEWIS,EVAN",2
16:32,"GOOD LAYUP by SCHERRMAN,BLAKE(in the paint)",45,,46 (+1),,BCM 45-46 (+1),,"GOOD LAYUP by SCHERRMAN,BLAKE(in the paint)",2
16:16,,45,,48 (+3),"GOOD LAYUP by DENEKA,HARRISON(in the paint)",BSC 45-48 (+3),,"GOOD LAYUP by DENEKA,HARRISON(in the paint)",2
--,,,,,"ASSIST  by AVERY,ALEX",,,"ASSIST  by AVERY,ALEX",2
16:07,"MISS LAYUP by MCCLOUD,LEE",,,,,,,"MISS LAYUP by MCCLOUD,LEE",2
16:07,,,,,"BLOCK  by AVERY,ALEX",,,"BLOCK  by AVERY,ALEX",2
--,,,,,"REBOUND DEF by AVERY,ALEX",,,"REBOUND DEF by AVERY,ALEX",2
16:01,,45,,50 (+5),"GOOD LAYUP by LEWIS,EVAN(in the paint)",BSC 45-50 (+5),,"GOOD LAYUP by LEWIS,EVAN(in the paint)",2
16:01,"FOUL  by SCHERRMAN,BLAKE",,,,,,,"FOUL  by SCHERRMAN,BLAKE",2
16:01,,45,,51 (+6),"GOOD FT by LEWIS,EVAN",BSC 45-51 (+6),,"GOOD FT by LEWIS,EVAN",2
16:01,"SUB IN by KORN,LUKAS",,,,,,,"SUB IN by KORN,LUKAS",2
16:01,"SUB OUT by MCCLOUD,ALTON",,,,,,,"SUB OUT by MCCLOUD,ALTON",2
15:44,"GOOD 3PTR by SCHERRMAN,BLAKE",48,,51 (+3),,BCM 48-51 (+3),,"GOOD 3PTR by SCHERRMAN,BLAKE",2
15:28,,,,,"MISS LAYUP by THOM,IAN",,,"MISS LAYUP by THOM,IAN",2
--,,,,,"REBOUND OFF by WELCH,ROSS",,,"REBOUND OFF by WELCH,ROSS",2
15:09,,,,,"MISS 3PTR by WELCH,ROSS",,,"MISS 3PTR by WELCH,ROSS",2
--,REBOUND DEF by TEAM,,,,,,,REBOUND DEF by TEAM,2
15:07,,,,,"FOUL  by AVERY,ALEX",,,"FOUL  by AVERY,ALEX",2
15:07,,,,,"SUB IN by RUDAK,MATTY",,,"SUB IN by RUDAK,MATTY",2
15:07,,,,,"SUB IN by MCLEAN,JAMES",,,"SUB IN by MCLEAN,JAMES",2
15:07,,,,,"SUB OUT by AVERY,ALEX",,,"SUB OUT by AVERY,ALEX",2
15:07,,,,,"SUB OUT by LEWIS,EVAN",,,"SUB OUT by LEWIS,EVAN",2
14:46,"MISS JUMPER by SCHERRMAN,BLAKE",,,,,,,"MISS JUMPER by SCHERRMAN,BLAKE",2
--,"REBOUND OFF by JACOBS,OWEN",,,,,,,"REBOUND OFF by JACOBS,OWEN",2
14:44,"MISS LAYUP by JACOBS,OWEN",,,,,,,"MISS LAYUP by JACOBS,OWEN",2
--,,,,,"REBOUND DEF by RUDAK,MATTY",,,"REBOUND DEF by RUDAK,MATTY",2
14:39,"FOUL  by JOHNSON,CALEB",,,,,,,"FOUL  by JOHNSON,CALEB",2
14:39,,48,,52 (+4),"GOOD FT by DENEKA,HARRISON",BSC 48-52 (+4),,"GOOD FT by DENEKA,HARRISON",2
14:39,,48,,53 (+5),"GOOD FT by DENEKA,HARRISON",BSC 48-53 (+5),,"GOOD FT by DENEKA,HARRISON",2
14:22,"MISS JUMPER by JOHNSON,CALEB",,,,,,,"MISS JUMPER by JOHNSON,CALEB",2
14:22,,,,,"BLOCK  by RUDAK,MATTY",,,"BLOCK  by RUDAK,MATTY",2
--,,,,,"REBOUND DEF by DENEKA,HARRISON",,,"REBOUND DEF by DENEKA,HARRISON",2
14:13,,48,,55 (+7),"GOOD LAYUP by WELCH,ROSS(in the paint)",BSC 48-55 (+7),,"GOOD LAYUP by WELCH,ROSS(in the paint)",2
14:05,TIMEOUT TEAM by TEAM,,,,,,,TIMEOUT TEAM by TEAM,2
14:00,"MISS LAYUP by JACOBS,OWEN",,,,,,,"MISS LAYUP by JACOBS,OWEN",2
14:00,,,,,"BLOCK  by RUDAK,MATTY",,,"BLOCK  by RUDAK,MATTY",2
--,,,,,"REBOUND DEF by RUDAK,MATTY",,,"REBOUND DEF by RUDAK,MATTY",2
13:59,"FOUL  by KORN,LUKAS",,,,,,,"FOUL  by KORN,LUKAS",2
13:36,,,,,"FOUL  by THOM,IAN",,,"FOUL  by THOM,IAN",2
13:36,,,,,"TURNOVER  by THOM,IAN",,,"TURNOVER  by THOM,IAN",2
13:36,"SUB IN by MARDER,NICK",,,,,,,"SUB IN by MARDER,NICK",2
13:36,"SUB OUT by MCCLOUD,LEE",,,,,,,"SUB OUT by MCCLOUD,LEE",2
13:36,,,,,"SUB IN by CRAIN,JOHN",,,"SUB IN by CRAIN,JOHN",2
13:36,,,,,"SUB IN by MURPHY,JUWAN",,,"SUB IN by MURPHY,JUWAN",2
13:36,,,,,"SUB OUT by THOM,IAN",,,"SUB OUT by THOM,IAN",2
13:36,,,,,"SUB OUT by WELCH,ROSS",,,"SUB OUT by WELCH,ROSS",2
13:09,"GOOD LAYUP by KORN,LUKAS(in the paint)",50,,55 (+5),,BCM 50-55 (+5),,"GOOD LAYUP by KORN,LUKAS(in the paint)",2
12:56,,50,,58 (+8),"GOOD 3PTR by MCLEAN,JAMES",BSC 50-58 (+8),,"GOOD 3PTR by MCLEAN,JAMES",2
12:46,"MISS LAYUP by KORN,LUKAS",,,,,,,"MISS LAYUP by KORN,LUKAS",2
--,,,,,"REBOUND DEF by DENEKA,HARRISON",,,"REBOUND DEF by DENEKA,HARRISON",2
12:40,,,,,"FOUL  by DENEKA,HARRISON",,,"FOUL  by DENEKA,HARRISON",2
12:40,"FOUL  by KORN,LUKAS",,,,,,,"FOUL  by KORN,LUKAS",2
12:40,"FOUL TECH by KORN,LUKAS",,,,,,,"FOUL TECH by KORN,LUKAS",2
12:40,,,,,"FOUL  by DENEKA,HARRISON",,,"FOUL  by DENEKA,HARRISON",2
12:40,,,,,"FOUL TECH by DENEKA,HARRISON",,,"FOUL TECH by DENEKA,HARRISON",2
12:40,"SUB IN by MCCLOUD,ALTON",,,,,,,"SUB IN by MCCLOUD,ALTON",2
12:40,"SUB OUT by KORN,LUKAS",,,,,,,"SUB OUT by KORN,LUKAS",2
12:31,,,,,"MISS 3PTR by CRAIN,JOHN",,,"MISS 3PTR by CRAIN,JOHN",2
--,,,,,"REBOUND OFF by RUDAK,MATTY",,,"REBOUND OFF by RUDAK,MATTY",2
12:25,,50,,60 (+10),"GOOD LAYUP by RUDAK,MATTY(in the paint)",BSC 50-60 (+10),,"GOOD LAYUP by RUDAK,MATTY(in the paint)",2
12:17,"GOOD LAYUP by JOHNSON,CALEB(in the paint)",52,,60 (+8),,BCM 52-60 (+8),,"GOOD LAYUP by JOHNSON,CALEB(in the paint)",2
12:13,TIMEOUT TEAM by TEAM,,,,,,,TIMEOUT TEAM by TEAM,2
12:09,"FOUL  by MARDER,NICK",,,,,,,"FOUL  by MARDER,NICK",2
12:09,,,,,"MISS FT by MURPHY,JUWAN",,,"MISS FT by MURPHY,JUWAN",2
--,,,,,"REBOUND OFF by DENEKA,HARRISON",,,"REBOUND OFF by DENEKA,HARRISON",2
12:03,,52,,62 (+10),"GOOD LAYUP by DENEKA,HARRISON(in the paint)",BSC 52-62 (+10),,"GOOD LAYUP by DENEKA,HARRISON(in the paint)",2
11:40,"GOOD 3PTR by SCHERRMAN,BLAKE",55,,62 (+7),,BCM 55-62 (+7),,"GOOD 3PTR by SCHERRMAN,BLAKE",2
11:31,"FOUL  by SCHERRMAN,BLAKE",,,,,,,"FOUL  by SCHERRMAN,BLAKE",2
11:31,,,,,"MISS FT by MURPHY,JUWAN",,,"MISS FT by MURPHY,JUWAN",2
--,"REBOUND DEF by SPALDING,TANNER",,,,,,,"REBOUND DEF by SPALDING,TANNER",2
11:31,"SUB IN by SPALDING,TANNER",,,,,,,"SUB IN by SPALDING,TANNER",2
11:31,"SUB OUT by MCCLOUD,ALTON",,,,,,,"SUB OUT by MCCLOUD,ALTON",2
11:31,,,,,"SUB IN by AVERY,ALEX",,,"SUB IN by AVERY,ALEX",2
11:31,,,,,"SUB OUT by DENEKA,HARRISON",,,"SUB OUT by DENEKA,HARRISON",2
11:11,"GOOD 3PTR by SCHERRMAN,BLAKE",58,,62 (+4),,BCM 58-62 (+4),,"GOOD 3PTR by SCHERRMAN,BLAKE",2
10:54,,,,,TIMEOUT 30SEC by TEAM,,,TIMEOUT 30SEC by TEAM,2
10:54,"SUB IN by NEWKIRK,KAHLIL",,,,,,,"SUB IN by NEWKIRK,KAHLIL",2
10:54,"SUB OUT by SCHERRMAN,BLAKE",,,,,,,"SUB OUT by SCHERRMAN,BLAKE",2
10:54,,,,,"SUB IN by LEWIS,EVAN",,,"SUB IN by LEWIS,EVAN",2
10:54,,,,,"SUB OUT by MURPHY,JUWAN",,,"SUB OUT by MURPHY,JUWAN",2
10:41,,58,,64 (+6),"GOOD LAYUP by RUDAK,MATTY(in the paint)",BSC 58-64 (+6),,"GOOD LAYUP by RUDAK,MATTY(in the paint)",2
--,,,,,"ASSIST  by AVERY,ALEX",,,"ASSIST  by AVERY,ALEX",2
10:16,"MISS LAYUP by JOHNSON,CALEB",,,,,,,"MISS LAYUP by JOHNSON,CALEB",2
--,,,,,"REBOUND DEF by LEWIS,EVAN",,,"REBOUND DEF by LEWIS,EVAN",2
10:01,,58,,67 (+9),"GOOD 3PTR by CRAIN,JOHN",BSC 58-67 (+9),,"GOOD 3PTR by CRAIN,JOHN",2
--,,,,,"ASSIST  by MCLEAN,JAMES",,,"ASSIST  by MCLEAN,JAMES",2
09:50,"SUB IN by MCCLOUD,LEE",,,,,,,"SUB IN by MCCLOUD,LEE",2
09:50,"SUB OUT by NEWKIRK,KAHLIL",,,,,,,"SUB OUT by NEWKIRK,KAHLIL",2
09:50,,,,,"SUB IN by WELCH,ROSS",,,"SUB IN by WELCH,ROSS",2
09:50,,,,,"SUB OUT by CRAIN,JOHN",,,"SUB OUT by CRAIN,JOHN",2
09:47,"MISS LAYUP by SPALDING,TANNER",,,,,,,"MISS LAYUP by SPALDING,TANNER",2
--,,,,,"REBOUND DEF by RUDAK,MATTY",,,"REBOUND DEF by RUDAK,MATTY",2
09:17,,,,,"MISS LAYUP by RUDAK,MATTY",,,"MISS LAYUP by RUDAK,MATTY",2
09:17,"BLOCK  by MARDER,NICK",,,,,,,"BLOCK  by MARDER,NICK",2
--,"REBOUND DEF by JACOBS,OWEN",,,,,,,"REBOUND DEF by JACOBS,OWEN",2
09:06,"SUB IN by MCCLOUD,ALTON",,,,,,,"SUB IN by MCCLOUD,ALTON",2
09:06,"SUB OUT by MARDER,NICK",,,,,,,"SUB OUT by MARDER,NICK",2
08:51,"GOOD LAYUP by MARDER,NICK(in the paint)",60,,67 (+7),,BCM 60-67 (+7),,"GOOD LAYUP by MARDER,NICK(in the paint)",2
08:48,,,,,"SUB IN by DENEKA,HARRISON",,,"SUB IN by DENEKA,HARRISON",2
08:48,,,,,"SUB IN by CRAIN,JOHN",,,"SUB IN by CRAIN,JOHN",2
08:48,,,,,"SUB OUT by RUDAK,MATTY",,,"SUB OUT by RUDAK,MATTY",2
08:48,,,,,"SUB OUT by MCLEAN,JAMES",,,"SUB OUT by MCLEAN,JAMES",2
08:40,,,,,"MISS 3PTR by DENEKA,HARRISON",,,"MISS 3PTR by DENEKA,HARRISON",2
--,,,,,"REBOUND OFF by AVERY,ALEX",,,"REBOUND OFF by AVERY,ALEX",2
08:23,,60,,69 (+9),"GOOD LAYUP by DENEKA,HARRISON(in the paint)",BSC 60-69 (+9),,"GOOD LAYUP by DENEKA,HARRISON(in the paint)",2
--,,,,,"ASSIST  by CRAIN,JOHN",,,"ASSIST  by CRAIN,JOHN",2
08:12,,,,,"FOUL  by DENEKA,HARRISON",,,"FOUL  by DENEKA,HARRISON",2
08:12,"GOOD FT by MCCLOUD,ALTON",61,,69 (+8),,BCM 61-69 (+8),,"GOOD FT by MCCLOUD,ALTON",2
08:12,"GOOD FT by MCCLOUD,ALTON",62,,69 (+7),,BCM 62-69 (+7),,"GOOD FT by MCCLOUD,ALTON",2
08:12,"SUB IN by SCHERRMAN,BLAKE",,,,,,,"SUB IN by SCHERRMAN,BLAKE",2
08:12,"SUB OUT by SPALDING,TANNER",,,,,,,"SUB OUT by SPALDING,TANNER",2
08:12,,,,,"SUB IN by RUDAK,MATTY",,,"SUB IN by RUDAK,MATTY",2
08:12,,,,,"SUB OUT by DENEKA,HARRISON",,,"SUB OUT by DENEKA,HARRISON",2
07:45,"FOUL  by MCCLOUD,ALTON",,,,,,,"FOUL  by MCCLOUD,ALTON",2
07:45,,,,,"MISS FT by RUDAK,MATTY",,,"MISS FT by RUDAK,MATTY",2
--,"REBOUND DEF by JACOBS,OWEN",,,,,,,"REBOUND DEF by JACOBS,OWEN",2
07:45,,,,,"SUB IN by THOM,IAN",,,"SUB IN by THOM,IAN",2
07:45,,,,,"SUB OUT by CRAIN,JOHN",,,"SUB OUT by CRAIN,JOHN",2
07:29,"MISS LAYUP by JACOBS,OWEN",,,,,,,"MISS LAYUP by JACOBS,OWEN",2
--,"REBOUND OFF by JACOBS,OWEN",,,,,,,"REBOUND OFF by JACOBS,OWEN",2
07:26,,,,,"FOUL  by RUDAK,MATTY",,,"FOUL  by RUDAK,MATTY",2
07:26,"GOOD FT by JACOBS,OWEN",63,,69 (+6),,BCM 63-69 (+6),,"GOOD FT by JACOBS,OWEN",2
07:26,"GOOD FT by JACOBS,OWEN",64,,69 (+5),,BCM 64-69 (+5),,"GOOD FT by JACOBS,OWEN",2
07:11,"FOUL  by MCCLOUD,ALTON",,,,,,,"FOUL  by MCCLOUD,ALTON",2
07:11,,64,,70 (+6),"GOOD FT by RUDAK,MATTY",BSC 64-70 (+6),,"GOOD FT by RUDAK,MATTY",2
07:11,,64,,71 (+7),"GOOD FT by RUDAK,MATTY",BSC 64-71 (+7),,"GOOD FT by RUDAK,MATTY",2
07:11,"SUB IN by ELLINGSWORTH,COLEMAN",,,,,,,"SUB IN by ELLINGSWORTH,COLEMAN",2
07:11,"SUB OUT by MCCLOUD,ALTON",,,,,,,"SUB OUT by MCCLOUD,ALTON",2
07:11,,,,,"SUB IN by MCLEAN,JAMES",,,"SUB IN by MCLEAN,JAMES",2
07:11,,,,,"SUB OUT by AVERY,ALEX",,,"SUB OUT by AVERY,ALEX",2
07:03,"MISS LAYUP by JOHNSON,CALEB",,,,,,,"MISS LAYUP by JOHNSON,CALEB",2
--,"REBOUND OFF by ELLINGSWORTH,COLEMAN",,,,,,,"REBOUND OFF by ELLINGSWORTH,COLEMAN",2
07:00,"GOOD LAYUP by ELLINGSWORTH,COLEMAN(in the paint)",66,,71 (+5),,BCM 66-71 (+5),,"GOOD LAYUP by ELLINGSWORTH,COLEMAN(in the paint)",2
06:56,,,,,"MISS 3PTR by MCLEAN,JAMES",,,"MISS 3PTR by MCLEAN,JAMES",2
--,,,,,REBOUND OFF by TEAM,,,REBOUND OFF by TEAM,2
06:54,"FOUL  by JACOBS,OWEN",,,,,,,"FOUL  by JACOBS,OWEN",2
06:54,,,,,"MISS FT by RUDAK,MATTY",,,"MISS FT by RUDAK,MATTY",2
--,,,,,REBOUND DEADB by TEAM,,,REBOUND DEADB by TEAM,2
06:54,,66,,72 (+6),"GOOD FT by RUDAK,MATTY",BSC 66-72 (+6),,"GOOD FT by RUDAK,MATTY",2
06:40,"MISS 3PTR by MCCLOUD,LEE",,,,,,,"MISS 3PTR by MCCLOUD,LEE",2
--,,,,,"REBOUND DEF by RUDAK,MATTY",,,"REBOUND DEF by RUDAK,MATTY",2
06:21,,,,,"MISS LAYUP by THOM,IAN",,,"MISS LAYUP by THOM,IAN",2
--,,,,,"REBOUND OFF by RUDAK,MATTY",,,"REBOUND OFF by RUDAK,MATTY",2
06:17,,,,,"TURNOVER  by RUDAK,MATTY",,,"TURNOVER  by RUDAK,MATTY",2
06:15,"STEAL  by SCHERRMAN,BLAKE",,,,,,,"STEAL  by SCHERRMAN,BLAKE",2
06:14,"TURNOVER  by SCHERRMAN,BLAKE",,,,,,,"TURNOVER  by SCHERRMAN,BLAKE",2
06:13,,,,,"STEAL  by RUDAK,MATTY",,,"STEAL  by RUDAK,MATTY",2
06:08,,66,,75 (+9),"GOOD 3PTR by LEWIS,EVAN",BSC 66-75 (+9),,"GOOD 3PTR by LEWIS,EVAN",2
--,,,,,"ASSIST  by MCLEAN,JAMES",,,"ASSIST  by MCLEAN,JAMES",2
05:45,"GOOD LAYUP by JACOBS,OWEN(in the paint)",68,,75 (+7),,BCM 68-75 (+7),,"GOOD LAYUP by JACOBS,OWEN(in the paint)",2
05:44,TIMEOUT TEAM by TEAM,,,,,,,TIMEOUT TEAM by TEAM,2
05:44,,,,,"SUB IN by DENEKA,HARRISON",,,"SUB IN by DENEKA,HARRISON",2
05:44,,,,,"SUB IN by AVERY,ALEX",,,"SUB IN by AVERY,ALEX",2
05:44,,,,,"SUB OUT by RUDAK,MATTY",,,"SUB OUT by RUDAK,MATTY",2
05:44,,,,,"SUB OUT by THOM,IAN",,,"SUB OUT by THOM,IAN",2
05:28,,,,,"TURNOVER  by LEWIS,EVAN",,,"TURNOVER  by LEWIS,EVAN",2
05:26,"STEAL  by ELLINGSWORTH,COLEMAN",,,,,,,"STEAL  by ELLINGSWORTH,COLEMAN",2
05:06,"GOOD LAYUP by SCHERRMAN,BLAKE(in the paint)",70,,75 (+5),,BCM 70-75 (+5),,"GOOD LAYUP by SCHERRMAN,BLAKE(in the paint)",2
04:42,,,,,"TURNOVER  by DENEKA,HARRISON",,,"TURNOVER  by DENEKA,HARRISON",2
04:40,"STEAL  by SCHERRMAN,BLAKE",,,,,,,"STEAL  by SCHERRMAN,BLAKE",2
04:26,"MISS JUMPER by JOHNSON,CALEB",,,,,,,"MISS JUMPER by JOHNSON,CALEB",2
--,"REBOUND OFF by JOHNSON,CALEB",,,,,,,"REBOUND OFF by JOHNSON,CALEB",2
04:24,"GOOD LAYUP by JOHNSON,CALEB(in the paint)",72,,75 (+3),,BCM 72-75 (+3),,"GOOD LAYUP by JOHNSON,CALEB(in the paint)",2
04:08,,72,,77 (+5),"GOOD LAYUP by DENEKA,HARRISON(in the paint)",BSC 72-77 (+5),,"GOOD LAYUP by DENEKA,HARRISON(in the paint)",2
--,,,,,"ASSIST  by AVERY,ALEX",,,"ASSIST  by AVERY,ALEX",2
03:49,"MISS 3PTR by SCHERRMAN,BLAKE",,,,,,,"MISS 3PTR by SCHERRMAN,BLAKE",2
--,,,,,"REBOUND DEF by WELCH,ROSS",,,"REBOUND DEF by WELCH,ROSS",2
03:30,,,,,"TURNOVER  by LEWIS,EVAN",,,"TURNOVER  by LEWIS,EVAN",2
03:29,"STEAL  by MCCLOUD,LEE",,,,,,,"STEAL  by MCCLOUD,LEE",2
03:27,,,,,"FOUL  by LEWIS,EVAN",,,"FOUL  by LEWIS,EVAN",2
03:27,"GOOD FT by MCCLOUD,LEE",73,,77 (+4),,BCM 73-77 (+4),,"GOOD FT by MCCLOUD,LEE",2
03:27,"MISS FT by MCCLOUD,LEE",,,,,,,"MISS FT by MCCLOUD,LEE",2
--,,,,,"REBOUND DEF by AVERY,ALEX",,,"REBOUND DEF by AVERY,ALEX",2
03:27,"SUB IN by MCCLOUD,ALTON",,,,,,,"SUB IN by MCCLOUD,ALTON",2
03:27,"SUB OUT by ELLINGSWORTH,COLEMAN",,,,,,,"SUB OUT by ELLINGSWORTH,COLEMAN",2
03:27,,,,,"SUB IN by THOM,IAN",,,"SUB IN by THOM,IAN",2
03:27,,,,,"SUB OUT by LEWIS,EVAN",,,"SUB OUT by LEWIS,EVAN",2
03:15,,,,,"MISS 3PTR by WELCH,ROSS",,,"MISS 3PTR by WELCH,ROSS",2
--,"REBOUND DEF by MCCLOUD,LEE",,,,,,,"REBOUND DEF by MCCLOUD,LEE",2
02:57,"MISS LAYUP by JOHNSON,CALEB",,,,,,,"MISS LAYUP by JOHNSON,CALEB",2
--,,,,,"REBOUND DEF by AVERY,ALEX",,,"REBOUND DEF by AVERY,ALEX",2
02:38,,,,,"MISS LAYUP by AVERY,ALEX",,,"MISS LAYUP by AVERY,ALEX",2
02:38,"BLOCK  by JOHNSON,CALEB",,,,,,,"BLOCK  by JOHNSON,CALEB",2
--,"REBOUND DEF by JOHNSON,CALEB",,,,,,,"REBOUND DEF by JOHNSON,CALEB",2
02:32,"MISS LAYUP by JOHNSON,CALEB",,,,,,,"MISS LAYUP by JOHNSON,CALEB",2
--,,,,,"REBOUND DEF by WELCH,ROSS",,,"REBOUND DEF by WELCH,ROSS",2
02:23,,,,,"MISS 3PTR by MCLEAN,JAMES",,,"MISS 3PTR by MCLEAN,JAMES",2
--,,,,,"REBOUND OFF by AVERY,ALEX",,,"REBOUND OFF by AVERY,ALEX",2
02:19,,,,,"MISS LAYUP by AVERY,ALEX",,,"MISS LAYUP by AVERY,ALEX",2
--,,,,,"REBOUND OFF by AVERY,ALEX",,,"REBOUND OFF by AVERY,ALEX",2
02:15,,,,,"MISS LAYUP by AVERY,ALEX",,,"MISS LAYUP by AVERY,ALEX",2
--,,,,,"REBOUND OFF by DENEKA,HARRISON",,,"REBOUND OFF by DENEKA,HARRISON",2
02:13,"FOUL  by MCCLOUD,ALTON",,,,,,,"FOUL  by MCCLOUD,ALTON",2
02:13,,73,,78 (+5),"GOOD FT by DENEKA,HARRISON",BSC 73-78 (+5),,"GOOD FT by DENEKA,HARRISON",2
02:13,,73,,79 (+6),"GOOD FT by DENEKA,HARRISON",BSC 73-79 (+6),,"GOOD FT by DENEKA,HARRISON",2
02:13,,,,,"SUB IN by LEWIS,EVAN",,,"SUB IN by LEWIS,EVAN",2
02:13,,,,,"SUB OUT by MCLEAN,JAMES",,,"SUB OUT by MCLEAN,JAMES",2
01:51,"MISS JUMPER by SCHERRMAN,BLAKE",,,,,,,"MISS JUMPER by SCHERRMAN,BLAKE",2
--,"REBOUND OFF by MCCLOUD,ALTON",,,,,,,"REBOUND OFF by MCCLOUD,ALTON",2
01:48,"MISS JUMPER by MCCLOUD,ALTON",,,,,,,"MISS JUMPER by MCCLOUD,ALTON",2
01:48,,,,,"BLOCK  by AVERY,ALEX",,,"BLOCK  by AVERY,ALEX",2
--,,,,,"REBOUND DEF by WELCH,ROSS",,,"REBOUND DEF by WELCH,ROSS",2
01:44,"FOUL  by JOHNSON,CALEB",,,,,,,"FOUL  by JOHNSON,CALEB",2
01:44,,73,,80 (+7),"GOOD FT by DENEKA,HARRISON",BSC 73-80 (+7),,"GOOD FT by DENEKA,HARRISON",2
01:44,,73,,81 (+8),"GOOD FT by DENEKA,HARRISON",BSC 73-81 (+8),,"GOOD FT by DENEKA,HARRISON",2
01:29,"GOOD 3PTR by MCCLOUD,LEE",76,,81 (+5),,BCM 76-81 (+5),,"GOOD 3PTR by MCCLOUD,LEE",2
01:29,TIMEOUT TEAM by TEAM,,,,,,,TIMEOUT TEAM by TEAM,2
01:04,,,,,"MISS LAYUP by AVERY,ALEX",,,"MISS LAYUP by AVERY,ALEX",2
--,,,,,"REBOUND OFF by AVERY,ALEX",,,"REBOUND OFF by AVERY,ALEX",2
01:02,,76,,83 (+7),"GOOD LAYUP by AVERY,ALEX(in the paint)",BSC 76-83 (+7),,"GOOD LAYUP by AVERY,ALEX(in the paint)",2
01:01,,,,,TIMEOUT TEAM by TEAM,,,TIMEOUT TEAM by TEAM,2
01:01,,,,,"SUB IN by MCLEAN,JAMES",,,"SUB IN by MCLEAN,JAMES",2
01:01,,,,,"SUB OUT by DENEKA,HARRISON",,,"SUB OUT by DENEKA,HARRISON",2
00:45,"MISS 3PTR by JOHNSON,CALEB",,,,,,,"MISS 3PTR by JOHNSON,CALEB",2
--,"REBOUND OFF by MCCLOUD,ALTON",,,,,,,"REBOUND OFF by MCCLOUD,ALTON",2
00:37,"MISS LAYUP by MCCLOUD,LEE",,,,,,,"MISS LAYUP by MCCLOUD,LEE",2
00:37,,,,,"BLOCK  by AVERY,ALEX",,,"BLOCK  by AVERY,ALEX",2
--,"REBOUND OFF by MCCLOUD,ALTON",,,,,,,"REBOUND OFF by MCCLOUD,ALTON",2
00:31,"MISS 3PTR by JOHNSON,CALEB",,,,,,,"MISS 3PTR by JOHNSON,CALEB",2
--,,,,,"REBOUND DEF by WELCH,ROSS",,,"REBOUND DEF by WELCH,ROSS",2
00:26,"FOUL  by MCCLOUD,LEE",,,,,,,"FOUL  by MCCLOUD,LEE",2
00:26,,76,,84 (+8),"GOOD FT by WELCH,ROSS",BSC 76-84 (+8),,"GOOD FT by WELCH,ROSS",2
00:26,,76,,85 (+9),"GOOD FT by WELCH,ROSS",BSC 76-85 (+9),,"GOOD FT by WELCH,ROSS",2
00:15,"MISS LAYUP by MCCLOUD,LEE",,,,,,,"MISS LAYUP by MCCLOUD,LEE",2
--,"REBOUND OFF by JACOBS,OWEN",,,,,,,"REBOUND OFF by JACOBS,OWEN",2
00:14,"GOOD TIPIN by JACOBS,OWEN(in the paint)",78,,85 (+7),,BCM 78-85 (+7),,"GOOD TIPIN by JACOBS,OWEN(in the paint)",2
00:14,"FOUL  by JOHNSON,CALEB",,,,,,,"FOUL  by JOHNSON,CALEB",2
00:14,,78,,86 (+8),"GOOD FT by AVERY,ALEX",BSC 78-86 (+8),,"GOOD FT by AVERY,ALEX",2
00:14,,78,,87 (+9),"GOOD FT by AVERY,ALEX",BSC 78-87 (+9),,"GOOD FT by AVERY,ALEX",2
00:06,"GOOD LAYUP by SCHERRMAN,BLAKE(in the paint)",80,,87 (+7),,BCM 80-87 (+7),,"GOOD LAYUP by SCHERRMAN,BLAKE(in the paint)",2
