Time Remaining,HC,Away Team Score,Play Team Indicator,Home Team Score,RHO,Game Score,Team Indicator,Play,Period
19:32,"MISS 3PTR by NIKOLOVSKI,DREW",,,,,,,"MISS 3PTR by NIKOLOVSKI,DREW",1
--,"REBOUND OFF by STEELE,AARON",,,,,,,"REBOUND OFF by STEELE,AARON",1
19:27,"GOOD JUMPER by STEELE,AARON",2 (+2),,0,,HC 2-0 (-2),,"GOOD JUMPER by STEELE,AARON",1
18:56,,,,,"MISS 3PTR by BUTTS,KEYSHAWN",,,"MISS 3PTR by BUTTS,KEYSHAWN",1
--,,,,,"REBOUND OFF by GEE,TYLER",,,"REBOUND OFF by GEE,TYLER",1
18:35,,2,,2,"GOOD LAYUP by GALVIN,DANIEL(in the paint)",RHO 2-2 (0),,"GOOD LAYUP by GALVIN,DANIEL(in the paint)",1
--,,,,,"ASSIST  by BUTTS,KEYSHAWN",,,"ASSIST  by BUTTS,KEYSHAWN",1
18:22,,,,,"FOUL  by GALVIN,DANIEL",,,"FOUL  by GALVIN,DANIEL",1
18:21,"GOOD JUMPER by NIKOLOVSKI,DREW",4 (+2),,2,,HC 4-2 (-2),,"GOOD JUMPER by NIKOLOVSKI,DREW",1
--,"ASSIST  by SMITH,PRESTON",,,,,,,"ASSIST  by SMITH,PRESTON",1
18:12,,,,,"TURNOVER  by SULLIVAN,BRENNAN",,,"TURNOVER  by SULLIVAN,BRENNAN",1
17:51,"MISS 3PTR by STEELE,AARON",,,,,,,"MISS 3PTR by STEELE,AARON",1
--,"REBOUND OFF by OGLE,JOHN",,,,,,,"REBOUND OFF by OGLE,JOHN",1
17:47,"GOOD LAYUP by OGLE,JOHN(in the paint)",6 (+4),,2,,HC 6-2 (-4),,"GOOD LAYUP by OGLE,JOHN(in the paint)",1
17:31,,6 (+2),,4,"GOOD LAYUP by GALVIN,DANIEL(in the paint)",RHO 6-4 (-2),,"GOOD LAYUP by GALVIN,DANIEL(in the paint)",1
17:16,"GOOD LAYUP by OGLE,JOHN(in the paint)",8 (+4),,4,,HC 8-4 (-4),,"GOOD LAYUP by OGLE,JOHN(in the paint)",1
17:05,,,,,"MISS JUMPER by SULLIVAN,BRENNAN",,,"MISS JUMPER by SULLIVAN,BRENNAN",1
--,,,,,"REBOUND OFF by BUTTS,KEYSHAWN",,,"REBOUND OFF by BUTTS,KEYSHAWN",1
16:59,,,,,"MISS JUMPER by BUTTS,KEYSHAWN",,,"MISS JUMPER by BUTTS,KEYSHAWN",1
--,"REBOUND DEF by STEELE,AARON",,,,,,,"REBOUND DEF by STEELE,AARON",1
16:42,"TURNOVER  by SMITH,PRESTON",,,,,,,"TURNOVER  by SMITH,PRESTON",1
16:41,,,,,"STEAL  by GEE,TYLER",,,"STEAL  by GEE,TYLER",1
16:33,,,,,"MISS LAYUP by WEIR,JJ",,,"MISS LAYUP by WEIR,JJ",1
--,"REBOUND DEF by LITTLEFIELD,GEAREN",,,,,,,"REBOUND DEF by LITTLEFIELD,GEAREN",1
16:19,,,,,"FOUL  by BUTTS,KEYSHAWN",,,"FOUL  by BUTTS,KEYSHAWN",1
16:19,"GOOD FT by OGLE,JOHN",9 (+5),,4,,HC 9-4 (-5),,"GOOD FT by OGLE,JOHN",1
16:19,"GOOD FT by OGLE,JOHN",10 (+6),,4,,HC 10-4 (-6),,"GOOD FT by OGLE,JOHN",1
15:46,,,,,"TURNOVER  by BUTTS,KEYSHAWN",,,"TURNOVER  by BUTTS,KEYSHAWN",1
15:44,"STEAL  by OGLE,JOHN",,,,,,,"STEAL  by OGLE,JOHN",1
15:31,"GOOD JUMPER by OGLE,JOHN",12 (+8),,4,,HC 12-4 (-8),,"GOOD JUMPER by OGLE,JOHN",1
--,"ASSIST  by LITTLEFIELD,GEAREN",,,,,,,"ASSIST  by LITTLEFIELD,GEAREN",1
15:02,,12 (+6),,6,"GOOD LAYUP by GALVIN,DANIEL(in the paint)",RHO 12-6 (-6),,"GOOD LAYUP by GALVIN,DANIEL(in the paint)",1
--,,,,,"ASSIST  by GEE,TYLER",,,"ASSIST  by GEE,TYLER",1
14:37,"GOOD LAYUP by SMITH,PRESTON(in the paint)",14 (+8),,6,,HC 14-6 (-8),,"GOOD LAYUP by SMITH,PRESTON(in the paint)",1
14:14,,,,,"MISS LAYUP by BUTTS,KEYSHAWN",,,"MISS LAYUP by BUTTS,KEYSHAWN",1
--,"REBOUND DEF by LITTLEFIELD,GEAREN",,,,,,,"REBOUND DEF by LITTLEFIELD,GEAREN",1
13:58,,,,,"FOUL  by WEIR,JJ",,,"FOUL  by WEIR,JJ",1
13:58,,,,,"SUB IN by LOWRIE,ANDREW",,,"SUB IN by LOWRIE,ANDREW",1
13:58,,,,,"SUB OUT by WEIR,JJ",,,"SUB OUT by WEIR,JJ",1
13:58,"SUB OUT by SMITH,PRESTON",,,,,,,"SUB OUT by SMITH,PRESTON",1
13:58,"SUB OUT by NIKOLOVSKI,DREW",,,,,,,"SUB OUT by NIKOLOVSKI,DREW",1
13:58,"SUB OUT by GARRETT,TRAVIS",,,,,,,"SUB OUT by GARRETT,TRAVIS",1
13:58,"SUB OUT by STEELE,AARON",,,,,,,"SUB OUT by STEELE,AARON",1
13:58,"SUB OUT by BATCHELOR,BRYCE",,,,,,,"SUB OUT by BATCHELOR,BRYCE",1
13:58,"SUB IN by SMITH,PRESTON",,,,,,,"SUB IN by SMITH,PRESTON",1
13:58,"SUB IN by NIKOLOVSKI,DREW",,,,,,,"SUB IN by NIKOLOVSKI,DREW",1
13:58,"SUB IN by OGLE,JOHN",,,,,,,"SUB IN by OGLE,JOHN",1
13:58,"SUB IN by GARRETT,TRAVIS",,,,,,,"SUB IN by GARRETT,TRAVIS",1
13:58,"SUB IN by BATCHELOR,BRYCE",,,,,,,"SUB IN by BATCHELOR,BRYCE",1
13:42,"GOOD JUMPER by OGLE,JOHN",16 (+10),,6,,HC 16-6 (-10),,"GOOD JUMPER by OGLE,JOHN",1
--,"ASSIST  by SMITH,PRESTON",,,,,,,"ASSIST  by SMITH,PRESTON",1
13:30,,16 (+7),,9,"GOOD 3PTR by SULLIVAN,BRENNAN",RHO 16-9 (-7),,"GOOD 3PTR by SULLIVAN,BRENNAN",1
--,,,,,"ASSIST  by GEE,TYLER",,,"ASSIST  by GEE,TYLER",1
13:07,"MISS LAYUP by OGLE,JOHN",,,,,,,"MISS LAYUP by OGLE,JOHN",1
--,,,,,"REBOUND DEF by BUTTS,KEYSHAWN",,,"REBOUND DEF by BUTTS,KEYSHAWN",1
12:56,,,,,"MISS LAYUP by GALVIN,DANIEL",,,"MISS LAYUP by GALVIN,DANIEL",1
--,,,,,"REBOUND OFF by GALVIN,DANIEL",,,"REBOUND OFF by GALVIN,DANIEL",1
12:55,"FOUL  by BATCHELOR,BRYCE",,,,,,,"FOUL  by BATCHELOR,BRYCE",1
12:55,,,,,TIMEOUT media by TEAM,,,TIMEOUT media by TEAM,1
12:55,"SUB IN by NOTLEY,CHANDLER",,,,,,,"SUB IN by NOTLEY,CHANDLER",1
12:55,"SUB OUT by OGLE,JOHN",,,,,,,"SUB OUT by OGLE,JOHN",1
12:55,,,,,"MISS FT by GALVIN,DANIEL",,,"MISS FT by GALVIN,DANIEL",1
--,,,,,REBOUND DEADB by TEAM,,,REBOUND DEADB by TEAM,1
12:55,,16 (+6),,10,"GOOD FT by GALVIN,DANIEL",RHO 16-10 (-6),,"GOOD FT by GALVIN,DANIEL",1
12:55,,,,,"SUB IN by HARRISON,IAN",,,"SUB IN by HARRISON,IAN",1
12:55,,,,,"SUB OUT by GALVIN,DANIEL",,,"SUB OUT by GALVIN,DANIEL",1
12:44,"GOOD 3PTR by SMITH,PRESTON",19 (+9),,10,,HC 19-10 (-9),,"GOOD 3PTR by SMITH,PRESTON",1
--,"ASSIST  by NIKOLOVSKI,DREW",,,,,,,"ASSIST  by NIKOLOVSKI,DREW",1
12:27,,,,,"MISS LAYUP by HARRISON,IAN",,,"MISS LAYUP by HARRISON,IAN",1
--,"REBOUND DEF by NIKOLOVSKI,DREW",,,,,,,"REBOUND DEF by NIKOLOVSKI,DREW",1
11:56,"GOOD JUMPER by NIKOLOVSKI,DREW",21 (+11),,10,,HC 21-10 (-11),,"GOOD JUMPER by NIKOLOVSKI,DREW",1
--,"ASSIST  by SMITH,PRESTON",,,,,,,"ASSIST  by SMITH,PRESTON",1
11:39,"FOUL  by BATCHELOR,BRYCE",,,,,,,"FOUL  by BATCHELOR,BRYCE",1
11:39,,21 (+10),,11,"GOOD FT by SULLIVAN,BRENNAN",RHO 21-11 (-10),,"GOOD FT by SULLIVAN,BRENNAN",1
11:39,,,,,"SUB IN by DARST,DANIEL",,,"SUB IN by DARST,DANIEL",1
11:39,,,,,"SUB OUT by BUTTS,KEYSHAWN",,,"SUB OUT by BUTTS,KEYSHAWN",1
11:39,"SUB OUT by SMITH,PRESTON",,,,,,,"SUB OUT by SMITH,PRESTON",1
11:39,"SUB OUT by NIKOLOVSKI,DREW",,,,,,,"SUB OUT by NIKOLOVSKI,DREW",1
11:39,"SUB OUT by GARRETT,TRAVIS",,,,,,,"SUB OUT by GARRETT,TRAVIS",1
11:39,"SUB OUT by STEELE,AARON",,,,,,,"SUB OUT by STEELE,AARON",1
11:39,"SUB OUT by BATCHELOR,BRYCE",,,,,,,"SUB OUT by BATCHELOR,BRYCE",1
11:39,"SUB IN by BRADY,RYAN",,,,,,,"SUB IN by BRADY,RYAN",1
11:39,"SUB IN by PARKER,BRYCE",,,,,,,"SUB IN by PARKER,BRYCE",1
11:39,"SUB IN by OGLE,JOHN",,,,,,,"SUB IN by OGLE,JOHN",1
11:39,"SUB IN by GARRETT,TRAVIS",,,,,,,"SUB IN by GARRETT,TRAVIS",1
11:39,"SUB IN by NOTLEY,CHANDLER",,,,,,,"SUB IN by NOTLEY,CHANDLER",1
11:39,,21 (+9),,12,"GOOD FT by SULLIVAN,BRENNAN",RHO 21-12 (-9),,"GOOD FT by SULLIVAN,BRENNAN",1
11:39,,,,,"SUB IN by WEIR,JJ",,,"SUB IN by WEIR,JJ",1
11:39,,,,,"SUB OUT by SULLIVAN,BRENNAN",,,"SUB OUT by SULLIVAN,BRENNAN",1
11:24,,,,,"FOUL  by HARRISON,IAN",,,"FOUL  by HARRISON,IAN",1
11:24,"GOOD FT by OGLE,JOHN",22 (+10),,12,,HC 22-12 (-10),,"GOOD FT by OGLE,JOHN",1
11:24,"GOOD FT by OGLE,JOHN",23 (+11),,12,,HC 23-12 (-11),,"GOOD FT by OGLE,JOHN",1
11:17,,,,,"MISS 3PTR by LOWRIE,ANDREW",,,"MISS 3PTR by LOWRIE,ANDREW",1
--,,,,,"REBOUND OFF by HARRISON,IAN",,,"REBOUND OFF by HARRISON,IAN",1
11:11,,,,,"TURNOVER  by HARRISON,IAN",,,"TURNOVER  by HARRISON,IAN",1
11:10,"STEAL  by OGLE,JOHN",,,,,,,"STEAL  by OGLE,JOHN",1
10:58,"MISS 3PTR by GARRETT,TRAVIS",,,,,,,"MISS 3PTR by GARRETT,TRAVIS",1
--,,,,,"REBOUND DEF by GEE,TYLER",,,"REBOUND DEF by GEE,TYLER",1
10:31,"FOUL  by BRADY,RYAN",,,,,,,"FOUL  by BRADY,RYAN",1
10:25,,,,,"MISS LAYUP by HARRISON,IAN",,,"MISS LAYUP by HARRISON,IAN",1
--,,,,,"REBOUND OFF by HARRISON,IAN",,,"REBOUND OFF by HARRISON,IAN",1
10:24,"FOUL  by PARKER,BRYCE",,,,,,,"FOUL  by PARKER,BRYCE",1
10:24,,,,,"MISS FT by HARRISON,IAN",,,"MISS FT by HARRISON,IAN",1
--,,,,,REBOUND DEADB by TEAM,,,REBOUND DEADB by TEAM,1
10:24,"SUB IN by LITTLEFIELD,GEAREN",,,,,,,"SUB IN by LITTLEFIELD,GEAREN",1
10:24,"SUB OUT by NOTLEY,CHANDLER",,,,,,,"SUB OUT by NOTLEY,CHANDLER",1
10:24,,23 (+10),,13,"GOOD FT by HARRISON,IAN",RHO 23-13 (-10),,"GOOD FT by HARRISON,IAN",1
10:24,,,,,"SUB IN by GALVIN,DANIEL",,,"SUB IN by GALVIN,DANIEL",1
10:24,,,,,"SUB OUT by HARRISON,IAN",,,"SUB OUT by HARRISON,IAN",1
10:10,"GOOD LAYUP by OGLE,JOHN(in the paint)",25 (+12),,13,,HC 25-13 (-12),,"GOOD LAYUP by OGLE,JOHN(in the paint)",1
--,"ASSIST  by GARRETT,TRAVIS",,,,,,,"ASSIST  by GARRETT,TRAVIS",1
10:10,,,,,"FOUL  by GEE,TYLER",,,"FOUL  by GEE,TYLER",1
10:10,"MISS FT by OGLE,JOHN",,,,,,,"MISS FT by OGLE,JOHN",1
--,,,,,"REBOUND DEF by GEE,TYLER",,,"REBOUND DEF by GEE,TYLER",1
09:56,,,,,"MISS 3PTR by LOWRIE,ANDREW",,,"MISS 3PTR by LOWRIE,ANDREW",1
--,"REBOUND DEF by GARRETT,TRAVIS",,,,,,,"REBOUND DEF by GARRETT,TRAVIS",1
09:23,"MISS JUMPER by OGLE,JOHN",,,,,,,"MISS JUMPER by OGLE,JOHN",1
--,,,,,"REBOUND DEF by GEE,TYLER",,,"REBOUND DEF by GEE,TYLER",1
09:12,"FOUL  by LITTLEFIELD,GEAREN",,,,,,,"FOUL  by LITTLEFIELD,GEAREN",1
09:12,,25 (+11),,14,"GOOD FT by GEE,TYLER",RHO 25-14 (-11),,"GOOD FT by GEE,TYLER",1
09:12,,25 (+10),,15,"GOOD FT by GEE,TYLER",RHO 25-15 (-10),,"GOOD FT by GEE,TYLER",1
08:41,TURNOVER  by TEAM,,,,,,,TURNOVER  by TEAM,1
08:41,,,,,"SUB IN by SULLIVAN,BRENNAN",,,"SUB IN by SULLIVAN,BRENNAN",1
08:41,,,,,"SUB OUT by GEE,TYLER",,,"SUB OUT by GEE,TYLER",1
08:30,,,,,"MISS JUMPER by DARST,DANIEL",,,"MISS JUMPER by DARST,DANIEL",1
--,,,,,"REBOUND OFF by GALVIN,DANIEL",,,"REBOUND OFF by GALVIN,DANIEL",1
08:25,,25 (+8),,17,"GOOD LAYUP by GALVIN,DANIEL(in the paint)",RHO 25-17 (-8),,"GOOD LAYUP by GALVIN,DANIEL(in the paint)",1
08:09,,,,,"FOUL  by DARST,DANIEL",,,"FOUL  by DARST,DANIEL",1
08:09,"SUB IN by NIKOLOVSKI,DREW",,,,,,,"SUB IN by NIKOLOVSKI,DREW",1
08:09,"SUB OUT by PARKER,BRYCE",,,,,,,"SUB OUT by PARKER,BRYCE",1
07:51,"GOOD LAYUP by GARRETT,TRAVIS(in the paint)",27 (+10),,17,,HC 27-17 (-10),,"GOOD LAYUP by GARRETT,TRAVIS(in the paint)",1
07:27,,,,,"MISS 3PTR by WEIR,JJ",,,"MISS 3PTR by WEIR,JJ",1
--,"REBOUND DEF by OGLE,JOHN",,,,,,,"REBOUND DEF by OGLE,JOHN",1
07:00,"TURNOVER  by BRADY,RYAN",,,,,,,"TURNOVER  by BRADY,RYAN",1
06:59,,,,,"STEAL  by DARST,DANIEL",,,"STEAL  by DARST,DANIEL",1
06:52,,,,,"TURNOVER  by DARST,DANIEL",,,"TURNOVER  by DARST,DANIEL",1
06:51,"STEAL  by GARRETT,TRAVIS",,,,,,,"STEAL  by GARRETT,TRAVIS",1
06:32,"TURNOVER  by LITTLEFIELD,GEAREN",,,,,,,"TURNOVER  by LITTLEFIELD,GEAREN",1
06:32,,,,,TIMEOUT media by TEAM,,,TIMEOUT media by TEAM,1
06:32,,,,,"SUB IN by BUTTS,KEYSHAWN",,,"SUB IN by BUTTS,KEYSHAWN",1
06:32,,,,,"SUB OUT by LOWRIE,ANDREW",,,"SUB OUT by LOWRIE,ANDREW",1
06:32,"SUB IN by SMITH,PRESTON",,,,,,,"SUB IN by SMITH,PRESTON",1
06:32,"SUB OUT by BRADY,RYAN",,,,,,,"SUB OUT by BRADY,RYAN",1
06:17,,,,,"MISS 3PTR by WEIR,JJ",,,"MISS 3PTR by WEIR,JJ",1
--,"REBOUND DEF by NIKOLOVSKI,DREW",,,,,,,"REBOUND DEF by NIKOLOVSKI,DREW",1
05:58,"FOUL  by OGLE,JOHN",,,,,,,"FOUL  by OGLE,JOHN",1
05:58,"TURNOVER  by OGLE,JOHN",,,,,,,"TURNOVER  by OGLE,JOHN",1
05:43,,,,,"MISS 3PTR by SULLIVAN,BRENNAN",,,"MISS 3PTR by SULLIVAN,BRENNAN",1
--,"REBOUND DEF by LITTLEFIELD,GEAREN",,,,,,,"REBOUND DEF by LITTLEFIELD,GEAREN",1
05:24,"MISS 3PTR by OGLE,JOHN",,,,,,,"MISS 3PTR by OGLE,JOHN",1
--,,,,,"REBOUND DEF by GALVIN,DANIEL",,,"REBOUND DEF by GALVIN,DANIEL",1
05:04,,,,,"MISS LAYUP by WEIR,JJ",,,"MISS LAYUP by WEIR,JJ",1
--,"REBOUND DEF by LITTLEFIELD,GEAREN",,,,,,,"REBOUND DEF by LITTLEFIELD,GEAREN",1
04:46,"GOOD LAYUP by NIKOLOVSKI,DREW(in the paint)",29 (+12),,17,,HC 29-17 (-12),,"GOOD LAYUP by NIKOLOVSKI,DREW(in the paint)",1
04:18,,29 (+10),,19,"GOOD LAYUP by GALVIN,DANIEL(in the paint)",RHO 29-19 (-10),,"GOOD LAYUP by GALVIN,DANIEL(in the paint)",1
04:00,"TURNOVER  by LITTLEFIELD,GEAREN",,,,,,,"TURNOVER  by LITTLEFIELD,GEAREN",1
04:00,,,,,"STEAL  by DARST,DANIEL",,,"STEAL  by DARST,DANIEL",1
03:51,"FOUL  by GARRETT,TRAVIS",,,,,,,"FOUL  by GARRETT,TRAVIS",1
03:51,,,,,"MISS FT by DARST,DANIEL",,,"MISS FT by DARST,DANIEL",1
--,,,,,REBOUND DEADB by TEAM,,,REBOUND DEADB by TEAM,1
03:50,,,,,"SUB IN by LOWRIE,ANDREW",,,"SUB IN by LOWRIE,ANDREW",1
03:50,,,,,"SUB OUT by WEIR,JJ",,,"SUB OUT by WEIR,JJ",1
03:50,"SUB IN by STEELE,AARON",,,,,,,"SUB IN by STEELE,AARON",1
03:50,"SUB OUT by GARRETT,TRAVIS",,,,,,,"SUB OUT by GARRETT,TRAVIS",1
03:50,,,,,"MISS FT by DARST,DANIEL",,,"MISS FT by DARST,DANIEL",1
--,,,,,"REBOUND OFF by DARST,DANIEL",,,"REBOUND OFF by DARST,DANIEL",1
03:35,,,,,"SUB IN by GEE,TYLER",,,"SUB IN by GEE,TYLER",1
03:35,,,,,"SUB OUT by DARST,DANIEL",,,"SUB OUT by DARST,DANIEL",1
03:29,,,,,"MISS LAYUP by BUTTS,KEYSHAWN",,,"MISS LAYUP by BUTTS,KEYSHAWN",1
--,"REBOUND DEF by LITTLEFIELD,GEAREN",,,,,,,"REBOUND DEF by LITTLEFIELD,GEAREN",1
03:07,"MISS 3PTR by SMITH,PRESTON",,,,,,,"MISS 3PTR by SMITH,PRESTON",1
--,,,,,"REBOUND DEF by SULLIVAN,BRENNAN",,,"REBOUND DEF by SULLIVAN,BRENNAN",1
03:00,"FOUL  by NIKOLOVSKI,DREW",,,,,,,"FOUL  by NIKOLOVSKI,DREW",1
03:00,,29 (+9),,20,"GOOD FT by SULLIVAN,BRENNAN",RHO 29-20 (-9),,"GOOD FT by SULLIVAN,BRENNAN",1
03:00,,,,,"MISS FT by SULLIVAN,BRENNAN",,,"MISS FT by SULLIVAN,BRENNAN",1
--,"REBOUND DEF by STEELE,AARON",,,,,,,"REBOUND DEF by STEELE,AARON",1
02:45,"TURNOVER  by NIKOLOVSKI,DREW",,,,,,,"TURNOVER  by NIKOLOVSKI,DREW",1
02:45,,,,,"SUB IN by DARST,DANIEL",,,"SUB IN by DARST,DANIEL",1
02:45,,,,,"SUB OUT by BUTTS,KEYSHAWN",,,"SUB OUT by BUTTS,KEYSHAWN",1
02:29,"FOUL  by OGLE,JOHN",,,,,,,"FOUL  by OGLE,JOHN",1
02:29,,29 (+8),,21,"GOOD FT by GALVIN,DANIEL",RHO 29-21 (-8),,"GOOD FT by GALVIN,DANIEL",1
02:29,"SUB IN by NOTLEY,CHANDLER",,,,,,,"SUB IN by NOTLEY,CHANDLER",1
02:29,"SUB OUT by LITTLEFIELD,GEAREN",,,,,,,"SUB OUT by LITTLEFIELD,GEAREN",1
02:29,"SUB IN by GARRETT,TRAVIS",,,,,,,"SUB IN by GARRETT,TRAVIS",1
02:29,"SUB OUT by OGLE,JOHN",,,,,,,"SUB OUT by OGLE,JOHN",1
02:29,,,,,"MISS FT by GALVIN,DANIEL",,,"MISS FT by GALVIN,DANIEL",1
--,"REBOUND DEF by STEELE,AARON",,,,,,,"REBOUND DEF by STEELE,AARON",1
02:21,TIMEOUT 30SEC by TEAM,,,,,,,TIMEOUT 30SEC by TEAM,1
02:21,,,,,"SUB IN by WEIR,JJ",,,"SUB IN by WEIR,JJ",1
02:21,,,,,"SUB OUT by GALVIN,DANIEL",,,"SUB OUT by GALVIN,DANIEL",1
02:15,"FOUL  by NIKOLOVSKI,DREW",,,,,,,"FOUL  by NIKOLOVSKI,DREW",1
02:15,"TURNOVER  by NIKOLOVSKI,DREW",,,,,,,"TURNOVER  by NIKOLOVSKI,DREW",1
02:05,,29 (+5),,24,"GOOD 3PTR by SULLIVAN,BRENNAN",RHO 29-24 (-5),,"GOOD 3PTR by SULLIVAN,BRENNAN",1
--,,,,,"ASSIST  by GEE,TYLER",,,"ASSIST  by GEE,TYLER",1
01:46,,,,,"FOUL  by GEE,TYLER",,,"FOUL  by GEE,TYLER",1
01:46,"SUB IN by LITTLEFIELD,GEAREN",,,,,,,"SUB IN by LITTLEFIELD,GEAREN",1
01:46,"SUB OUT by NOTLEY,CHANDLER",,,,,,,"SUB OUT by NOTLEY,CHANDLER",1
01:46,,,,,"SUB IN by GALVIN,DANIEL",,,"SUB IN by GALVIN,DANIEL",1
01:46,,,,,"SUB OUT by GEE,TYLER",,,"SUB OUT by GEE,TYLER",1
01:46,"MISS FT by STEELE,AARON",,,,,,,"MISS FT by STEELE,AARON",1
--,,,,,"REBOUND DEF by SULLIVAN,BRENNAN",,,"REBOUND DEF by SULLIVAN,BRENNAN",1
01:25,,,,,"TURNOVER  by LOWRIE,ANDREW",,,"TURNOVER  by LOWRIE,ANDREW",1
01:24,"STEAL  by GARRETT,TRAVIS",,,,,,,"STEAL  by GARRETT,TRAVIS",1
01:03,"FOUL  by LITTLEFIELD,GEAREN",,,,,,,"FOUL  by LITTLEFIELD,GEAREN",1
01:03,"TURNOVER  by LITTLEFIELD,GEAREN",,,,,,,"TURNOVER  by LITTLEFIELD,GEAREN",1
01:03,"SUB IN by NOTLEY,CHANDLER",,,,,,,"SUB IN by NOTLEY,CHANDLER",1
01:03,"SUB OUT by LITTLEFIELD,GEAREN",,,,,,,"SUB OUT by LITTLEFIELD,GEAREN",1
00:43,,,,,"MISS LAYUP by DARST,DANIEL",,,"MISS LAYUP by DARST,DANIEL",1
--,"REBOUND DEF by NOTLEY,CHANDLER",,,,,,,"REBOUND DEF by NOTLEY,CHANDLER",1
00:31,"MISS JUMPER by STEELE,AARON",,,,,,,"MISS JUMPER by STEELE,AARON",1
--,,,,,"REBOUND DEF by DARST,DANIEL",,,"REBOUND DEF by DARST,DANIEL",1
00:23,,29 (+3),,26,"GOOD LAYUP by GALVIN,DANIEL(in the paint)",RHO 29-26 (-3),,"GOOD LAYUP by GALVIN,DANIEL(in the paint)",1
--,,,,,"ASSIST  by WEIR,JJ",,,"ASSIST  by WEIR,JJ",1
00:00,"GOOD JUMPER by NIKOLOVSKI,DREW",31 (+5),,26,,HC 31-26 (-5),,"GOOD JUMPER by NIKOLOVSKI,DREW",1
19:34,"FOUL  by LITTLEFIELD,GEAREN",,,,,,,"FOUL  by LITTLEFIELD,GEAREN",2
19:34,,31 (+4),,27,"GOOD FT by SULLIVAN,BRENNAN",RHO 31-27 (-4),,"GOOD FT by SULLIVAN,BRENNAN",2
19:34,,31 (+3),,28,"GOOD FT by SULLIVAN,BRENNAN",RHO 31-28 (-3),,"GOOD FT by SULLIVAN,BRENNAN",2
19:17,,,,,"FOUL  by BUTTS,KEYSHAWN",,,"FOUL  by BUTTS,KEYSHAWN",2
19:15,"GOOD LAYUP by NIKOLOVSKI,DREW(in the paint)",33 (+5),,28,,HC 33-28 (-5),,"GOOD LAYUP by NIKOLOVSKI,DREW(in the paint)",2
--,"ASSIST  by SMITH,PRESTON",,,,,,,"ASSIST  by SMITH,PRESTON",2
19:04,"FOUL  by OGLE,JOHN",,,,,,,"FOUL  by OGLE,JOHN",2
18:47,,,,,"TURNOVER  by BUTTS,KEYSHAWN",,,"TURNOVER  by BUTTS,KEYSHAWN",2
18:46,"STEAL  by OGLE,JOHN",,,,,,,"STEAL  by OGLE,JOHN",2
18:31,"MISS LAYUP by OGLE,JOHN",,,,,,,"MISS LAYUP by OGLE,JOHN",2
--,,,,,"REBOUND DEF by GALVIN,DANIEL",,,"REBOUND DEF by GALVIN,DANIEL",2
18:13,,,,,"TURNOVER  by GEE,TYLER",,,"TURNOVER  by GEE,TYLER",2
18:12,"STEAL  by STEELE,AARON",,,,,,,"STEAL  by STEELE,AARON",2
18:09,"MISS 3PTR by SMITH,PRESTON",,,,,,,"MISS 3PTR by SMITH,PRESTON",2
--,"REBOUND OFF by STEELE,AARON",,,,,,,"REBOUND OFF by STEELE,AARON",2
18:04,"GOOD LAYUP by STEELE,AARON(in the paint)",35 (+7),,28,,HC 35-28 (-7),,"GOOD LAYUP by STEELE,AARON(in the paint)",2
17:38,,35 (+4),,31,"GOOD 3PTR by SULLIVAN,BRENNAN",RHO 35-31 (-4),,"GOOD 3PTR by SULLIVAN,BRENNAN",2
--,,,,,"ASSIST  by BUTTS,KEYSHAWN",,,"ASSIST  by BUTTS,KEYSHAWN",2
17:03,"MISS LAYUP by STEELE,AARON",,,,,,,"MISS LAYUP by STEELE,AARON",2
--,,,,,"REBOUND DEF by GALVIN,DANIEL",,,"REBOUND DEF by GALVIN,DANIEL",2
16:46,,35 (+2),,33,"GOOD LAYUP by GALVIN,DANIEL(in the paint)",RHO 35-33 (-2),,"GOOD LAYUP by GALVIN,DANIEL(in the paint)",2
--,,,,,"ASSIST  by GEE,TYLER",,,"ASSIST  by GEE,TYLER",2
16:38,TIMEOUT 30SEC by TEAM,,,,,,,TIMEOUT 30SEC by TEAM,2
16:38,"SUB OUT by SMITH,PRESTON",,,,,,,"SUB OUT by SMITH,PRESTON",2
16:38,"SUB OUT by NIKOLOVSKI,DREW",,,,,,,"SUB OUT by NIKOLOVSKI,DREW",2
16:38,"SUB OUT by GARRETT,TRAVIS",,,,,,,"SUB OUT by GARRETT,TRAVIS",2
16:38,"SUB OUT by STEELE,AARON",,,,,,,"SUB OUT by STEELE,AARON",2
16:38,"SUB OUT by BATCHELOR,BRYCE",,,,,,,"SUB OUT by BATCHELOR,BRYCE",2
16:38,"SUB IN by SMITH,PRESTON",,,,,,,"SUB IN by SMITH,PRESTON",2
16:38,"SUB IN by NIKOLOVSKI,DREW",,,,,,,"SUB IN by NIKOLOVSKI,DREW",2
16:38,"SUB IN by STEELE,AARON",,,,,,,"SUB IN by STEELE,AARON",2
16:38,"SUB IN by NOTLEY,CHANDLER",,,,,,,"SUB IN by NOTLEY,CHANDLER",2
16:38,"SUB IN by BATCHELOR,BRYCE",,,,,,,"SUB IN by BATCHELOR,BRYCE",2
16:19,"MISS 3PTR by NIKOLOVSKI,DREW",,,,,,,"MISS 3PTR by NIKOLOVSKI,DREW",2
--,"REBOUND OFF by NOTLEY,CHANDLER",,,,,,,"REBOUND OFF by NOTLEY,CHANDLER",2
16:06,,,,,"FOUL  by SULLIVAN,BRENNAN",,,"FOUL  by SULLIVAN,BRENNAN",2
16:04,"MISS JUMPER by NIKOLOVSKI,DREW",,,,,,,"MISS JUMPER by NIKOLOVSKI,DREW",2
--,,,,,"REBOUND DEF by SULLIVAN,BRENNAN",,,"REBOUND DEF by SULLIVAN,BRENNAN",2
15:56,,35,,36 (+1),"GOOD 3PTR by GALVIN,DANIEL",RHO 35-36 (+1),,"GOOD 3PTR by GALVIN,DANIEL",2
--,,,,,"ASSIST  by WEIR,JJ",,,"ASSIST  by WEIR,JJ",2
15:37,"MISS 3PTR by STEELE,AARON",,,,,,,"MISS 3PTR by STEELE,AARON",2
--,,,,,"REBOUND DEF by WEIR,JJ",,,"REBOUND DEF by WEIR,JJ",2
15:24,,35,,38 (+3),"GOOD LAYUP by GALVIN,DANIEL(in the paint)",RHO 35-38 (+3),,"GOOD LAYUP by GALVIN,DANIEL(in the paint)",2
--,,,,,"ASSIST  by BUTTS,KEYSHAWN",,,"ASSIST  by BUTTS,KEYSHAWN",2
15:01,,,,,"SUB IN by LOWRIE,ANDREW",,,"SUB IN by LOWRIE,ANDREW",2
15:01,,,,,"SUB OUT by WEIR,JJ",,,"SUB OUT by WEIR,JJ",2
15:01,"SUB OUT by SMITH,PRESTON",,,,,,,"SUB OUT by SMITH,PRESTON",2
15:01,"SUB OUT by NIKOLOVSKI,DREW",,,,,,,"SUB OUT by NIKOLOVSKI,DREW",2
15:01,"SUB OUT by GARRETT,TRAVIS",,,,,,,"SUB OUT by GARRETT,TRAVIS",2
15:01,"SUB OUT by STEELE,AARON",,,,,,,"SUB OUT by STEELE,AARON",2
15:01,"SUB OUT by BATCHELOR,BRYCE",,,,,,,"SUB OUT by BATCHELOR,BRYCE",2
15:01,"SUB IN by SMITH,PRESTON",,,,,,,"SUB IN by SMITH,PRESTON",2
15:01,"SUB IN by NIKOLOVSKI,DREW",,,,,,,"SUB IN by NIKOLOVSKI,DREW",2
15:01,"SUB IN by OGLE,JOHN",,,,,,,"SUB IN by OGLE,JOHN",2
15:01,"SUB IN by GARRETT,TRAVIS",,,,,,,"SUB IN by GARRETT,TRAVIS",2
15:01,"SUB IN by BATCHELOR,BRYCE",,,,,,,"SUB IN by BATCHELOR,BRYCE",2
14:49,TURNOVER  by TEAM,,,,,,,TURNOVER  by TEAM,2
14:36,"FOUL  by BATCHELOR,BRYCE",,,,,,,"FOUL  by BATCHELOR,BRYCE",2
14:27,,35,,41 (+6),"GOOD 3PTR by LOWRIE,ANDREW",RHO 35-41 (+6),,"GOOD 3PTR by LOWRIE,ANDREW",2
--,,,,,"ASSIST  by BUTTS,KEYSHAWN",,,"ASSIST  by BUTTS,KEYSHAWN",2
14:16,"MISS 3PTR by GARRETT,TRAVIS",,,,,,,"MISS 3PTR by GARRETT,TRAVIS",2
--,,,,,"REBOUND DEF by SULLIVAN,BRENNAN",,,"REBOUND DEF by SULLIVAN,BRENNAN",2
14:09,,,,,"MISS LAYUP by SULLIVAN,BRENNAN",,,"MISS LAYUP by SULLIVAN,BRENNAN",2
--,,,,,"REBOUND OFF by GEE,TYLER",,,"REBOUND OFF by GEE,TYLER",2
14:07,"FOUL  by NIKOLOVSKI,DREW",,,,,,,"FOUL  by NIKOLOVSKI,DREW",2
14:07,,35,,42 (+7),"GOOD FT by GEE,TYLER",RHO 35-42 (+7),,"GOOD FT by GEE,TYLER",2
14:07,"SUB OUT by SMITH,PRESTON",,,,,,,"SUB OUT by SMITH,PRESTON",2
14:07,"SUB OUT by NIKOLOVSKI,DREW",,,,,,,"SUB OUT by NIKOLOVSKI,DREW",2
14:07,"SUB OUT by GARRETT,TRAVIS",,,,,,,"SUB OUT by GARRETT,TRAVIS",2
14:07,"SUB OUT by STEELE,AARON",,,,,,,"SUB OUT by STEELE,AARON",2
14:07,"SUB OUT by BATCHELOR,BRYCE",,,,,,,"SUB OUT by BATCHELOR,BRYCE",2
14:07,"SUB IN by BRADY,RYAN",,,,,,,"SUB IN by BRADY,RYAN",2
14:07,"SUB IN by PARKER,BRYCE",,,,,,,"SUB IN by PARKER,BRYCE",2
14:07,"SUB IN by OGLE,JOHN",,,,,,,"SUB IN by OGLE,JOHN",2
14:07,"SUB IN by GARRETT,TRAVIS",,,,,,,"SUB IN by GARRETT,TRAVIS",2
14:07,"SUB IN by BATCHELOR,BRYCE",,,,,,,"SUB IN by BATCHELOR,BRYCE",2
14:07,,,,,"SUB IN by DARST,DANIEL",,,"SUB IN by DARST,DANIEL",2
14:07,,,,,"SUB OUT by BUTTS,KEYSHAWN",,,"SUB OUT by BUTTS,KEYSHAWN",2
14:07,,35,,43 (+8),"GOOD FT by GEE,TYLER",RHO 35-43 (+8),,"GOOD FT by GEE,TYLER",2
13:54,"MISS LAYUP by OGLE,JOHN",,,,,,,"MISS LAYUP by OGLE,JOHN",2
--,,,,,"REBOUND DEF by DARST,DANIEL",,,"REBOUND DEF by DARST,DANIEL",2
13:28,,,,,"MISS 3PTR by LOWRIE,ANDREW",,,"MISS 3PTR by LOWRIE,ANDREW",2
--,,,,,"REBOUND OFF by GEE,TYLER",,,"REBOUND OFF by GEE,TYLER",2
13:25,,35,,45 (+10),"GOOD LAYUP by GEE,TYLER(in the paint)",RHO 35-45 (+10),,"GOOD LAYUP by GEE,TYLER(in the paint)",2
13:18,TIMEOUT TEAM by TEAM,,,,,,,TIMEOUT TEAM by TEAM,2
13:18,,,,,"SUB IN by HARRISON,IAN",,,"SUB IN by HARRISON,IAN",2
13:18,,,,,"SUB OUT by GEE,TYLER",,,"SUB OUT by GEE,TYLER",2
13:06,"GOOD JUMPER by OGLE,JOHN",37,,45 (+8),,HC 37-45 (+8),,"GOOD JUMPER by OGLE,JOHN",2
--,"ASSIST  by GARRETT,TRAVIS",,,,,,,"ASSIST  by GARRETT,TRAVIS",2
12:51,,,,,"TURNOVER  by DARST,DANIEL",,,"TURNOVER  by DARST,DANIEL",2
12:51,,,,,TIMEOUT media by TEAM,,,TIMEOUT media by TEAM,2
12:22,"TURNOVER  by OGLE,JOHN",,,,,,,"TURNOVER  by OGLE,JOHN",2
12:22,,,,,"SUB IN by GEE,TYLER",,,"SUB IN by GEE,TYLER",2
12:22,,,,,"SUB OUT by GALVIN,DANIEL",,,"SUB OUT by GALVIN,DANIEL",2
12:08,,,,,"TURNOVER  by DARST,DANIEL",,,"TURNOVER  by DARST,DANIEL",2
11:55,"GOOD JUMPER by BRADY,RYAN",39,,45 (+6),,HC 39-45 (+6),,"GOOD JUMPER by BRADY,RYAN",2
--,"ASSIST  by PARKER,BRYCE",,,,,,,"ASSIST  by PARKER,BRYCE",2
11:33,,,,,"MISS 3PTR by GEE,TYLER",,,"MISS 3PTR by GEE,TYLER",2
--,"REBOUND DEF by OGLE,JOHN",,,,,,,"REBOUND DEF by OGLE,JOHN",2
11:18,"MISS 3PTR by PARKER,BRYCE",,,,,,,"MISS 3PTR by PARKER,BRYCE",2
--,,,,,"REBOUND DEF by GEE,TYLER",,,"REBOUND DEF by GEE,TYLER",2
11:07,"FOUL  by PARKER,BRYCE",,,,,,,"FOUL  by PARKER,BRYCE",2
11:07,,,,,"MISS FT by SULLIVAN,BRENNAN",,,"MISS FT by SULLIVAN,BRENNAN",2
--,,,,,REBOUND DEADB by TEAM,,,REBOUND DEADB by TEAM,2
11:07,,,,,"SUB IN by GALVIN,DANIEL",,,"SUB IN by GALVIN,DANIEL",2
11:07,,,,,"SUB OUT by HARRISON,IAN",,,"SUB OUT by HARRISON,IAN",2
11:07,"SUB IN by NIKOLOVSKI,DREW",,,,,,,"SUB IN by NIKOLOVSKI,DREW",2
11:07,"SUB OUT by PARKER,BRYCE",,,,,,,"SUB OUT by PARKER,BRYCE",2
11:07,,39,,46 (+7),"GOOD FT by SULLIVAN,BRENNAN",RHO 39-46 (+7),,"GOOD FT by SULLIVAN,BRENNAN",2
11:07,,,,,"SUB IN by WEIR,JJ",,,"SUB IN by WEIR,JJ",2
11:07,,,,,"SUB OUT by SULLIVAN,BRENNAN",,,"SUB OUT by SULLIVAN,BRENNAN",2
10:57,"GOOD LAYUP by OGLE,JOHN(in the paint)",41,,46 (+5),,HC 41-46 (+5),,"GOOD LAYUP by OGLE,JOHN(in the paint)",2
10:35,,,,,"MISS LAYUP by GEE,TYLER",,,"MISS LAYUP by GEE,TYLER",2
--,"REBOUND DEF by BRADY,RYAN",,,,,,,"REBOUND DEF by BRADY,RYAN",2
10:25,"MISS LAYUP by OGLE,JOHN",,,,,,,"MISS LAYUP by OGLE,JOHN",2
--,,,,,REBOUND DEF by TEAM,,,REBOUND DEF by TEAM,2
10:14,,,,,"TURNOVER  by WEIR,JJ",,,"TURNOVER  by WEIR,JJ",2
10:13,"STEAL  by BRADY,RYAN",,,,,,,"STEAL  by BRADY,RYAN",2
09:59,"GOOD LAYUP by BATCHELOR,BRYCE(in the paint)",43,,46 (+3),,HC 43-46 (+3),,"GOOD LAYUP by BATCHELOR,BRYCE(in the paint)",2
--,"ASSIST  by GARRETT,TRAVIS",,,,,,,"ASSIST  by GARRETT,TRAVIS",2
09:59,,,,,"FOUL  by WEIR,JJ",,,"FOUL  by WEIR,JJ",2
09:59,,,,,TIMEOUT TEAM by TEAM,,,TIMEOUT TEAM by TEAM,2
09:59,,,,,"SUB IN by SULLIVAN,BRENNAN",,,"SUB IN by SULLIVAN,BRENNAN",2
09:59,,,,,"SUB OUT by DARST,DANIEL",,,"SUB OUT by DARST,DANIEL",2
09:59,"GOOD FT by BATCHELOR,BRYCE",44,,46 (+2),,HC 44-46 (+2),,"GOOD FT by BATCHELOR,BRYCE",2
09:43,,,,,"TURNOVER  by SULLIVAN,BRENNAN",,,"TURNOVER  by SULLIVAN,BRENNAN",2
09:30,"GOOD JUMPER by OGLE,JOHN(in the paint)",46,,46,,HC 46-46 (0),,"GOOD JUMPER by OGLE,JOHN(in the paint)",2
09:11,"FOUL  by BRADY,RYAN",,,,,,,"FOUL  by BRADY,RYAN",2
09:11,,46,,47 (+1),"GOOD FT by GALVIN,DANIEL",RHO 46-47 (+1),,"GOOD FT by GALVIN,DANIEL",2
09:11,,,,,"MISS FT by GALVIN,DANIEL",,,"MISS FT by GALVIN,DANIEL",2
--,"REBOUND DEF by NIKOLOVSKI,DREW",,,,,,,"REBOUND DEF by NIKOLOVSKI,DREW",2
08:57,"TURNOVER  by GARRETT,TRAVIS",,,,,,,"TURNOVER  by GARRETT,TRAVIS",2
08:34,,,,,"TURNOVER  by GEE,TYLER",,,"TURNOVER  by GEE,TYLER",2
08:33,"STEAL  by NIKOLOVSKI,DREW",,,,,,,"STEAL  by NIKOLOVSKI,DREW",2
08:10,"MISS 3PTR by NIKOLOVSKI,DREW",,,,,,,"MISS 3PTR by NIKOLOVSKI,DREW",2
--,,,,,"REBOUND DEF by GEE,TYLER",,,"REBOUND DEF by GEE,TYLER",2
07:54,,46,,49 (+3),"GOOD LAYUP by GALVIN,DANIEL(in the paint)",RHO 46-49 (+3),,"GOOD LAYUP by GALVIN,DANIEL(in the paint)",2
--,,,,,"ASSIST  by LOWRIE,ANDREW",,,"ASSIST  by LOWRIE,ANDREW",2
07:51,"FOUL  by BRADY,RYAN",,,,,,,"FOUL  by BRADY,RYAN",2
07:51,,,,,"FOUL  by GALVIN,DANIEL",,,"FOUL  by GALVIN,DANIEL",2
07:51,"SUB IN by LITTLEFIELD,GEAREN",,,,,,,"SUB IN by LITTLEFIELD,GEAREN",2
07:51,"SUB OUT by BATCHELOR,BRYCE",,,,,,,"SUB OUT by BATCHELOR,BRYCE",2
07:32,"GOOD 3PTR by GARRETT,TRAVIS",49,,49,,HC 49-49 (0),,"GOOD 3PTR by GARRETT,TRAVIS",2
--,"ASSIST  by BRADY,RYAN",,,,,,,"ASSIST  by BRADY,RYAN",2
07:12,"FOUL  by LITTLEFIELD,GEAREN",,,,,,,"FOUL  by LITTLEFIELD,GEAREN",2
07:12,,,,,"SUB IN by BUTTS,KEYSHAWN",,,"SUB IN by BUTTS,KEYSHAWN",2
07:12,,,,,"SUB OUT by LOWRIE,ANDREW",,,"SUB OUT by LOWRIE,ANDREW",2
07:12,,,,,"MISS FT by GALVIN,DANIEL",,,"MISS FT by GALVIN,DANIEL",2
--,"REBOUND DEF by GARRETT,TRAVIS",,,,,,,"REBOUND DEF by GARRETT,TRAVIS",2
06:50,"MISS 3PTR by GARRETT,TRAVIS",,,,,,,"MISS 3PTR by GARRETT,TRAVIS",2
--,,,,,"REBOUND DEF by SULLIVAN,BRENNAN",,,"REBOUND DEF by SULLIVAN,BRENNAN",2
06:36,,,,,"MISS 3PTR by GALVIN,DANIEL",,,"MISS 3PTR by GALVIN,DANIEL",2
--,,,,,"REBOUND OFF by GEE,TYLER",,,"REBOUND OFF by GEE,TYLER",2
06:20,,,,,"MISS LAYUP by GALVIN,DANIEL",,,"MISS LAYUP by GALVIN,DANIEL",2
06:20,"BLOCK  by OGLE,JOHN",,,,,,,"BLOCK  by OGLE,JOHN",2
--,"REBOUND DEF by BRADY,RYAN",,,,,,,"REBOUND DEF by BRADY,RYAN",2
06:06,,,,,"FOUL  by BUTTS,KEYSHAWN",,,"FOUL  by BUTTS,KEYSHAWN",2
06:06,,,,,TIMEOUT media by TEAM,,,TIMEOUT media by TEAM,2
06:06,,,,,"SUB IN by DARST,DANIEL",,,"SUB IN by DARST,DANIEL",2
06:06,,,,,"SUB OUT by WEIR,JJ",,,"SUB OUT by WEIR,JJ",2
06:06,"FOUL  by GARRETT,TRAVIS",,,,,,,"FOUL  by GARRETT,TRAVIS",2
06:06,"TURNOVER  by GARRETT,TRAVIS",,,,,,,"TURNOVER  by GARRETT,TRAVIS",2
05:48,,,,,"MISS LAYUP by GEE,TYLER",,,"MISS LAYUP by GEE,TYLER",2
--,REBOUND DEF by TEAM,,,,,,,REBOUND DEF by TEAM,2
05:47,"SUB IN by BATCHELOR,BRYCE",,,,,,,"SUB IN by BATCHELOR,BRYCE",2
05:47,"SUB OUT by OGLE,JOHN",,,,,,,"SUB OUT by OGLE,JOHN",2
05:30,"MISS LAYUP by LITTLEFIELD,GEAREN",,,,,,,"MISS LAYUP by LITTLEFIELD,GEAREN",2
--,,,,,"REBOUND DEF by GEE,TYLER",,,"REBOUND DEF by GEE,TYLER",2
05:22,,,,,"MISS 3PTR by SULLIVAN,BRENNAN",,,"MISS 3PTR by SULLIVAN,BRENNAN",2
--,REBOUND DEF by TEAM,,,,,,,REBOUND DEF by TEAM,2
05:20,"FOUL  by OGLE,JOHN",,,,,,,"FOUL  by OGLE,JOHN",2
05:06,,,,,"FOUL  by GALVIN,DANIEL",,,"FOUL  by GALVIN,DANIEL",2
05:04,"TURNOVER  by GARRETT,TRAVIS",,,,,,,"TURNOVER  by GARRETT,TRAVIS",2
04:48,,49,,52 (+3),"GOOD 3PTR by DARST,DANIEL",RHO 49-52 (+3),,"GOOD 3PTR by DARST,DANIEL",2
--,,,,,"ASSIST  by GEE,TYLER",,,"ASSIST  by GEE,TYLER",2
04:21,"GOOD LAYUP by LITTLEFIELD,GEAREN(in the paint)",51,,52 (+1),,HC 51-52 (+1),,"GOOD LAYUP by LITTLEFIELD,GEAREN(in the paint)",2
--,"ASSIST  by BATCHELOR,BRYCE",,,,,,,"ASSIST  by BATCHELOR,BRYCE",2
04:21,,,,,"FOUL  by GALVIN,DANIEL",,,"FOUL  by GALVIN,DANIEL",2
04:21,"SUB IN by SMITH,PRESTON",,,,,,,"SUB IN by SMITH,PRESTON",2
04:21,"SUB OUT by BRADY,RYAN",,,,,,,"SUB OUT by BRADY,RYAN",2
04:21,"MISS FT by LITTLEFIELD,GEAREN",,,,,,,"MISS FT by LITTLEFIELD,GEAREN",2
--,,,,,"REBOUND DEF by GEE,TYLER",,,"REBOUND DEF by GEE,TYLER",2
04:06,"FOUL  by BATCHELOR,BRYCE",,,,,,,"FOUL  by BATCHELOR,BRYCE",2
04:06,,51,,53 (+2),"GOOD FT by GALVIN,DANIEL",RHO 51-53 (+2),,"GOOD FT by GALVIN,DANIEL",2
04:06,"SUB IN by OGLE,JOHN",,,,,,,"SUB IN by OGLE,JOHN",2
04:06,"SUB OUT by BATCHELOR,BRYCE",,,,,,,"SUB OUT by BATCHELOR,BRYCE",2
04:06,,51,,54 (+3),"GOOD FT by GALVIN,DANIEL",RHO 51-54 (+3),,"GOOD FT by GALVIN,DANIEL",2
04:06,,,,,"SUB IN by HARRISON,IAN",,,"SUB IN by HARRISON,IAN",2
04:06,,,,,"SUB OUT by GALVIN,DANIEL",,,"SUB OUT by GALVIN,DANIEL",2
03:43,"GOOD 3PTR by GARRETT,TRAVIS",54,,54,,HC 54-54 (0),,"GOOD 3PTR by GARRETT,TRAVIS",2
03:33,,,,,TIMEOUT TEAM by TEAM,,,TIMEOUT TEAM by TEAM,2
03:33,,,,,"SUB OUT by GEE,TYLER",,,"SUB OUT by GEE,TYLER",2
03:33,,,,,"SUB OUT by SULLIVAN,BRENNAN",,,"SUB OUT by SULLIVAN,BRENNAN",2
03:33,,,,,"SUB OUT by LOWRIE,ANDREW",,,"SUB OUT by LOWRIE,ANDREW",2
03:33,,,,,"SUB OUT by DARST,DANIEL",,,"SUB OUT by DARST,DANIEL",2
03:33,,,,,"SUB OUT by BUTTS,KEYSHAWN",,,"SUB OUT by BUTTS,KEYSHAWN",2
03:33,,,,,"SUB IN by GEE,TYLER",,,"SUB IN by GEE,TYLER",2
03:33,,,,,"SUB IN by SULLIVAN,BRENNAN",,,"SUB IN by SULLIVAN,BRENNAN",2
03:33,,,,,"SUB IN by LOWRIE,ANDREW",,,"SUB IN by LOWRIE,ANDREW",2
03:33,,,,,"SUB IN by DARST,DANIEL",,,"SUB IN by DARST,DANIEL",2
03:33,,,,,"SUB IN by GALVIN,DANIEL",,,"SUB IN by GALVIN,DANIEL",2
03:25,,54,,56 (+2),"GOOD LAYUP by GALVIN,DANIEL(in the paint)",RHO 54-56 (+2),,"GOOD LAYUP by GALVIN,DANIEL(in the paint)",2
02:56,,,,,"FOUL  by DARST,DANIEL",,,"FOUL  by DARST,DANIEL",2
02:56,"GOOD FT by OGLE,JOHN",55,,56 (+1),,HC 55-56 (+1),,"GOOD FT by OGLE,JOHN",2
02:56,"GOOD FT by OGLE,JOHN",56,,56,,HC 56-56 (0),,"GOOD FT by OGLE,JOHN",2
02:47,,56,,58 (+2),"GOOD LAYUP by SULLIVAN,BRENNAN(in the paint)",RHO 56-58 (+2),,"GOOD LAYUP by SULLIVAN,BRENNAN(in the paint)",2
02:33,,,,,"FOUL  by LOWRIE,ANDREW",,,"FOUL  by LOWRIE,ANDREW",2
02:33,"GOOD FT by NIKOLOVSKI,DREW",57,,58 (+1),,HC 57-58 (+1),,"GOOD FT by NIKOLOVSKI,DREW",2
02:33,"GOOD FT by NIKOLOVSKI,DREW",58,,58,,HC 58-58 (0),,"GOOD FT by NIKOLOVSKI,DREW",2
02:21,"FOUL  by GARRETT,TRAVIS",,,,,,,"FOUL  by GARRETT,TRAVIS",2
02:21,,58,,59 (+1),"GOOD FT by DARST,DANIEL",RHO 58-59 (+1),,"GOOD FT by DARST,DANIEL",2
02:21,,58,,60 (+2),"GOOD FT by DARST,DANIEL",RHO 58-60 (+2),,"GOOD FT by DARST,DANIEL",2
02:21,,,,,"SUB IN by BUTTS,KEYSHAWN",,,"SUB IN by BUTTS,KEYSHAWN",2
02:21,,,,,"SUB OUT by DARST,DANIEL",,,"SUB OUT by DARST,DANIEL",2
01:59,,,,,"FOUL  by GEE,TYLER",,,"FOUL  by GEE,TYLER",2
01:59,"GOOD FT by OGLE,JOHN",59,,60 (+1),,HC 59-60 (+1),,"GOOD FT by OGLE,JOHN",2
01:59,,,,,"SUB IN by DARST,DANIEL",,,"SUB IN by DARST,DANIEL",2
01:59,,,,,"SUB OUT by BUTTS,KEYSHAWN",,,"SUB OUT by BUTTS,KEYSHAWN",2
01:59,"GOOD FT by OGLE,JOHN",60,,60,,HC 60-60 (0),,"GOOD FT by OGLE,JOHN",2
01:50,,,,,"MISS 3PTR by LOWRIE,ANDREW",,,"MISS 3PTR by LOWRIE,ANDREW",2
--,,,,,"REBOUND OFF by DARST,DANIEL",,,"REBOUND OFF by DARST,DANIEL",2
01:45,,60,,62 (+2),"GOOD LAYUP by DARST,DANIEL(in the paint)",RHO 60-62 (+2),,"GOOD LAYUP by DARST,DANIEL(in the paint)",2
01:44,,,,,TIMEOUT 30SEC by TEAM,,,TIMEOUT 30SEC by TEAM,2
01:44,,,,,"SUB IN by BUTTS,KEYSHAWN",,,"SUB IN by BUTTS,KEYSHAWN",2
01:44,,,,,"SUB OUT by GALVIN,DANIEL",,,"SUB OUT by GALVIN,DANIEL",2
01:29,"MISS LAYUP by OGLE,JOHN",,,,,,,"MISS LAYUP by OGLE,JOHN",2
--,"REBOUND OFF by LITTLEFIELD,GEAREN",,,,,,,"REBOUND OFF by LITTLEFIELD,GEAREN",2
01:28,"MISS LAYUP by LITTLEFIELD,GEAREN",,,,,,,"MISS LAYUP by LITTLEFIELD,GEAREN",2
--,,,,,"REBOUND DEF by SULLIVAN,BRENNAN",,,"REBOUND DEF by SULLIVAN,BRENNAN",2
01:14,,,,,"MISS LAYUP by GEE,TYLER",,,"MISS LAYUP by GEE,TYLER",2
--,"REBOUND DEF by OGLE,JOHN",,,,,,,"REBOUND DEF by OGLE,JOHN",2
01:05,TIMEOUT TEAM by TEAM,,,,,,,TIMEOUT TEAM by TEAM,2
00:57,"TURNOVER  by LITTLEFIELD,GEAREN",,,,,,,"TURNOVER  by LITTLEFIELD,GEAREN",2
00:39,,,,,TIMEOUT TEAM by TEAM,,,TIMEOUT TEAM by TEAM,2
00:39,,,,,"SUB IN by GALVIN,DANIEL",,,"SUB IN by GALVIN,DANIEL",2
00:39,,,,,"SUB OUT by BUTTS,KEYSHAWN",,,"SUB OUT by BUTTS,KEYSHAWN",2
00:29,,,,,"MISS LAYUP by GEE,TYLER",,,"MISS LAYUP by GEE,TYLER",2
--,,,,,"REBOUND OFF by SULLIVAN,BRENNAN",,,"REBOUND OFF by SULLIVAN,BRENNAN",2
00:25,,,,,TIMEOUT 30SEC by TEAM,,,TIMEOUT 30SEC by TEAM,2
00:24,"FOUL  by NIKOLOVSKI,DREW",,,,,,,"FOUL  by NIKOLOVSKI,DREW",2
00:24,,60,,63 (+3),"GOOD FT by SULLIVAN,BRENNAN",RHO 60-63 (+3),,"GOOD FT by SULLIVAN,BRENNAN",2
00:24,,,,,"SUB IN by BUTTS,KEYSHAWN",,,"SUB IN by BUTTS,KEYSHAWN",2
00:24,,,,,"SUB OUT by DARST,DANIEL",,,"SUB OUT by DARST,DANIEL",2
00:24,,60,,64 (+4),"GOOD FT by SULLIVAN,BRENNAN",RHO 60-64 (+4),,"GOOD FT by SULLIVAN,BRENNAN",2
00:12,"MISS LAYUP by OGLE,JOHN",,,,,,,"MISS LAYUP by OGLE,JOHN",2
--,,,,,"REBOUND DEF by BUTTS,KEYSHAWN",,,"REBOUND DEF by BUTTS,KEYSHAWN",2
00:07,"FOUL  by OGLE,JOHN",,,,,,,"FOUL  by OGLE,JOHN",2
00:07,"SUB IN by STEELE,AARON",,,,,,,"SUB IN by STEELE,AARON",2
00:07,"SUB OUT by OGLE,JOHN",,,,,,,"SUB OUT by OGLE,JOHN",2
00:07,"SUB IN by BATCHELOR,BRYCE",,,,,,,"SUB IN by BATCHELOR,BRYCE",2
00:07,"SUB OUT by LITTLEFIELD,GEAREN",,,,,,,"SUB OUT by LITTLEFIELD,GEAREN",2
00:07,,60,,65 (+5),"GOOD FT by SULLIVAN,BRENNAN",RHO 60-65 (+5),,"GOOD FT by SULLIVAN,BRENNAN",2
00:07,,60,,66 (+6),"GOOD FT by SULLIVAN,BRENNAN",RHO 60-66 (+6),,"GOOD FT by SULLIVAN,BRENNAN",2
00:07,,,,,"SUB IN by DARST,DANIEL",,,"SUB IN by DARST,DANIEL",2
00:07,,,,,"SUB OUT by GALVIN,DANIEL",,,"SUB OUT by GALVIN,DANIEL",2
00:00,"MISS 3PTR by SMITH,PRESTON",,,,,,,"MISS 3PTR by SMITH,PRESTON",2
--,REBOUND OFF by TEAM,,,,,,,REBOUND OFF by TEAM,2
