game,boxscore_visitor_name,boxscore_home_name,final score,visitorFinalScore,homeFinalScore,visitorRecord,homeRecord,gameDate,outcome,attendance,gameLocation,gameTime,Time Remaining,Away Team,Away Team Score,Home Team Score,Home Team,Point Differential,Period,Home Play Type,Home Shot Good,Home Shots Taken,Home 3PTRs Taken,Home Shooting PCT,Home 3PTRs PCT,Away Play Type,Away Shot Good,Away Shots Taken,Away 3PTRs Taken,Away Shooting PCT,Away 3PTRs PCT,Time Remaining Mins,Time Remaining Secs
28,Sewanee,Birmingham-Southern,50-68,50,68,20-8,22-6,02/28/16,Win,1183,No Location Recorded,3:00 PM,19:45,"GOOD LAYUP by CARTER,KESHONN(in the paint)",2,0,,-2,1,layup,good,1,0,1.0,,,,0,0,,,39,2385
28,Sewanee,Birmingham-Southern,50-68,50,68,20-8,22-6,02/28/16,Win,1183,No Location Recorded,3:00 PM,19:22,,2,2,"GOOD LAYUP by AVERY,ALEX(in the paint)",0,1,,,1,0,1.0,,layup,good,1,0,1.0,,39,2362
28,Sewanee,Birmingham-Southern,50-68,50,68,20-8,22-6,02/28/16,Win,1183,No Location Recorded,3:00 PM,18:49,"TURNOVER  by MCCULLOUGH,JACOB",2,2,,0,1,,,1,0,1.0,,,,1,0,1.0,,38,2329
28,Sewanee,Birmingham-Southern,50-68,50,68,20-8,22-6,02/28/16,Win,1183,No Location Recorded,3:00 PM,18:37,,2,2,"MISS 3PTR by DENEKA,HARRISON",0,1,,,1,0,1.0,,3ptr,miss,2,1,0.5,0.0,38,2317
28,Sewanee,Birmingham-Southern,50-68,50,68,20-8,22-6,02/28/16,Win,1183,No Location Recorded,3:00 PM,18:37,,2,2,"REBOUND OFF by DENEKA,HARRISON",0,1,,,1,0,1.0,,,,2,1,0.5,0.0,38,2317
28,Sewanee,Birmingham-Southern,50-68,50,68,20-8,22-6,02/28/16,Win,1183,No Location Recorded,3:00 PM,18:33,"FOUL  by CARTER,KESHONN",2,2,,0,1,foul,,1,0,1.0,,,,2,1,0.5,0.0,38,2313
28,Sewanee,Birmingham-Southern,50-68,50,68,20-8,22-6,02/28/16,Win,1183,No Location Recorded,3:00 PM,18:33,,2,3,"GOOD FT by DENEKA,HARRISON",1,1,,,1,0,1.0,,ft,good,3,1,0.667,0.0,38,2313
28,Sewanee,Birmingham-Southern,50-68,50,68,20-8,22-6,02/28/16,Win,1183,No Location Recorded,3:00 PM,18:33,,2,3,"MISS FT by DENEKA,HARRISON",1,1,,,1,0,1.0,,ft,miss,4,1,0.5,0.0,38,2313
28,Sewanee,Birmingham-Southern,50-68,50,68,20-8,22-6,02/28/16,Win,1183,No Location Recorded,3:00 PM,18:33,"REBOUND DEF by CARTER,KESHONN",2,3,,1,1,,,1,0,1.0,,,,4,1,0.5,0.0,38,2313
28,Sewanee,Birmingham-Southern,50-68,50,68,20-8,22-6,02/28/16,Win,1183,No Location Recorded,3:00 PM,18:14,,2,3,"FOUL  by LEWIS,EVAN",1,1,,,1,0,1.0,,foul,,4,1,0.5,0.0,38,2294
28,Sewanee,Birmingham-Southern,50-68,50,68,20-8,22-6,02/28/16,Win,1183,No Location Recorded,3:00 PM,18:13,"TURNOVER  by JONES,CODY",2,3,,1,1,,,1,0,1.0,,,,4,1,0.5,0.0,38,2293
28,Sewanee,Birmingham-Southern,50-68,50,68,20-8,22-6,02/28/16,Win,1183,No Location Recorded,3:00 PM,17:55,,2,3,"MISS JUMPER by LEWIS,EVAN",1,1,,,1,0,1.0,,jumper,miss,5,1,0.4,0.0,37,2275
28,Sewanee,Birmingham-Southern,50-68,50,68,20-8,22-6,02/28/16,Win,1183,No Location Recorded,3:00 PM,17:55,"BLOCK  by JONES,CODY",2,3,,1,1,,,1,0,1.0,,,,5,1,0.4,0.0,37,2275
28,Sewanee,Birmingham-Southern,50-68,50,68,20-8,22-6,02/28/16,Win,1183,No Location Recorded,3:00 PM,17:55,"REBOUND DEF by MCCULLOUGH,JACOB",2,3,,1,1,,,1,0,1.0,,,,5,1,0.4,0.0,37,2275
28,Sewanee,Birmingham-Southern,50-68,50,68,20-8,22-6,02/28/16,Win,1183,No Location Recorded,3:00 PM,17:32,"MISS JUMPER by MCCULLOUGH,JACOB",2,3,,1,1,jumper,miss,2,0,0.5,,,,5,1,0.4,0.0,37,2252
28,Sewanee,Birmingham-Southern,50-68,50,68,20-8,22-6,02/28/16,Win,1183,No Location Recorded,3:00 PM,17:32,,2,3,"REBOUND DEF by WELCH,ROSS",1,1,,,2,0,0.5,,,,5,1,0.4,0.0,37,2252
28,Sewanee,Birmingham-Southern,50-68,50,68,20-8,22-6,02/28/16,Win,1183,No Location Recorded,3:00 PM,17:18,,2,3,"MISS LAYUP by AVERY,ALEX",1,1,,,2,0,0.5,,layup,miss,6,1,0.333,0.0,37,2238
28,Sewanee,Birmingham-Southern,50-68,50,68,20-8,22-6,02/28/16,Win,1183,No Location Recorded,3:00 PM,17:18,"REBOUND DEF by STONE,BRODY",2,3,,1,1,,,2,0,0.5,,,,6,1,0.333,0.0,37,2238
28,Sewanee,Birmingham-Southern,50-68,50,68,20-8,22-6,02/28/16,Win,1183,No Location Recorded,3:00 PM,17:08,"MISS JUMPER by JONES,CODY",2,3,,1,1,jumper,miss,3,0,0.333,,,,6,1,0.333,0.0,37,2228
28,Sewanee,Birmingham-Southern,50-68,50,68,20-8,22-6,02/28/16,Win,1183,No Location Recorded,3:00 PM,17:08,"REBOUND OFF by JONES,CODY",2,3,,1,1,,,3,0,0.333,,,,6,1,0.333,0.0,37,2228
28,Sewanee,Birmingham-Southern,50-68,50,68,20-8,22-6,02/28/16,Win,1183,No Location Recorded,3:00 PM,16:55,"GOOD 3PTR by BORN,CLAY",5,3,,-2,1,3ptr,good,4,1,0.5,1.0,,,6,1,0.333,0.0,36,2215
28,Sewanee,Birmingham-Southern,50-68,50,68,20-8,22-6,02/28/16,Win,1183,No Location Recorded,3:00 PM,16:55,"ASSIST  by CARTER,KESHONN",5,3,,-2,1,,,4,1,0.5,1.0,,,6,1,0.333,0.0,36,2215
28,Sewanee,Birmingham-Southern,50-68,50,68,20-8,22-6,02/28/16,Win,1183,No Location Recorded,3:00 PM,16:25,,5,3,"MISS LAYUP by AVERY,ALEX",-2,1,,,4,1,0.5,1.0,layup,miss,7,1,0.286,0.0,36,2185
28,Sewanee,Birmingham-Southern,50-68,50,68,20-8,22-6,02/28/16,Win,1183,No Location Recorded,3:00 PM,16:25,,5,3,"REBOUND OFF by DENEKA,HARRISON",-2,1,,,4,1,0.5,1.0,,,7,1,0.286,0.0,36,2185
28,Sewanee,Birmingham-Southern,50-68,50,68,20-8,22-6,02/28/16,Win,1183,No Location Recorded,3:00 PM,16:23,,5,5,"GOOD TIPIN by DENEKA,HARRISON(in the paint)",0,1,,,4,1,0.5,1.0,,good,8,1,0.375,0.0,36,2183
28,Sewanee,Birmingham-Southern,50-68,50,68,20-8,22-6,02/28/16,Win,1183,No Location Recorded,3:00 PM,16:19,"SUB IN by TOME,MATT",5,5,,0,1,,,4,1,0.5,1.0,,,8,1,0.375,0.0,36,2179
28,Sewanee,Birmingham-Southern,50-68,50,68,20-8,22-6,02/28/16,Win,1183,No Location Recorded,3:00 PM,16:19,"SUB OUT by JONES,CODY",5,5,,0,1,,,4,1,0.5,1.0,,,8,1,0.375,0.0,36,2179
28,Sewanee,Birmingham-Southern,50-68,50,68,20-8,22-6,02/28/16,Win,1183,No Location Recorded,3:00 PM,16:15,"TURNOVER  by MCCULLOUGH,JACOB",5,5,,0,1,,,4,1,0.5,1.0,,,8,1,0.375,0.0,36,2175
28,Sewanee,Birmingham-Southern,50-68,50,68,20-8,22-6,02/28/16,Win,1183,No Location Recorded,3:00 PM,16:14,,5,5,"MISS JUMPER by WELCH,ROSS",0,1,,,4,1,0.5,1.0,jumper,miss,9,1,0.333,0.0,36,2174
28,Sewanee,Birmingham-Southern,50-68,50,68,20-8,22-6,02/28/16,Win,1183,No Location Recorded,3:00 PM,16:14,"REBOUND DEF by STONE,BRODY",5,5,,0,1,,,4,1,0.5,1.0,,,9,1,0.333,0.0,36,2174
28,Sewanee,Birmingham-Southern,50-68,50,68,20-8,22-6,02/28/16,Win,1183,No Location Recorded,3:00 PM,16:13,,5,5,"FOUL  by DENEKA,HARRISON",0,1,,,4,1,0.5,1.0,foul,,9,1,0.333,0.0,36,2173
28,Sewanee,Birmingham-Southern,50-68,50,68,20-8,22-6,02/28/16,Win,1183,No Location Recorded,3:00 PM,16:00,"MISS FT by CARTER,KESHONN",5,5,,0,1,ft,miss,5,1,0.4,1.0,,,9,1,0.333,0.0,36,2160
28,Sewanee,Birmingham-Southern,50-68,50,68,20-8,22-6,02/28/16,Win,1183,No Location Recorded,3:00 PM,16:00,REBOUND DEADB by TEAM,5,5,,0,1,,,5,1,0.4,1.0,,,9,1,0.333,0.0,36,2160
28,Sewanee,Birmingham-Southern,50-68,50,68,20-8,22-6,02/28/16,Win,1183,No Location Recorded,3:00 PM,15:40,"GOOD FT by CARTER,KESHONN",6,5,,-1,1,ft,good,6,1,0.5,1.0,,,9,1,0.333,0.0,35,2140
28,Sewanee,Birmingham-Southern,50-68,50,68,20-8,22-6,02/28/16,Win,1183,No Location Recorded,3:00 PM,15:40,"SUB IN by BROWN,SETH",6,5,,-1,1,,,6,1,0.5,1.0,,,9,1,0.333,0.0,35,2140
28,Sewanee,Birmingham-Southern,50-68,50,68,20-8,22-6,02/28/16,Win,1183,No Location Recorded,3:00 PM,15:40,"SUB IN by JONES,CODY",6,5,,-1,1,,,6,1,0.5,1.0,,,9,1,0.333,0.0,35,2140
28,Sewanee,Birmingham-Southern,50-68,50,68,20-8,22-6,02/28/16,Win,1183,No Location Recorded,3:00 PM,15:40,"SUB OUT by STONE,BRODY",6,5,,-1,1,,,6,1,0.5,1.0,,,9,1,0.333,0.0,35,2140
28,Sewanee,Birmingham-Southern,50-68,50,68,20-8,22-6,02/28/16,Win,1183,No Location Recorded,3:00 PM,15:40,"SUB OUT by MCCULLOUGH,JACOB",6,5,,-1,1,,,6,1,0.5,1.0,,,9,1,0.333,0.0,35,2140
28,Sewanee,Birmingham-Southern,50-68,50,68,20-8,22-6,02/28/16,Win,1183,No Location Recorded,3:00 PM,15:31,,6,7,"GOOD LAYUP by THOM,IAN(in the paint)",1,1,,,6,1,0.5,1.0,layup,good,10,1,0.4,0.0,35,2131
28,Sewanee,Birmingham-Southern,50-68,50,68,20-8,22-6,02/28/16,Win,1183,No Location Recorded,3:00 PM,15:02,"MISS 3PTR by BORN,CLAY",6,7,,1,1,3ptr,miss,7,2,0.429,0.5,,,10,1,0.4,0.0,35,2102
28,Sewanee,Birmingham-Southern,50-68,50,68,20-8,22-6,02/28/16,Win,1183,No Location Recorded,3:00 PM,15:02,,6,7,"REBOUND DEF by AVERY,ALEX",1,1,,,7,2,0.429,0.5,,,10,1,0.4,0.0,35,2102
28,Sewanee,Birmingham-Southern,50-68,50,68,20-8,22-6,02/28/16,Win,1183,No Location Recorded,3:00 PM,14:47,,6,7,"MISS JUMPER by THOM,IAN",1,1,,,7,2,0.429,0.5,jumper,miss,11,1,0.364,0.0,34,2087
28,Sewanee,Birmingham-Southern,50-68,50,68,20-8,22-6,02/28/16,Win,1183,No Location Recorded,3:00 PM,14:47,"BLOCK  by TOME,MATT",6,7,,1,1,,,7,2,0.429,0.5,,,11,1,0.364,0.0,34,2087
28,Sewanee,Birmingham-Southern,50-68,50,68,20-8,22-6,02/28/16,Win,1183,No Location Recorded,3:00 PM,14:47,,6,7,"REBOUND OFF by THOM,IAN",1,1,,,7,2,0.429,0.5,,,11,1,0.364,0.0,34,2087
28,Sewanee,Birmingham-Southern,50-68,50,68,20-8,22-6,02/28/16,Win,1183,No Location Recorded,3:00 PM,14:43,,6,10,"GOOD 3PTR by WELCH,ROSS",4,1,,,7,2,0.429,0.5,3ptr,good,12,2,0.417,0.5,34,2083
28,Sewanee,Birmingham-Southern,50-68,50,68,20-8,22-6,02/28/16,Win,1183,No Location Recorded,3:00 PM,14:43,,6,10,"ASSIST  by THOM,IAN",4,1,,,7,2,0.429,0.5,,,12,2,0.417,0.5,34,2083
28,Sewanee,Birmingham-Southern,50-68,50,68,20-8,22-6,02/28/16,Win,1183,No Location Recorded,3:00 PM,14:18,"MISS LAYUP by BROWN,SETH",6,10,,4,1,layup,miss,8,2,0.375,0.5,,,12,2,0.417,0.5,34,2058
28,Sewanee,Birmingham-Southern,50-68,50,68,20-8,22-6,02/28/16,Win,1183,No Location Recorded,3:00 PM,14:18,"REBOUND OFF by CARTER,KESHONN",6,10,,4,1,,,8,2,0.375,0.5,,,12,2,0.417,0.5,34,2058
28,Sewanee,Birmingham-Southern,50-68,50,68,20-8,22-6,02/28/16,Win,1183,No Location Recorded,3:00 PM,14:15,"MISS JUMPER by CARTER,KESHONN",6,10,,4,1,jumper,miss,9,2,0.333,0.5,,,12,2,0.417,0.5,34,2055
28,Sewanee,Birmingham-Southern,50-68,50,68,20-8,22-6,02/28/16,Win,1183,No Location Recorded,3:00 PM,14:15,,6,10,"BLOCK  by AVERY,ALEX",4,1,,,9,2,0.333,0.5,,,12,2,0.417,0.5,34,2055
28,Sewanee,Birmingham-Southern,50-68,50,68,20-8,22-6,02/28/16,Win,1183,No Location Recorded,3:00 PM,14:15,,6,10,"REBOUND DEF by AVERY,ALEX",4,1,,,9,2,0.333,0.5,,,12,2,0.417,0.5,34,2055
28,Sewanee,Birmingham-Southern,50-68,50,68,20-8,22-6,02/28/16,Win,1183,No Location Recorded,3:00 PM,14:03,"FOUL  by JONES,CODY",6,10,,4,1,foul,,9,2,0.333,0.5,,,12,2,0.417,0.5,34,2043
28,Sewanee,Birmingham-Southern,50-68,50,68,20-8,22-6,02/28/16,Win,1183,No Location Recorded,3:00 PM,14:03,,6,11,"GOOD FT by DENEKA,HARRISON",5,1,,,9,2,0.333,0.5,ft,good,13,2,0.462,0.5,34,2043
28,Sewanee,Birmingham-Southern,50-68,50,68,20-8,22-6,02/28/16,Win,1183,No Location Recorded,3:00 PM,14:03,,6,12,"GOOD FT by DENEKA,HARRISON",6,1,,,9,2,0.333,0.5,ft,good,14,2,0.5,0.5,34,2043
28,Sewanee,Birmingham-Southern,50-68,50,68,20-8,22-6,02/28/16,Win,1183,No Location Recorded,3:00 PM,14:03,"SUB IN by STONE,BRODY",6,12,,6,1,,,9,2,0.333,0.5,,,14,2,0.5,0.5,34,2043
28,Sewanee,Birmingham-Southern,50-68,50,68,20-8,22-6,02/28/16,Win,1183,No Location Recorded,3:00 PM,14:03,"SUB IN by MCCULLOUGH,JACOB",6,12,,6,1,,,9,2,0.333,0.5,,,14,2,0.5,0.5,34,2043
28,Sewanee,Birmingham-Southern,50-68,50,68,20-8,22-6,02/28/16,Win,1183,No Location Recorded,3:00 PM,14:03,"SUB OUT by CARTER,KESHONN",6,12,,6,1,,,9,2,0.333,0.5,,,14,2,0.5,0.5,34,2043
28,Sewanee,Birmingham-Southern,50-68,50,68,20-8,22-6,02/28/16,Win,1183,No Location Recorded,3:00 PM,14:03,"SUB OUT by BORN,CLAY",6,12,,6,1,,,9,2,0.333,0.5,,,14,2,0.5,0.5,34,2043
28,Sewanee,Birmingham-Southern,50-68,50,68,20-8,22-6,02/28/16,Win,1183,No Location Recorded,3:00 PM,14:03,,6,12,"SUB IN by RUDAK,MATTY",6,1,,,9,2,0.333,0.5,,,14,2,0.5,0.5,34,2043
28,Sewanee,Birmingham-Southern,50-68,50,68,20-8,22-6,02/28/16,Win,1183,No Location Recorded,3:00 PM,14:03,,6,12,"SUB IN by MCLEAN,JAMES",6,1,,,9,2,0.333,0.5,,,14,2,0.5,0.5,34,2043
28,Sewanee,Birmingham-Southern,50-68,50,68,20-8,22-6,02/28/16,Win,1183,No Location Recorded,3:00 PM,14:03,,6,12,"SUB OUT by DENEKA,HARRISON",6,1,,,9,2,0.333,0.5,,,14,2,0.5,0.5,34,2043
28,Sewanee,Birmingham-Southern,50-68,50,68,20-8,22-6,02/28/16,Win,1183,No Location Recorded,3:00 PM,14:03,,6,12,"SUB OUT by LEWIS,EVAN",6,1,,,9,2,0.333,0.5,,,14,2,0.5,0.5,34,2043
28,Sewanee,Birmingham-Southern,50-68,50,68,20-8,22-6,02/28/16,Win,1183,No Location Recorded,3:00 PM,13:57,"TURNOVER  by MCCULLOUGH,JACOB",6,12,,6,1,,,9,2,0.333,0.5,,,14,2,0.5,0.5,33,2037
28,Sewanee,Birmingham-Southern,50-68,50,68,20-8,22-6,02/28/16,Win,1183,No Location Recorded,3:00 PM,13:55,,6,12,"STEAL  by MCLEAN,JAMES",6,1,,,9,2,0.333,0.5,,,14,2,0.5,0.5,33,2035
28,Sewanee,Birmingham-Southern,50-68,50,68,20-8,22-6,02/28/16,Win,1183,No Location Recorded,3:00 PM,13:53,,6,15,"GOOD 3PTR by WELCH,ROSS",9,1,,,9,2,0.333,0.5,3ptr,good,15,3,0.533,0.667,33,2033
28,Sewanee,Birmingham-Southern,50-68,50,68,20-8,22-6,02/28/16,Win,1183,No Location Recorded,3:00 PM,13:53,,6,15,"ASSIST  by RUDAK,MATTY",9,1,,,9,2,0.333,0.5,,,15,3,0.533,0.667,33,2033
28,Sewanee,Birmingham-Southern,50-68,50,68,20-8,22-6,02/28/16,Win,1183,No Location Recorded,3:00 PM,13:50,TIMEOUT 30SEC by TEAM,6,15,,9,1,,,9,2,0.333,0.5,,,15,3,0.533,0.667,33,2030
28,Sewanee,Birmingham-Southern,50-68,50,68,20-8,22-6,02/28/16,Win,1183,No Location Recorded,3:00 PM,13:30,"GOOD JUMPER by JONES,CODY",8,15,,7,1,jumper,good,10,2,0.4,0.5,,,15,3,0.533,0.667,33,2010
28,Sewanee,Birmingham-Southern,50-68,50,68,20-8,22-6,02/28/16,Win,1183,No Location Recorded,3:00 PM,13:13,,8,15,"MISS 3PTR by WELCH,ROSS",7,1,,,10,2,0.4,0.5,3ptr,miss,16,4,0.5,0.5,33,1993
28,Sewanee,Birmingham-Southern,50-68,50,68,20-8,22-6,02/28/16,Win,1183,No Location Recorded,3:00 PM,13:13,"REBOUND DEF by BROWN,SETH",8,15,,7,1,,,10,2,0.4,0.5,,,16,4,0.5,0.5,33,1993
28,Sewanee,Birmingham-Southern,50-68,50,68,20-8,22-6,02/28/16,Win,1183,No Location Recorded,3:00 PM,12:55,,8,15,"FOUL  by RUDAK,MATTY",7,1,,,10,2,0.4,0.5,foul,,16,4,0.5,0.5,32,1975
28,Sewanee,Birmingham-Southern,50-68,50,68,20-8,22-6,02/28/16,Win,1183,No Location Recorded,3:00 PM,12:55,"GOOD FT by BROWN,SETH",9,15,,6,1,ft,good,11,2,0.455,0.5,,,16,4,0.5,0.5,32,1975
28,Sewanee,Birmingham-Southern,50-68,50,68,20-8,22-6,02/28/16,Win,1183,No Location Recorded,3:00 PM,12:55,"MISS FT by BROWN,SETH",9,15,,6,1,ft,miss,12,2,0.417,0.5,,,16,4,0.5,0.5,32,1975
28,Sewanee,Birmingham-Southern,50-68,50,68,20-8,22-6,02/28/16,Win,1183,No Location Recorded,3:00 PM,12:55,,9,15,"REBOUND DEF by MCLEAN,JAMES",6,1,,,12,2,0.417,0.5,,,16,4,0.5,0.5,32,1975
28,Sewanee,Birmingham-Southern,50-68,50,68,20-8,22-6,02/28/16,Win,1183,No Location Recorded,3:00 PM,12:55,"SUB IN by BORN,CLAY",9,15,,6,1,,,12,2,0.417,0.5,,,16,4,0.5,0.5,32,1975
28,Sewanee,Birmingham-Southern,50-68,50,68,20-8,22-6,02/28/16,Win,1183,No Location Recorded,3:00 PM,12:55,"SUB OUT by MCCULLOUGH,JACOB",9,15,,6,1,,,12,2,0.417,0.5,,,16,4,0.5,0.5,32,1975
28,Sewanee,Birmingham-Southern,50-68,50,68,20-8,22-6,02/28/16,Win,1183,No Location Recorded,3:00 PM,12:55,,9,15,"SUB IN by BARRON,MAC",6,1,,,12,2,0.417,0.5,,,16,4,0.5,0.5,32,1975
28,Sewanee,Birmingham-Southern,50-68,50,68,20-8,22-6,02/28/16,Win,1183,No Location Recorded,3:00 PM,12:55,,9,15,"SUB IN by MURPHY,JUWAN",6,1,,,12,2,0.417,0.5,,,16,4,0.5,0.5,32,1975
28,Sewanee,Birmingham-Southern,50-68,50,68,20-8,22-6,02/28/16,Win,1183,No Location Recorded,3:00 PM,12:55,,9,15,"SUB OUT by AVERY,ALEX",6,1,,,12,2,0.417,0.5,,,16,4,0.5,0.5,32,1975
28,Sewanee,Birmingham-Southern,50-68,50,68,20-8,22-6,02/28/16,Win,1183,No Location Recorded,3:00 PM,12:55,,9,15,"SUB OUT by THOM,IAN",6,1,,,12,2,0.417,0.5,,,16,4,0.5,0.5,32,1975
28,Sewanee,Birmingham-Southern,50-68,50,68,20-8,22-6,02/28/16,Win,1183,No Location Recorded,3:00 PM,12:35,,9,15,"TURNOVER  by RUDAK,MATTY",6,1,,,12,2,0.417,0.5,,,16,4,0.5,0.5,32,1955
28,Sewanee,Birmingham-Southern,50-68,50,68,20-8,22-6,02/28/16,Win,1183,No Location Recorded,3:00 PM,12:27,"STEAL  by STONE,BRODY",9,15,,6,1,,,12,2,0.417,0.5,,,16,4,0.5,0.5,32,1947
28,Sewanee,Birmingham-Southern,50-68,50,68,20-8,22-6,02/28/16,Win,1183,No Location Recorded,3:00 PM,12:18,"TURNOVER  by BROWN,SETH",9,15,,6,1,,,12,2,0.417,0.5,,,16,4,0.5,0.5,32,1938
28,Sewanee,Birmingham-Southern,50-68,50,68,20-8,22-6,02/28/16,Win,1183,No Location Recorded,3:00 PM,12:16,,9,15,"STEAL  by MCLEAN,JAMES",6,1,,,12,2,0.417,0.5,,,16,4,0.5,0.5,32,1936
28,Sewanee,Birmingham-Southern,50-68,50,68,20-8,22-6,02/28/16,Win,1183,No Location Recorded,3:00 PM,12:10,,9,15,"TURNOVER  by MCLEAN,JAMES",6,1,,,12,2,0.417,0.5,,,16,4,0.5,0.5,32,1930
28,Sewanee,Birmingham-Southern,50-68,50,68,20-8,22-6,02/28/16,Win,1183,No Location Recorded,3:00 PM,12:09,"STEAL  by TOME,MATT",9,15,,6,1,,,12,2,0.417,0.5,,,16,4,0.5,0.5,32,1929
28,Sewanee,Birmingham-Southern,50-68,50,68,20-8,22-6,02/28/16,Win,1183,No Location Recorded,3:00 PM,12:05,"MISS LAYUP by BORN,CLAY",9,15,,6,1,layup,miss,13,2,0.385,0.5,,,16,4,0.5,0.5,32,1925
28,Sewanee,Birmingham-Southern,50-68,50,68,20-8,22-6,02/28/16,Win,1183,No Location Recorded,3:00 PM,12:05,,9,15,"REBOUND DEF by MCLEAN,JAMES",6,1,,,13,2,0.385,0.5,,,16,4,0.5,0.5,32,1925
28,Sewanee,Birmingham-Southern,50-68,50,68,20-8,22-6,02/28/16,Win,1183,No Location Recorded,3:00 PM,12:00,,9,18,"GOOD 3PTR by WELCH,ROSS",9,1,,,13,2,0.385,0.5,3ptr,good,17,5,0.529,0.6,32,1920
28,Sewanee,Birmingham-Southern,50-68,50,68,20-8,22-6,02/28/16,Win,1183,No Location Recorded,3:00 PM,12:00,,9,18,"ASSIST  by MCLEAN,JAMES",9,1,,,13,2,0.385,0.5,,,17,5,0.529,0.6,32,1920
28,Sewanee,Birmingham-Southern,50-68,50,68,20-8,22-6,02/28/16,Win,1183,No Location Recorded,3:00 PM,11:49,,9,18,"FOUL  by MCLEAN,JAMES",9,1,,,13,2,0.385,0.5,foul,,17,5,0.529,0.6,31,1909
28,Sewanee,Birmingham-Southern,50-68,50,68,20-8,22-6,02/28/16,Win,1183,No Location Recorded,3:00 PM,11:49,"SUB IN by CARTER,KESHONN",9,18,,9,1,,,13,2,0.385,0.5,,,17,5,0.529,0.6,31,1909
28,Sewanee,Birmingham-Southern,50-68,50,68,20-8,22-6,02/28/16,Win,1183,No Location Recorded,3:00 PM,11:49,"SUB OUT by BROWN,SETH",9,18,,9,1,,,13,2,0.385,0.5,,,17,5,0.529,0.6,31,1909
28,Sewanee,Birmingham-Southern,50-68,50,68,20-8,22-6,02/28/16,Win,1183,No Location Recorded,3:00 PM,11:49,,9,18,"SUB IN by CRAIN,JOHN",9,1,,,13,2,0.385,0.5,,,17,5,0.529,0.6,31,1909
28,Sewanee,Birmingham-Southern,50-68,50,68,20-8,22-6,02/28/16,Win,1183,No Location Recorded,3:00 PM,11:49,,9,18,"SUB OUT by WELCH,ROSS",9,1,,,13,2,0.385,0.5,,,17,5,0.529,0.6,31,1909
28,Sewanee,Birmingham-Southern,50-68,50,68,20-8,22-6,02/28/16,Win,1183,No Location Recorded,3:00 PM,11:39,"MISS JUMPER by JONES,CODY",9,18,,9,1,jumper,miss,14,2,0.357,0.5,,,17,5,0.529,0.6,31,1899
28,Sewanee,Birmingham-Southern,50-68,50,68,20-8,22-6,02/28/16,Win,1183,No Location Recorded,3:00 PM,11:39,,9,18,"REBOUND DEF by RUDAK,MATTY",9,1,,,14,2,0.357,0.5,,,17,5,0.529,0.6,31,1899
28,Sewanee,Birmingham-Southern,50-68,50,68,20-8,22-6,02/28/16,Win,1183,No Location Recorded,3:00 PM,11:29,,9,18,"MISS 3PTR by MCLEAN,JAMES",9,1,,,14,2,0.357,0.5,3ptr,miss,18,6,0.5,0.5,31,1889
28,Sewanee,Birmingham-Southern,50-68,50,68,20-8,22-6,02/28/16,Win,1183,No Location Recorded,3:00 PM,11:29,"REBOUND DEF by CARTER,KESHONN",9,18,,9,1,,,14,2,0.357,0.5,,,18,6,0.5,0.5,31,1889
28,Sewanee,Birmingham-Southern,50-68,50,68,20-8,22-6,02/28/16,Win,1183,No Location Recorded,3:00 PM,11:02,"TURNOVER  by JONES,CODY",9,18,,9,1,,,14,2,0.357,0.5,,,18,6,0.5,0.5,31,1862
28,Sewanee,Birmingham-Southern,50-68,50,68,20-8,22-6,02/28/16,Win,1183,No Location Recorded,3:00 PM,11:01,,9,18,"STEAL  by MURPHY,JUWAN",9,1,,,14,2,0.357,0.5,,,18,6,0.5,0.5,31,1861
28,Sewanee,Birmingham-Southern,50-68,50,68,20-8,22-6,02/28/16,Win,1183,No Location Recorded,3:00 PM,10:55,,9,18,"TURNOVER  by CRAIN,JOHN",9,1,,,14,2,0.357,0.5,,,18,6,0.5,0.5,30,1855
28,Sewanee,Birmingham-Southern,50-68,50,68,20-8,22-6,02/28/16,Win,1183,No Location Recorded,3:00 PM,10:55,"STEAL  by STONE,BRODY",9,18,,9,1,,,14,2,0.357,0.5,,,18,6,0.5,0.5,30,1855
28,Sewanee,Birmingham-Southern,50-68,50,68,20-8,22-6,02/28/16,Win,1183,No Location Recorded,3:00 PM,10:55,TIMEOUT 30SEC by TEAM,9,18,,9,1,,,14,2,0.357,0.5,,,18,6,0.5,0.5,30,1855
28,Sewanee,Birmingham-Southern,50-68,50,68,20-8,22-6,02/28/16,Win,1183,No Location Recorded,3:00 PM,10:55,"SUB IN by MCCULLOUGH,JACOB",9,18,,9,1,,,14,2,0.357,0.5,,,18,6,0.5,0.5,30,1855
28,Sewanee,Birmingham-Southern,50-68,50,68,20-8,22-6,02/28/16,Win,1183,No Location Recorded,3:00 PM,10:55,"SUB OUT by JONES,CODY",9,18,,9,1,,,14,2,0.357,0.5,,,18,6,0.5,0.5,30,1855
28,Sewanee,Birmingham-Southern,50-68,50,68,20-8,22-6,02/28/16,Win,1183,No Location Recorded,3:00 PM,10:55,,9,18,"SUB IN by DENEKA,HARRISON",9,1,,,14,2,0.357,0.5,,,18,6,0.5,0.5,30,1855
28,Sewanee,Birmingham-Southern,50-68,50,68,20-8,22-6,02/28/16,Win,1183,No Location Recorded,3:00 PM,10:55,,9,18,"SUB IN by THOM,IAN",9,1,,,14,2,0.357,0.5,,,18,6,0.5,0.5,30,1855
28,Sewanee,Birmingham-Southern,50-68,50,68,20-8,22-6,02/28/16,Win,1183,No Location Recorded,3:00 PM,10:55,,9,18,"SUB IN by LEWIS,EVAN",9,1,,,14,2,0.357,0.5,,,18,6,0.5,0.5,30,1855
28,Sewanee,Birmingham-Southern,50-68,50,68,20-8,22-6,02/28/16,Win,1183,No Location Recorded,3:00 PM,10:55,,9,18,"SUB OUT by BARRON,MAC",9,1,,,14,2,0.357,0.5,,,18,6,0.5,0.5,30,1855
28,Sewanee,Birmingham-Southern,50-68,50,68,20-8,22-6,02/28/16,Win,1183,No Location Recorded,3:00 PM,10:55,,9,18,"SUB OUT by MURPHY,JUWAN",9,1,,,14,2,0.357,0.5,,,18,6,0.5,0.5,30,1855
28,Sewanee,Birmingham-Southern,50-68,50,68,20-8,22-6,02/28/16,Win,1183,No Location Recorded,3:00 PM,10:55,,9,18,"SUB OUT by MCLEAN,JAMES",9,1,,,14,2,0.357,0.5,,,18,6,0.5,0.5,30,1855
28,Sewanee,Birmingham-Southern,50-68,50,68,20-8,22-6,02/28/16,Win,1183,No Location Recorded,3:00 PM,10:31,"MISS 3PTR by TOME,MATT",9,18,,9,1,3ptr,miss,15,3,0.333,0.333,,,18,6,0.5,0.5,30,1831
28,Sewanee,Birmingham-Southern,50-68,50,68,20-8,22-6,02/28/16,Win,1183,No Location Recorded,3:00 PM,10:31,,9,18,"REBOUND DEF by RUDAK,MATTY",9,1,,,15,3,0.333,0.333,,,18,6,0.5,0.5,30,1831
28,Sewanee,Birmingham-Southern,50-68,50,68,20-8,22-6,02/28/16,Win,1183,No Location Recorded,3:00 PM,10:08,,9,18,"TURNOVER  by RUDAK,MATTY",9,1,,,15,3,0.333,0.333,,,18,6,0.5,0.5,30,1808
28,Sewanee,Birmingham-Southern,50-68,50,68,20-8,22-6,02/28/16,Win,1183,No Location Recorded,3:00 PM,10:05,"STEAL  by MCCULLOUGH,JACOB",9,18,,9,1,,,15,3,0.333,0.333,,,18,6,0.5,0.5,30,1805
28,Sewanee,Birmingham-Southern,50-68,50,68,20-8,22-6,02/28/16,Win,1183,No Location Recorded,3:00 PM,10:02,"MISS LAYUP by MCCULLOUGH,JACOB",9,18,,9,1,layup,miss,16,3,0.312,0.333,,,18,6,0.5,0.5,30,1802
28,Sewanee,Birmingham-Southern,50-68,50,68,20-8,22-6,02/28/16,Win,1183,No Location Recorded,3:00 PM,10:02,,9,18,"REBOUND DEF by RUDAK,MATTY",9,1,,,16,3,0.312,0.333,,,18,6,0.5,0.5,30,1802
28,Sewanee,Birmingham-Southern,50-68,50,68,20-8,22-6,02/28/16,Win,1183,No Location Recorded,3:00 PM,09:55,,9,18,"MISS JUMPER by THOM,IAN",9,1,,,16,3,0.312,0.333,jumper,miss,19,6,0.474,0.5,29,1795
28,Sewanee,Birmingham-Southern,50-68,50,68,20-8,22-6,02/28/16,Win,1183,No Location Recorded,3:00 PM,09:55,"REBOUND DEF by TOME,MATT",9,18,,9,1,,,16,3,0.312,0.333,,,19,6,0.474,0.5,29,1795
28,Sewanee,Birmingham-Southern,50-68,50,68,20-8,22-6,02/28/16,Win,1183,No Location Recorded,3:00 PM,09:29,,9,18,"FOUL  by DENEKA,HARRISON",9,1,,,16,3,0.312,0.333,foul,,19,6,0.474,0.5,29,1769
28,Sewanee,Birmingham-Southern,50-68,50,68,20-8,22-6,02/28/16,Win,1183,No Location Recorded,3:00 PM,09:29,"SUB IN by BROWN,SETH",9,18,,9,1,,,16,3,0.312,0.333,,,19,6,0.474,0.5,29,1769
28,Sewanee,Birmingham-Southern,50-68,50,68,20-8,22-6,02/28/16,Win,1183,No Location Recorded,3:00 PM,09:29,"SUB IN by JONES,CODY",9,18,,9,1,,,16,3,0.312,0.333,,,19,6,0.474,0.5,29,1769
28,Sewanee,Birmingham-Southern,50-68,50,68,20-8,22-6,02/28/16,Win,1183,No Location Recorded,3:00 PM,09:29,"SUB OUT by STONE,BRODY",9,18,,9,1,,,16,3,0.312,0.333,,,19,6,0.474,0.5,29,1769
28,Sewanee,Birmingham-Southern,50-68,50,68,20-8,22-6,02/28/16,Win,1183,No Location Recorded,3:00 PM,09:29,"SUB OUT by MCCULLOUGH,JACOB",9,18,,9,1,,,16,3,0.312,0.333,,,19,6,0.474,0.5,29,1769
28,Sewanee,Birmingham-Southern,50-68,50,68,20-8,22-6,02/28/16,Win,1183,No Location Recorded,3:00 PM,09:29,,9,18,"SUB IN by AVERY,ALEX",9,1,,,16,3,0.312,0.333,,,19,6,0.474,0.5,29,1769
28,Sewanee,Birmingham-Southern,50-68,50,68,20-8,22-6,02/28/16,Win,1183,No Location Recorded,3:00 PM,09:29,,9,18,"SUB OUT by DENEKA,HARRISON",9,1,,,16,3,0.312,0.333,,,19,6,0.474,0.5,29,1769
28,Sewanee,Birmingham-Southern,50-68,50,68,20-8,22-6,02/28/16,Win,1183,No Location Recorded,3:00 PM,09:16,"MISS 3PTR by TOME,MATT",9,18,,9,1,3ptr,miss,17,4,0.294,0.25,,,19,6,0.474,0.5,29,1756
28,Sewanee,Birmingham-Southern,50-68,50,68,20-8,22-6,02/28/16,Win,1183,No Location Recorded,3:00 PM,09:16,"REBOUND OFF by CARTER,KESHONN",9,18,,9,1,,,17,4,0.294,0.25,,,19,6,0.474,0.5,29,1756
28,Sewanee,Birmingham-Southern,50-68,50,68,20-8,22-6,02/28/16,Win,1183,No Location Recorded,3:00 PM,08:53,"MISS JUMPER by BROWN,SETH",9,18,,9,1,jumper,miss,18,4,0.278,0.25,,,19,6,0.474,0.5,28,1733
28,Sewanee,Birmingham-Southern,50-68,50,68,20-8,22-6,02/28/16,Win,1183,No Location Recorded,3:00 PM,08:53,,9,18,"BLOCK  by RUDAK,MATTY",9,1,,,18,4,0.278,0.25,,,19,6,0.474,0.5,28,1733
28,Sewanee,Birmingham-Southern,50-68,50,68,20-8,22-6,02/28/16,Win,1183,No Location Recorded,3:00 PM,08:53,,9,18,"REBOUND DEF by THOM,IAN",9,1,,,18,4,0.278,0.25,,,19,6,0.474,0.5,28,1733
28,Sewanee,Birmingham-Southern,50-68,50,68,20-8,22-6,02/28/16,Win,1183,No Location Recorded,3:00 PM,08:42,,9,20,"GOOD LAYUP by CRAIN,JOHN(in the paint)",11,1,,,18,4,0.278,0.25,layup,good,20,6,0.5,0.5,28,1722
28,Sewanee,Birmingham-Southern,50-68,50,68,20-8,22-6,02/28/16,Win,1183,No Location Recorded,3:00 PM,08:42,"FOUL  by CARTER,KESHONN",9,20,,11,1,foul,,18,4,0.278,0.25,,,20,6,0.5,0.5,28,1722
28,Sewanee,Birmingham-Southern,50-68,50,68,20-8,22-6,02/28/16,Win,1183,No Location Recorded,3:00 PM,08:42,,9,21,"GOOD FT by CRAIN,JOHN",12,1,,,18,4,0.278,0.25,ft,good,21,6,0.524,0.5,28,1722
28,Sewanee,Birmingham-Southern,50-68,50,68,20-8,22-6,02/28/16,Win,1183,No Location Recorded,3:00 PM,08:42,"SUB IN by CALDWELL,CAM",9,21,,12,1,,,18,4,0.278,0.25,,,21,6,0.524,0.5,28,1722
28,Sewanee,Birmingham-Southern,50-68,50,68,20-8,22-6,02/28/16,Win,1183,No Location Recorded,3:00 PM,08:42,"SUB IN by STONE,BRODY",9,21,,12,1,,,18,4,0.278,0.25,,,21,6,0.524,0.5,28,1722
28,Sewanee,Birmingham-Southern,50-68,50,68,20-8,22-6,02/28/16,Win,1183,No Location Recorded,3:00 PM,08:42,"SUB OUT by TOME,MATT",9,21,,12,1,,,18,4,0.278,0.25,,,21,6,0.524,0.5,28,1722
28,Sewanee,Birmingham-Southern,50-68,50,68,20-8,22-6,02/28/16,Win,1183,No Location Recorded,3:00 PM,08:42,"SUB OUT by CARTER,KESHONN",9,21,,12,1,,,18,4,0.278,0.25,,,21,6,0.524,0.5,28,1722
28,Sewanee,Birmingham-Southern,50-68,50,68,20-8,22-6,02/28/16,Win,1183,No Location Recorded,3:00 PM,08:42,,9,21,"SUB IN by MCLEAN,JAMES",12,1,,,18,4,0.278,0.25,,,21,6,0.524,0.5,28,1722
28,Sewanee,Birmingham-Southern,50-68,50,68,20-8,22-6,02/28/16,Win,1183,No Location Recorded,3:00 PM,08:42,,9,21,"SUB OUT by RUDAK,MATTY",12,1,,,18,4,0.278,0.25,,,21,6,0.524,0.5,28,1722
28,Sewanee,Birmingham-Southern,50-68,50,68,20-8,22-6,02/28/16,Win,1183,No Location Recorded,3:00 PM,08:11,"MISS 3PTR by JONES,CODY",9,21,,12,1,3ptr,miss,19,5,0.263,0.2,,,21,6,0.524,0.5,28,1691
28,Sewanee,Birmingham-Southern,50-68,50,68,20-8,22-6,02/28/16,Win,1183,No Location Recorded,3:00 PM,08:11,,9,21,"REBOUND DEF by CRAIN,JOHN",12,1,,,19,5,0.263,0.2,,,21,6,0.524,0.5,28,1691
28,Sewanee,Birmingham-Southern,50-68,50,68,20-8,22-6,02/28/16,Win,1183,No Location Recorded,3:00 PM,07:59,,9,24,"GOOD 3PTR by CRAIN,JOHN",15,1,,,19,5,0.263,0.2,3ptr,good,22,7,0.545,0.571,27,1679
28,Sewanee,Birmingham-Southern,50-68,50,68,20-8,22-6,02/28/16,Win,1183,No Location Recorded,3:00 PM,07:59,,9,24,"ASSIST  by AVERY,ALEX",15,1,,,19,5,0.263,0.2,,,22,7,0.545,0.571,27,1679
28,Sewanee,Birmingham-Southern,50-68,50,68,20-8,22-6,02/28/16,Win,1183,No Location Recorded,3:00 PM,07:55,TIMEOUT TEAM by TEAM,9,24,,15,1,,,19,5,0.263,0.2,,,22,7,0.545,0.571,27,1675
28,Sewanee,Birmingham-Southern,50-68,50,68,20-8,22-6,02/28/16,Win,1183,No Location Recorded,3:00 PM,07:55,,9,24,"SUB IN by WELCH,ROSS",15,1,,,19,5,0.263,0.2,,,22,7,0.545,0.571,27,1675
28,Sewanee,Birmingham-Southern,50-68,50,68,20-8,22-6,02/28/16,Win,1183,No Location Recorded,3:00 PM,07:55,,9,24,"SUB OUT by CRAIN,JOHN",15,1,,,19,5,0.263,0.2,,,22,7,0.545,0.571,27,1675
28,Sewanee,Birmingham-Southern,50-68,50,68,20-8,22-6,02/28/16,Win,1183,No Location Recorded,3:00 PM,07:33,"TURNOVER  by STONE,BRODY",9,24,,15,1,,,19,5,0.263,0.2,,,22,7,0.545,0.571,27,1653
28,Sewanee,Birmingham-Southern,50-68,50,68,20-8,22-6,02/28/16,Win,1183,No Location Recorded,3:00 PM,07:31,,9,24,"STEAL  by WELCH,ROSS",15,1,,,19,5,0.263,0.2,,,22,7,0.545,0.571,27,1651
28,Sewanee,Birmingham-Southern,50-68,50,68,20-8,22-6,02/28/16,Win,1183,No Location Recorded,3:00 PM,07:27,"FOUL  by BROWN,SETH",9,24,,15,1,foul,,19,5,0.263,0.2,,,22,7,0.545,0.571,27,1647
28,Sewanee,Birmingham-Southern,50-68,50,68,20-8,22-6,02/28/16,Win,1183,No Location Recorded,3:00 PM,07:27,,9,25,"GOOD FT by LEWIS,EVAN",16,1,,,19,5,0.263,0.2,ft,good,23,7,0.565,0.571,27,1647
28,Sewanee,Birmingham-Southern,50-68,50,68,20-8,22-6,02/28/16,Win,1183,No Location Recorded,3:00 PM,07:27,,9,26,"GOOD FT by LEWIS,EVAN",17,1,,,19,5,0.263,0.2,ft,good,24,7,0.583,0.571,27,1647
28,Sewanee,Birmingham-Southern,50-68,50,68,20-8,22-6,02/28/16,Win,1183,No Location Recorded,3:00 PM,07:27,"SUB IN by TOME,MATT",9,26,,17,1,,,19,5,0.263,0.2,,,24,7,0.583,0.571,27,1647
28,Sewanee,Birmingham-Southern,50-68,50,68,20-8,22-6,02/28/16,Win,1183,No Location Recorded,3:00 PM,07:27,"SUB IN by MCCULLOUGH,JACOB",9,26,,17,1,,,19,5,0.263,0.2,,,24,7,0.583,0.571,27,1647
28,Sewanee,Birmingham-Southern,50-68,50,68,20-8,22-6,02/28/16,Win,1183,No Location Recorded,3:00 PM,07:27,"SUB IN by CARTER,KESHONN",9,26,,17,1,,,19,5,0.263,0.2,,,24,7,0.583,0.571,27,1647
28,Sewanee,Birmingham-Southern,50-68,50,68,20-8,22-6,02/28/16,Win,1183,No Location Recorded,3:00 PM,07:27,"SUB OUT by CALDWELL,CAM",9,26,,17,1,,,19,5,0.263,0.2,,,24,7,0.583,0.571,27,1647
28,Sewanee,Birmingham-Southern,50-68,50,68,20-8,22-6,02/28/16,Win,1183,No Location Recorded,3:00 PM,07:27,"SUB OUT by STONE,BRODY",9,26,,17,1,,,19,5,0.263,0.2,,,24,7,0.583,0.571,27,1647
28,Sewanee,Birmingham-Southern,50-68,50,68,20-8,22-6,02/28/16,Win,1183,No Location Recorded,3:00 PM,07:27,"SUB OUT by BORN,CLAY",9,26,,17,1,,,19,5,0.263,0.2,,,24,7,0.583,0.571,27,1647
28,Sewanee,Birmingham-Southern,50-68,50,68,20-8,22-6,02/28/16,Win,1183,No Location Recorded,3:00 PM,07:27,,9,26,"SUB IN by MURPHY,JUWAN",17,1,,,19,5,0.263,0.2,,,24,7,0.583,0.571,27,1647
28,Sewanee,Birmingham-Southern,50-68,50,68,20-8,22-6,02/28/16,Win,1183,No Location Recorded,3:00 PM,07:27,,9,26,"SUB OUT by THOM,IAN",17,1,,,19,5,0.263,0.2,,,24,7,0.583,0.571,27,1647
28,Sewanee,Birmingham-Southern,50-68,50,68,20-8,22-6,02/28/16,Win,1183,No Location Recorded,3:00 PM,07:08,"MISS JUMPER by JONES,CODY",9,26,,17,1,jumper,miss,20,5,0.25,0.2,,,24,7,0.583,0.571,27,1628
28,Sewanee,Birmingham-Southern,50-68,50,68,20-8,22-6,02/28/16,Win,1183,No Location Recorded,3:00 PM,07:08,"REBOUND OFF by JONES,CODY",9,26,,17,1,,,20,5,0.25,0.2,,,24,7,0.583,0.571,27,1628
28,Sewanee,Birmingham-Southern,50-68,50,68,20-8,22-6,02/28/16,Win,1183,No Location Recorded,3:00 PM,06:59,"GOOD LAYUP by JONES,CODY(in the paint)",11,26,,15,1,layup,good,21,5,0.286,0.2,,,24,7,0.583,0.571,26,1619
28,Sewanee,Birmingham-Southern,50-68,50,68,20-8,22-6,02/28/16,Win,1183,No Location Recorded,3:00 PM,06:53,,11,28,"GOOD LAYUP by AVERY,ALEX(in the paint)",17,1,,,21,5,0.286,0.2,layup,good,25,7,0.6,0.571,26,1613
28,Sewanee,Birmingham-Southern,50-68,50,68,20-8,22-6,02/28/16,Win,1183,No Location Recorded,3:00 PM,06:53,,11,28,"ASSIST  by MCLEAN,JAMES",17,1,,,21,5,0.286,0.2,,,25,7,0.6,0.571,26,1613
28,Sewanee,Birmingham-Southern,50-68,50,68,20-8,22-6,02/28/16,Win,1183,No Location Recorded,3:00 PM,06:33,"TURNOVER  by BROWN,SETH",11,28,,17,1,,,21,5,0.286,0.2,,,25,7,0.6,0.571,26,1593
28,Sewanee,Birmingham-Southern,50-68,50,68,20-8,22-6,02/28/16,Win,1183,No Location Recorded,3:00 PM,06:31,,11,28,"STEAL  by MCLEAN,JAMES",17,1,,,21,5,0.286,0.2,,,25,7,0.6,0.571,26,1591
28,Sewanee,Birmingham-Southern,50-68,50,68,20-8,22-6,02/28/16,Win,1183,No Location Recorded,3:00 PM,06:27,,11,28,"MISS LAYUP by WELCH,ROSS",17,1,,,21,5,0.286,0.2,layup,miss,26,7,0.577,0.571,26,1587
28,Sewanee,Birmingham-Southern,50-68,50,68,20-8,22-6,02/28/16,Win,1183,No Location Recorded,3:00 PM,06:27,"REBOUND DEF by MCCULLOUGH,JACOB",11,28,,17,1,,,21,5,0.286,0.2,,,26,7,0.577,0.571,26,1587
28,Sewanee,Birmingham-Southern,50-68,50,68,20-8,22-6,02/28/16,Win,1183,No Location Recorded,3:00 PM,06:00,"GOOD LAYUP by BROWN,SETH(in the paint)",13,28,,15,1,layup,good,22,5,0.318,0.2,,,26,7,0.577,0.571,26,1560
28,Sewanee,Birmingham-Southern,50-68,50,68,20-8,22-6,02/28/16,Win,1183,No Location Recorded,3:00 PM,06:00,"ASSIST  by JONES,CODY",13,28,,15,1,,,22,5,0.318,0.2,,,26,7,0.577,0.571,26,1560
28,Sewanee,Birmingham-Southern,50-68,50,68,20-8,22-6,02/28/16,Win,1183,No Location Recorded,3:00 PM,05:42,,13,28,"MISS 3PTR by MCLEAN,JAMES",15,1,,,22,5,0.318,0.2,3ptr,miss,27,8,0.556,0.5,25,1542
28,Sewanee,Birmingham-Southern,50-68,50,68,20-8,22-6,02/28/16,Win,1183,No Location Recorded,3:00 PM,05:42,REBOUND DEF by TEAM,13,28,,15,1,,,22,5,0.318,0.2,,,27,8,0.556,0.5,25,1542
28,Sewanee,Birmingham-Southern,50-68,50,68,20-8,22-6,02/28/16,Win,1183,No Location Recorded,3:00 PM,05:39,,13,28,"FOUL  by LEWIS,EVAN",15,1,,,22,5,0.318,0.2,foul,,27,8,0.556,0.5,25,1539
28,Sewanee,Birmingham-Southern,50-68,50,68,20-8,22-6,02/28/16,Win,1183,No Location Recorded,3:00 PM,05:39,"SUB IN by BORN,CLAY",13,28,,15,1,,,22,5,0.318,0.2,,,27,8,0.556,0.5,25,1539
28,Sewanee,Birmingham-Southern,50-68,50,68,20-8,22-6,02/28/16,Win,1183,No Location Recorded,3:00 PM,05:39,"SUB OUT by JONES,CODY",13,28,,15,1,,,22,5,0.318,0.2,,,27,8,0.556,0.5,25,1539
28,Sewanee,Birmingham-Southern,50-68,50,68,20-8,22-6,02/28/16,Win,1183,No Location Recorded,3:00 PM,05:39,,13,28,"SUB IN by RUDAK,MATTY",15,1,,,22,5,0.318,0.2,,,27,8,0.556,0.5,25,1539
28,Sewanee,Birmingham-Southern,50-68,50,68,20-8,22-6,02/28/16,Win,1183,No Location Recorded,3:00 PM,05:39,,13,28,"SUB IN by CRAIN,JOHN",15,1,,,22,5,0.318,0.2,,,27,8,0.556,0.5,25,1539
28,Sewanee,Birmingham-Southern,50-68,50,68,20-8,22-6,02/28/16,Win,1183,No Location Recorded,3:00 PM,05:39,,13,28,"SUB OUT by LEWIS,EVAN",15,1,,,22,5,0.318,0.2,,,27,8,0.556,0.5,25,1539
28,Sewanee,Birmingham-Southern,50-68,50,68,20-8,22-6,02/28/16,Win,1183,No Location Recorded,3:00 PM,05:39,,13,28,"SUB OUT by MCLEAN,JAMES",15,1,,,22,5,0.318,0.2,,,27,8,0.556,0.5,25,1539
28,Sewanee,Birmingham-Southern,50-68,50,68,20-8,22-6,02/28/16,Win,1183,No Location Recorded,3:00 PM,05:11,"GOOD JUMPER by MCCULLOUGH,JACOB",15,28,,13,1,jumper,good,23,5,0.348,0.2,,,27,8,0.556,0.5,25,1511
28,Sewanee,Birmingham-Southern,50-68,50,68,20-8,22-6,02/28/16,Win,1183,No Location Recorded,3:00 PM,04:57,,15,28,"MISS 3PTR by WELCH,ROSS",13,1,,,23,5,0.348,0.2,3ptr,miss,28,9,0.536,0.444,24,1497
28,Sewanee,Birmingham-Southern,50-68,50,68,20-8,22-6,02/28/16,Win,1183,No Location Recorded,3:00 PM,04:57,"REBOUND DEF by BROWN,SETH",15,28,,13,1,,,23,5,0.348,0.2,,,28,9,0.536,0.444,24,1497
28,Sewanee,Birmingham-Southern,50-68,50,68,20-8,22-6,02/28/16,Win,1183,No Location Recorded,3:00 PM,04:41,"MISS JUMPER by CARTER,KESHONN",15,28,,13,1,jumper,miss,24,5,0.333,0.2,,,28,9,0.536,0.444,24,1481
28,Sewanee,Birmingham-Southern,50-68,50,68,20-8,22-6,02/28/16,Win,1183,No Location Recorded,3:00 PM,04:41,,15,28,"REBOUND DEF by RUDAK,MATTY",13,1,,,24,5,0.333,0.2,,,28,9,0.536,0.444,24,1481
28,Sewanee,Birmingham-Southern,50-68,50,68,20-8,22-6,02/28/16,Win,1183,No Location Recorded,3:00 PM,04:24,,15,28,"MISS 3PTR by MURPHY,JUWAN",13,1,,,24,5,0.333,0.2,3ptr,miss,29,10,0.517,0.4,24,1464
28,Sewanee,Birmingham-Southern,50-68,50,68,20-8,22-6,02/28/16,Win,1183,No Location Recorded,3:00 PM,04:24,"REBOUND DEF by MCCULLOUGH,JACOB",15,28,,13,1,,,24,5,0.333,0.2,,,29,10,0.517,0.4,24,1464
28,Sewanee,Birmingham-Southern,50-68,50,68,20-8,22-6,02/28/16,Win,1183,No Location Recorded,3:00 PM,03:58,"MISS 3PTR by TOME,MATT",15,28,,13,1,3ptr,miss,25,6,0.32,0.167,,,29,10,0.517,0.4,23,1438
28,Sewanee,Birmingham-Southern,50-68,50,68,20-8,22-6,02/28/16,Win,1183,No Location Recorded,3:00 PM,03:58,,15,28,"REBOUND DEF by WELCH,ROSS",13,1,,,25,6,0.32,0.167,,,29,10,0.517,0.4,23,1438
28,Sewanee,Birmingham-Southern,50-68,50,68,20-8,22-6,02/28/16,Win,1183,No Location Recorded,3:00 PM,03:35,,15,30,"GOOD LAYUP by AVERY,ALEX(in the paint)",15,1,,,25,6,0.32,0.167,layup,good,30,10,0.533,0.4,23,1415
28,Sewanee,Birmingham-Southern,50-68,50,68,20-8,22-6,02/28/16,Win,1183,No Location Recorded,3:00 PM,03:35,"FOUL  by CARTER,KESHONN",15,30,,15,1,foul,,25,6,0.32,0.167,,,30,10,0.533,0.4,23,1415
28,Sewanee,Birmingham-Southern,50-68,50,68,20-8,22-6,02/28/16,Win,1183,No Location Recorded,3:00 PM,03:35,,15,30,"MISS FT by AVERY,ALEX",15,1,,,25,6,0.32,0.167,ft,miss,31,10,0.516,0.4,23,1415
28,Sewanee,Birmingham-Southern,50-68,50,68,20-8,22-6,02/28/16,Win,1183,No Location Recorded,3:00 PM,03:35,"REBOUND DEF by BORN,CLAY",15,30,,15,1,,,25,6,0.32,0.167,,,31,10,0.516,0.4,23,1415
28,Sewanee,Birmingham-Southern,50-68,50,68,20-8,22-6,02/28/16,Win,1183,No Location Recorded,3:00 PM,03:35,"SUB IN by BUESCHER,HUNTER",15,30,,15,1,,,25,6,0.32,0.167,,,31,10,0.516,0.4,23,1415
28,Sewanee,Birmingham-Southern,50-68,50,68,20-8,22-6,02/28/16,Win,1183,No Location Recorded,3:00 PM,03:35,"SUB IN by STONE,BRODY",15,30,,15,1,,,25,6,0.32,0.167,,,31,10,0.516,0.4,23,1415
28,Sewanee,Birmingham-Southern,50-68,50,68,20-8,22-6,02/28/16,Win,1183,No Location Recorded,3:00 PM,03:35,"SUB IN by JONES,CODY",15,30,,15,1,,,25,6,0.32,0.167,,,31,10,0.516,0.4,23,1415
28,Sewanee,Birmingham-Southern,50-68,50,68,20-8,22-6,02/28/16,Win,1183,No Location Recorded,3:00 PM,03:35,"SUB OUT by TOME,MATT",15,30,,15,1,,,25,6,0.32,0.167,,,31,10,0.516,0.4,23,1415
28,Sewanee,Birmingham-Southern,50-68,50,68,20-8,22-6,02/28/16,Win,1183,No Location Recorded,3:00 PM,03:35,"SUB OUT by CARTER,KESHONN",15,30,,15,1,,,25,6,0.32,0.167,,,31,10,0.516,0.4,23,1415
28,Sewanee,Birmingham-Southern,50-68,50,68,20-8,22-6,02/28/16,Win,1183,No Location Recorded,3:00 PM,03:35,"SUB OUT by MCCULLOUGH,JACOB",15,30,,15,1,,,25,6,0.32,0.167,,,31,10,0.516,0.4,23,1415
28,Sewanee,Birmingham-Southern,50-68,50,68,20-8,22-6,02/28/16,Win,1183,No Location Recorded,3:00 PM,03:35,,15,30,"SUB IN by THOM,IAN",15,1,,,25,6,0.32,0.167,,,31,10,0.516,0.4,23,1415
28,Sewanee,Birmingham-Southern,50-68,50,68,20-8,22-6,02/28/16,Win,1183,No Location Recorded,3:00 PM,03:35,,15,30,"SUB IN by LEWIS,EVAN",15,1,,,25,6,0.32,0.167,,,31,10,0.516,0.4,23,1415
28,Sewanee,Birmingham-Southern,50-68,50,68,20-8,22-6,02/28/16,Win,1183,No Location Recorded,3:00 PM,03:35,,15,30,"SUB OUT by CRAIN,JOHN",15,1,,,25,6,0.32,0.167,,,31,10,0.516,0.4,23,1415
28,Sewanee,Birmingham-Southern,50-68,50,68,20-8,22-6,02/28/16,Win,1183,No Location Recorded,3:00 PM,03:35,,15,30,"SUB OUT by MURPHY,JUWAN",15,1,,,25,6,0.32,0.167,,,31,10,0.516,0.4,23,1415
28,Sewanee,Birmingham-Southern,50-68,50,68,20-8,22-6,02/28/16,Win,1183,No Location Recorded,3:00 PM,03:11,"MISS JUMPER by BORN,CLAY",15,30,,15,1,jumper,miss,26,6,0.308,0.167,,,31,10,0.516,0.4,23,1391
28,Sewanee,Birmingham-Southern,50-68,50,68,20-8,22-6,02/28/16,Win,1183,No Location Recorded,3:00 PM,03:11,,15,30,"REBOUND DEF by AVERY,ALEX",15,1,,,26,6,0.308,0.167,,,31,10,0.516,0.4,23,1391
28,Sewanee,Birmingham-Southern,50-68,50,68,20-8,22-6,02/28/16,Win,1183,No Location Recorded,3:00 PM,02:54,"SUB IN by TURNER,BYRON",15,30,,15,1,,,26,6,0.308,0.167,,,31,10,0.516,0.4,22,1374
28,Sewanee,Birmingham-Southern,50-68,50,68,20-8,22-6,02/28/16,Win,1183,No Location Recorded,3:00 PM,02:54,"SUB OUT by BROWN,SETH",15,30,,15,1,,,26,6,0.308,0.167,,,31,10,0.516,0.4,22,1374
28,Sewanee,Birmingham-Southern,50-68,50,68,20-8,22-6,02/28/16,Win,1183,No Location Recorded,3:00 PM,02:54,,15,30,"SUB IN by BARRON,MAC",15,1,,,26,6,0.308,0.167,,,31,10,0.516,0.4,22,1374
28,Sewanee,Birmingham-Southern,50-68,50,68,20-8,22-6,02/28/16,Win,1183,No Location Recorded,3:00 PM,02:54,,15,30,"SUB OUT by AVERY,ALEX",15,1,,,26,6,0.308,0.167,,,31,10,0.516,0.4,22,1374
28,Sewanee,Birmingham-Southern,50-68,50,68,20-8,22-6,02/28/16,Win,1183,No Location Recorded,3:00 PM,02:38,,15,30,"MISS JUMPER by THOM,IAN",15,1,,,26,6,0.308,0.167,jumper,miss,32,10,0.5,0.4,22,1358
28,Sewanee,Birmingham-Southern,50-68,50,68,20-8,22-6,02/28/16,Win,1183,No Location Recorded,3:00 PM,02:38,REBOUND DEF by TEAM,15,30,,15,1,,,26,6,0.308,0.167,,,32,10,0.5,0.4,22,1358
28,Sewanee,Birmingham-Southern,50-68,50,68,20-8,22-6,02/28/16,Win,1183,No Location Recorded,3:00 PM,02:19,"MISS 3PTR by JONES,CODY",15,30,,15,1,3ptr,miss,27,7,0.296,0.143,,,32,10,0.5,0.4,22,1339
28,Sewanee,Birmingham-Southern,50-68,50,68,20-8,22-6,02/28/16,Win,1183,No Location Recorded,3:00 PM,02:19,,15,30,"REBOUND DEF by WELCH,ROSS",15,1,,,27,7,0.296,0.143,,,32,10,0.5,0.4,22,1339
28,Sewanee,Birmingham-Southern,50-68,50,68,20-8,22-6,02/28/16,Win,1183,No Location Recorded,3:00 PM,01:48,,15,30,"MISS LAYUP by WELCH,ROSS",15,1,,,27,7,0.296,0.143,layup,miss,33,10,0.485,0.4,21,1308
28,Sewanee,Birmingham-Southern,50-68,50,68,20-8,22-6,02/28/16,Win,1183,No Location Recorded,3:00 PM,01:48,,15,30,"REBOUND OFF by RUDAK,MATTY",15,1,,,27,7,0.296,0.143,,,33,10,0.485,0.4,21,1308
28,Sewanee,Birmingham-Southern,50-68,50,68,20-8,22-6,02/28/16,Win,1183,No Location Recorded,3:00 PM,01:47,,15,32,"GOOD LAYUP by RUDAK,MATTY(in the paint)",17,1,,,27,7,0.296,0.143,layup,good,34,10,0.5,0.4,21,1307
28,Sewanee,Birmingham-Southern,50-68,50,68,20-8,22-6,02/28/16,Win,1183,No Location Recorded,3:00 PM,01:47,,15,32,TIMEOUT 30SEC by TEAM,17,1,,,27,7,0.296,0.143,,,34,10,0.5,0.4,21,1307
28,Sewanee,Birmingham-Southern,50-68,50,68,20-8,22-6,02/28/16,Win,1183,No Location Recorded,3:00 PM,01:47,,15,32,"SUB IN by AVERY,ALEX",17,1,,,27,7,0.296,0.143,,,34,10,0.5,0.4,21,1307
28,Sewanee,Birmingham-Southern,50-68,50,68,20-8,22-6,02/28/16,Win,1183,No Location Recorded,3:00 PM,01:47,,15,32,"SUB IN by MCLEAN,JAMES",17,1,,,27,7,0.296,0.143,,,34,10,0.5,0.4,21,1307
28,Sewanee,Birmingham-Southern,50-68,50,68,20-8,22-6,02/28/16,Win,1183,No Location Recorded,3:00 PM,01:47,,15,32,"SUB OUT by BARRON,MAC",17,1,,,27,7,0.296,0.143,,,34,10,0.5,0.4,21,1307
28,Sewanee,Birmingham-Southern,50-68,50,68,20-8,22-6,02/28/16,Win,1183,No Location Recorded,3:00 PM,01:47,,15,32,"SUB OUT by WELCH,ROSS",17,1,,,27,7,0.296,0.143,,,34,10,0.5,0.4,21,1307
28,Sewanee,Birmingham-Southern,50-68,50,68,20-8,22-6,02/28/16,Win,1183,No Location Recorded,3:00 PM,01:36,"MISS JUMPER by BORN,CLAY",15,32,,17,1,jumper,miss,28,7,0.286,0.143,,,34,10,0.5,0.4,21,1296
28,Sewanee,Birmingham-Southern,50-68,50,68,20-8,22-6,02/28/16,Win,1183,No Location Recorded,3:00 PM,01:36,,15,32,"REBOUND DEF by AVERY,ALEX",17,1,,,28,7,0.286,0.143,,,34,10,0.5,0.4,21,1296
28,Sewanee,Birmingham-Southern,50-68,50,68,20-8,22-6,02/28/16,Win,1183,No Location Recorded,3:00 PM,00:53,"FOUL  by BUESCHER,HUNTER",15,32,,17,1,foul,,28,7,0.286,0.143,,,34,10,0.5,0.4,20,1253
28,Sewanee,Birmingham-Southern,50-68,50,68,20-8,22-6,02/28/16,Win,1183,No Location Recorded,3:00 PM,00:53,,15,33,"GOOD FT by THOM,IAN",18,1,,,28,7,0.286,0.143,ft,good,35,10,0.514,0.4,20,1253
28,Sewanee,Birmingham-Southern,50-68,50,68,20-8,22-6,02/28/16,Win,1183,No Location Recorded,3:00 PM,00:53,,15,34,"GOOD FT by THOM,IAN",19,1,,,28,7,0.286,0.143,ft,good,36,10,0.528,0.4,20,1253
28,Sewanee,Birmingham-Southern,50-68,50,68,20-8,22-6,02/28/16,Win,1183,No Location Recorded,3:00 PM,00:53,"SUB IN by BROWN,SETH",15,34,,19,1,,,28,7,0.286,0.143,,,36,10,0.528,0.4,20,1253
28,Sewanee,Birmingham-Southern,50-68,50,68,20-8,22-6,02/28/16,Win,1183,No Location Recorded,3:00 PM,00:53,"SUB IN by MCCULLOUGH,JACOB",15,34,,19,1,,,28,7,0.286,0.143,,,36,10,0.528,0.4,20,1253
28,Sewanee,Birmingham-Southern,50-68,50,68,20-8,22-6,02/28/16,Win,1183,No Location Recorded,3:00 PM,00:53,"SUB OUT by TURNER,BYRON",15,34,,19,1,,,28,7,0.286,0.143,,,36,10,0.528,0.4,20,1253
28,Sewanee,Birmingham-Southern,50-68,50,68,20-8,22-6,02/28/16,Win,1183,No Location Recorded,3:00 PM,00:53,"SUB OUT by BUESCHER,HUNTER",15,34,,19,1,,,28,7,0.286,0.143,,,36,10,0.528,0.4,20,1253
28,Sewanee,Birmingham-Southern,50-68,50,68,20-8,22-6,02/28/16,Win,1183,No Location Recorded,3:00 PM,00:25,"MISS 3PTR by BORN,CLAY",15,34,,19,1,3ptr,miss,29,8,0.276,0.125,,,36,10,0.528,0.4,20,1225
28,Sewanee,Birmingham-Southern,50-68,50,68,20-8,22-6,02/28/16,Win,1183,No Location Recorded,3:00 PM,00:25,,15,34,"REBOUND DEF by AVERY,ALEX",19,1,,,29,8,0.276,0.125,,,36,10,0.528,0.4,20,1225
28,Sewanee,Birmingham-Southern,50-68,50,68,20-8,22-6,02/28/16,Win,1183,No Location Recorded,3:00 PM,00:03,,15,34,"MISS LAYUP by THOM,IAN",19,1,,,29,8,0.276,0.125,layup,miss,37,10,0.514,0.4,20,1203
28,Sewanee,Birmingham-Southern,50-68,50,68,20-8,22-6,02/28/16,Win,1183,No Location Recorded,3:00 PM,00:03,"REBOUND DEF by BORN,CLAY",15,34,,19,1,,,29,8,0.276,0.125,,,37,10,0.514,0.4,20,1203
28,Sewanee,Birmingham-Southern,50-68,50,68,20-8,22-6,02/28/16,Win,1183,No Location Recorded,3:00 PM,19:46,,15,34,"MISS LAYUP by AVERY,ALEX",19,2,,,29,8,0.276,0.125,layup,miss,38,10,0.5,0.4,19,1186
28,Sewanee,Birmingham-Southern,50-68,50,68,20-8,22-6,02/28/16,Win,1183,No Location Recorded,3:00 PM,19:46,"REBOUND DEF by STONE,BRODY",15,34,,19,2,,,29,8,0.276,0.125,,,38,10,0.5,0.4,19,1186
28,Sewanee,Birmingham-Southern,50-68,50,68,20-8,22-6,02/28/16,Win,1183,No Location Recorded,3:00 PM,19:22,"GOOD LAYUP by CARTER,KESHONN(in the paint)",17,34,,17,2,layup,good,30,8,0.3,0.125,,,38,10,0.5,0.4,19,1162
28,Sewanee,Birmingham-Southern,50-68,50,68,20-8,22-6,02/28/16,Win,1183,No Location Recorded,3:00 PM,18:52,"FOUL  by JONES,CODY",17,34,,17,2,foul,,30,8,0.3,0.125,,,38,10,0.5,0.4,18,1132
28,Sewanee,Birmingham-Southern,50-68,50,68,20-8,22-6,02/28/16,Win,1183,No Location Recorded,3:00 PM,18:52,,17,34,"MISS FT by THOM,IAN",17,2,,,30,8,0.3,0.125,ft,miss,39,10,0.487,0.4,18,1132
28,Sewanee,Birmingham-Southern,50-68,50,68,20-8,22-6,02/28/16,Win,1183,No Location Recorded,3:00 PM,18:52,,17,34,REBOUND DEADB by TEAM,17,2,,,30,8,0.3,0.125,,,39,10,0.487,0.4,18,1132
28,Sewanee,Birmingham-Southern,50-68,50,68,20-8,22-6,02/28/16,Win,1183,No Location Recorded,3:00 PM,18:52,,17,35,"GOOD FT by THOM,IAN",18,2,,,30,8,0.3,0.125,ft,good,40,10,0.5,0.4,18,1132
28,Sewanee,Birmingham-Southern,50-68,50,68,20-8,22-6,02/28/16,Win,1183,No Location Recorded,3:00 PM,18:26,"GOOD LAYUP by CARTER,KESHONN(in the paint)",19,35,,16,2,layup,good,31,8,0.323,0.125,,,40,10,0.5,0.4,18,1106
28,Sewanee,Birmingham-Southern,50-68,50,68,20-8,22-6,02/28/16,Win,1183,No Location Recorded,3:00 PM,18:08,,19,35,"MISS LAYUP by AVERY,ALEX",16,2,,,31,8,0.323,0.125,layup,miss,41,10,0.488,0.4,18,1088
28,Sewanee,Birmingham-Southern,50-68,50,68,20-8,22-6,02/28/16,Win,1183,No Location Recorded,3:00 PM,18:08,"REBOUND DEF by BORN,CLAY",19,35,,16,2,,,31,8,0.323,0.125,,,41,10,0.488,0.4,18,1088
28,Sewanee,Birmingham-Southern,50-68,50,68,20-8,22-6,02/28/16,Win,1183,No Location Recorded,3:00 PM,17:58,"TURNOVER  by BORN,CLAY",19,35,,16,2,,,31,8,0.323,0.125,,,41,10,0.488,0.4,17,1078
28,Sewanee,Birmingham-Southern,50-68,50,68,20-8,22-6,02/28/16,Win,1183,No Location Recorded,3:00 PM,17:57,,19,35,"STEAL  by THOM,IAN",16,2,,,31,8,0.323,0.125,,,41,10,0.488,0.4,17,1077
28,Sewanee,Birmingham-Southern,50-68,50,68,20-8,22-6,02/28/16,Win,1183,No Location Recorded,3:00 PM,17:50,,19,37,"GOOD LAYUP by AVERY,ALEX(in the paint)",18,2,,,31,8,0.323,0.125,layup,good,42,10,0.5,0.4,17,1070
28,Sewanee,Birmingham-Southern,50-68,50,68,20-8,22-6,02/28/16,Win,1183,No Location Recorded,3:00 PM,17:50,,19,37,"ASSIST  by WELCH,ROSS",18,2,,,31,8,0.323,0.125,,,42,10,0.5,0.4,17,1070
28,Sewanee,Birmingham-Southern,50-68,50,68,20-8,22-6,02/28/16,Win,1183,No Location Recorded,3:00 PM,17:25,"MISS LAYUP by CARTER,KESHONN",19,37,,18,2,layup,miss,32,8,0.312,0.125,,,42,10,0.5,0.4,17,1045
28,Sewanee,Birmingham-Southern,50-68,50,68,20-8,22-6,02/28/16,Win,1183,No Location Recorded,3:00 PM,17:25,,19,37,"REBOUND DEF by AVERY,ALEX",18,2,,,32,8,0.312,0.125,,,42,10,0.5,0.4,17,1045
28,Sewanee,Birmingham-Southern,50-68,50,68,20-8,22-6,02/28/16,Win,1183,No Location Recorded,3:00 PM,17:22,,19,37,"TURNOVER  by AVERY,ALEX",18,2,,,32,8,0.312,0.125,,,42,10,0.5,0.4,17,1042
28,Sewanee,Birmingham-Southern,50-68,50,68,20-8,22-6,02/28/16,Win,1183,No Location Recorded,3:00 PM,17:21,"STEAL  by CARTER,KESHONN",19,37,,18,2,,,32,8,0.312,0.125,,,42,10,0.5,0.4,17,1041
28,Sewanee,Birmingham-Southern,50-68,50,68,20-8,22-6,02/28/16,Win,1183,No Location Recorded,3:00 PM,17:17,"GOOD 3PTR by STONE,BRODY",22,37,,15,2,3ptr,good,33,9,0.333,0.222,,,42,10,0.5,0.4,17,1037
28,Sewanee,Birmingham-Southern,50-68,50,68,20-8,22-6,02/28/16,Win,1183,No Location Recorded,3:00 PM,17:17,"ASSIST  by BORN,CLAY",22,37,,15,2,,,33,9,0.333,0.222,,,42,10,0.5,0.4,17,1037
28,Sewanee,Birmingham-Southern,50-68,50,68,20-8,22-6,02/28/16,Win,1183,No Location Recorded,3:00 PM,16:58,,22,37,"MISS 3PTR by DENEKA,HARRISON",15,2,,,33,9,0.333,0.222,3ptr,miss,43,11,0.488,0.364,16,1018
28,Sewanee,Birmingham-Southern,50-68,50,68,20-8,22-6,02/28/16,Win,1183,No Location Recorded,3:00 PM,16:58,,22,37,REBOUND OFF by TEAM,15,2,,,33,9,0.333,0.222,,,43,11,0.488,0.364,16,1018
28,Sewanee,Birmingham-Southern,50-68,50,68,20-8,22-6,02/28/16,Win,1183,No Location Recorded,3:00 PM,16:54,"SUB IN by BROWN,SETH",22,37,,15,2,,,33,9,0.333,0.222,,,43,11,0.488,0.364,16,1014
28,Sewanee,Birmingham-Southern,50-68,50,68,20-8,22-6,02/28/16,Win,1183,No Location Recorded,3:00 PM,16:54,"SUB OUT by CARTER,KESHONN",22,37,,15,2,,,33,9,0.333,0.222,,,43,11,0.488,0.364,16,1014
28,Sewanee,Birmingham-Southern,50-68,50,68,20-8,22-6,02/28/16,Win,1183,No Location Recorded,3:00 PM,16:39,,22,37,"MISS LAYUP by AVERY,ALEX",15,2,,,33,9,0.333,0.222,layup,miss,44,11,0.477,0.364,16,999
28,Sewanee,Birmingham-Southern,50-68,50,68,20-8,22-6,02/28/16,Win,1183,No Location Recorded,3:00 PM,16:39,,22,37,"REBOUND OFF by DENEKA,HARRISON",15,2,,,33,9,0.333,0.222,,,44,11,0.477,0.364,16,999
28,Sewanee,Birmingham-Southern,50-68,50,68,20-8,22-6,02/28/16,Win,1183,No Location Recorded,3:00 PM,16:39,"FOUL  by STONE,BRODY",22,37,,15,2,foul,,33,9,0.333,0.222,,,44,11,0.477,0.364,16,999
28,Sewanee,Birmingham-Southern,50-68,50,68,20-8,22-6,02/28/16,Win,1183,No Location Recorded,3:00 PM,16:39,"SUB IN by TOME,MATT",22,37,,15,2,,,33,9,0.333,0.222,,,44,11,0.477,0.364,16,999
28,Sewanee,Birmingham-Southern,50-68,50,68,20-8,22-6,02/28/16,Win,1183,No Location Recorded,3:00 PM,16:39,"SUB OUT by JONES,CODY",22,37,,15,2,,,33,9,0.333,0.222,,,44,11,0.477,0.364,16,999
28,Sewanee,Birmingham-Southern,50-68,50,68,20-8,22-6,02/28/16,Win,1183,No Location Recorded,3:00 PM,16:27,,22,39,"GOOD LAYUP by DENEKA,HARRISON(in the paint)",17,2,,,33,9,0.333,0.222,layup,good,45,11,0.489,0.364,16,987
28,Sewanee,Birmingham-Southern,50-68,50,68,20-8,22-6,02/28/16,Win,1183,No Location Recorded,3:00 PM,16:10,"MISS JUMPER by MCCULLOUGH,JACOB",22,39,,17,2,jumper,miss,34,9,0.324,0.222,,,45,11,0.489,0.364,16,970
28,Sewanee,Birmingham-Southern,50-68,50,68,20-8,22-6,02/28/16,Win,1183,No Location Recorded,3:00 PM,16:10,"REBOUND OFF by STONE,BRODY",22,39,,17,2,,,34,9,0.324,0.222,,,45,11,0.489,0.364,16,970
28,Sewanee,Birmingham-Southern,50-68,50,68,20-8,22-6,02/28/16,Win,1183,No Location Recorded,3:00 PM,15:54,,22,39,"FOUL  by LEWIS,EVAN",17,2,,,34,9,0.324,0.222,foul,,45,11,0.489,0.364,15,954
28,Sewanee,Birmingham-Southern,50-68,50,68,20-8,22-6,02/28/16,Win,1183,No Location Recorded,3:00 PM,15:54,"GOOD FT by TOME,MATT",23,39,,16,2,ft,good,35,9,0.343,0.222,,,45,11,0.489,0.364,15,954
28,Sewanee,Birmingham-Southern,50-68,50,68,20-8,22-6,02/28/16,Win,1183,No Location Recorded,3:00 PM,15:54,"GOOD FT by TOME,MATT",24,39,,15,2,ft,good,36,9,0.361,0.222,,,45,11,0.489,0.364,15,954
28,Sewanee,Birmingham-Southern,50-68,50,68,20-8,22-6,02/28/16,Win,1183,No Location Recorded,3:00 PM,15:54,"SUB IN by TURNER,BYRON",24,39,,15,2,,,36,9,0.361,0.222,,,45,11,0.489,0.364,15,954
28,Sewanee,Birmingham-Southern,50-68,50,68,20-8,22-6,02/28/16,Win,1183,No Location Recorded,3:00 PM,15:54,"SUB IN by JONES,CODY",24,39,,15,2,,,36,9,0.361,0.222,,,45,11,0.489,0.364,15,954
28,Sewanee,Birmingham-Southern,50-68,50,68,20-8,22-6,02/28/16,Win,1183,No Location Recorded,3:00 PM,15:54,"SUB OUT by STONE,BRODY",24,39,,15,2,,,36,9,0.361,0.222,,,45,11,0.489,0.364,15,954
28,Sewanee,Birmingham-Southern,50-68,50,68,20-8,22-6,02/28/16,Win,1183,No Location Recorded,3:00 PM,15:54,"SUB OUT by BORN,CLAY",24,39,,15,2,,,36,9,0.361,0.222,,,45,11,0.489,0.364,15,954
28,Sewanee,Birmingham-Southern,50-68,50,68,20-8,22-6,02/28/16,Win,1183,No Location Recorded,3:00 PM,15:54,,24,39,"SUB IN by RUDAK,MATTY",15,2,,,36,9,0.361,0.222,,,45,11,0.489,0.364,15,954
28,Sewanee,Birmingham-Southern,50-68,50,68,20-8,22-6,02/28/16,Win,1183,No Location Recorded,3:00 PM,15:54,,24,39,"SUB IN by MCLEAN,JAMES",15,2,,,36,9,0.361,0.222,,,45,11,0.489,0.364,15,954
28,Sewanee,Birmingham-Southern,50-68,50,68,20-8,22-6,02/28/16,Win,1183,No Location Recorded,3:00 PM,15:54,,24,39,"SUB OUT by AVERY,ALEX",15,2,,,36,9,0.361,0.222,,,45,11,0.489,0.364,15,954
28,Sewanee,Birmingham-Southern,50-68,50,68,20-8,22-6,02/28/16,Win,1183,No Location Recorded,3:00 PM,15:54,,24,39,"SUB OUT by LEWIS,EVAN",15,2,,,36,9,0.361,0.222,,,45,11,0.489,0.364,15,954
28,Sewanee,Birmingham-Southern,50-68,50,68,20-8,22-6,02/28/16,Win,1183,No Location Recorded,3:00 PM,15:39,,24,39,"TURNOVER  by MCLEAN,JAMES",15,2,,,36,9,0.361,0.222,,,45,11,0.489,0.364,15,939
28,Sewanee,Birmingham-Southern,50-68,50,68,20-8,22-6,02/28/16,Win,1183,No Location Recorded,3:00 PM,15:14,"TURNOVER  by BROWN,SETH",24,39,,15,2,,,36,9,0.361,0.222,,,45,11,0.489,0.364,15,914
28,Sewanee,Birmingham-Southern,50-68,50,68,20-8,22-6,02/28/16,Win,1183,No Location Recorded,3:00 PM,15:14,,24,39,"STEAL  by THOM,IAN",15,2,,,36,9,0.361,0.222,,,45,11,0.489,0.364,15,914
28,Sewanee,Birmingham-Southern,50-68,50,68,20-8,22-6,02/28/16,Win,1183,No Location Recorded,3:00 PM,15:14,"FOUL  by BROWN,SETH",24,39,,15,2,foul,,36,9,0.361,0.222,,,45,11,0.489,0.364,15,914
28,Sewanee,Birmingham-Southern,50-68,50,68,20-8,22-6,02/28/16,Win,1183,No Location Recorded,3:00 PM,14:55,"FOUL  by TURNER,BYRON",24,39,,15,2,foul,,36,9,0.361,0.222,,,45,11,0.489,0.364,14,895
28,Sewanee,Birmingham-Southern,50-68,50,68,20-8,22-6,02/28/16,Win,1183,No Location Recorded,3:00 PM,14:55,,24,40,"GOOD FT by DENEKA,HARRISON",16,2,,,36,9,0.361,0.222,ft,good,46,11,0.5,0.364,14,895
28,Sewanee,Birmingham-Southern,50-68,50,68,20-8,22-6,02/28/16,Win,1183,No Location Recorded,3:00 PM,14:55,,24,40,"MISS FT by DENEKA,HARRISON",16,2,,,36,9,0.361,0.222,ft,miss,47,11,0.489,0.364,14,895
28,Sewanee,Birmingham-Southern,50-68,50,68,20-8,22-6,02/28/16,Win,1183,No Location Recorded,3:00 PM,14:55,"REBOUND DEF by MCCULLOUGH,JACOB",24,40,,16,2,,,36,9,0.361,0.222,,,47,11,0.489,0.364,14,895
28,Sewanee,Birmingham-Southern,50-68,50,68,20-8,22-6,02/28/16,Win,1183,No Location Recorded,3:00 PM,14:55,"SUB IN by CARTER,KESHONN",24,40,,16,2,,,36,9,0.361,0.222,,,47,11,0.489,0.364,14,895
28,Sewanee,Birmingham-Southern,50-68,50,68,20-8,22-6,02/28/16,Win,1183,No Location Recorded,3:00 PM,14:55,"SUB OUT by TURNER,BYRON",24,40,,16,2,,,36,9,0.361,0.222,,,47,11,0.489,0.364,14,895
28,Sewanee,Birmingham-Southern,50-68,50,68,20-8,22-6,02/28/16,Win,1183,No Location Recorded,3:00 PM,14:48,"MISS LAYUP by TOME,MATT",24,40,,16,2,layup,miss,37,9,0.351,0.222,,,47,11,0.489,0.364,14,888
28,Sewanee,Birmingham-Southern,50-68,50,68,20-8,22-6,02/28/16,Win,1183,No Location Recorded,3:00 PM,14:48,"REBOUND OFF by MCCULLOUGH,JACOB",24,40,,16,2,,,37,9,0.351,0.222,,,47,11,0.489,0.364,14,888
28,Sewanee,Birmingham-Southern,50-68,50,68,20-8,22-6,02/28/16,Win,1183,No Location Recorded,3:00 PM,14:21,"TURNOVER  by CARTER,KESHONN",24,40,,16,2,,,37,9,0.351,0.222,,,47,11,0.489,0.364,14,861
28,Sewanee,Birmingham-Southern,50-68,50,68,20-8,22-6,02/28/16,Win,1183,No Location Recorded,3:00 PM,14:10,,24,42,"GOOD LAYUP by RUDAK,MATTY(in the paint)",18,2,,,37,9,0.351,0.222,layup,good,48,11,0.5,0.364,14,850
28,Sewanee,Birmingham-Southern,50-68,50,68,20-8,22-6,02/28/16,Win,1183,No Location Recorded,3:00 PM,13:56,,24,42,"FOUL  by RUDAK,MATTY",18,2,,,37,9,0.351,0.222,foul,,48,11,0.5,0.364,13,836
28,Sewanee,Birmingham-Southern,50-68,50,68,20-8,22-6,02/28/16,Win,1183,No Location Recorded,3:00 PM,13:56,"SUB IN by STONE,BRODY",24,42,,18,2,,,37,9,0.351,0.222,,,48,11,0.5,0.364,13,836
28,Sewanee,Birmingham-Southern,50-68,50,68,20-8,22-6,02/28/16,Win,1183,No Location Recorded,3:00 PM,13:56,"SUB OUT by BROWN,SETH",24,42,,18,2,,,37,9,0.351,0.222,,,48,11,0.5,0.364,13,836
28,Sewanee,Birmingham-Southern,50-68,50,68,20-8,22-6,02/28/16,Win,1183,No Location Recorded,3:00 PM,13:56,,24,42,"SUB IN by RUDAK,MATTY",18,2,,,37,9,0.351,0.222,,,48,11,0.5,0.364,13,836
28,Sewanee,Birmingham-Southern,50-68,50,68,20-8,22-6,02/28/16,Win,1183,No Location Recorded,3:00 PM,13:56,,24,42,"SUB IN by AVERY,ALEX",18,2,,,37,9,0.351,0.222,,,48,11,0.5,0.364,13,836
28,Sewanee,Birmingham-Southern,50-68,50,68,20-8,22-6,02/28/16,Win,1183,No Location Recorded,3:00 PM,13:56,,24,42,"SUB IN by CRAIN,JOHN",18,2,,,37,9,0.351,0.222,,,48,11,0.5,0.364,13,836
28,Sewanee,Birmingham-Southern,50-68,50,68,20-8,22-6,02/28/16,Win,1183,No Location Recorded,3:00 PM,13:56,,24,42,"SUB IN by MURPHY,JUWAN",18,2,,,37,9,0.351,0.222,,,48,11,0.5,0.364,13,836
28,Sewanee,Birmingham-Southern,50-68,50,68,20-8,22-6,02/28/16,Win,1183,No Location Recorded,3:00 PM,13:56,,24,42,"SUB OUT by DENEKA,HARRISON",18,2,,,37,9,0.351,0.222,,,48,11,0.5,0.364,13,836
28,Sewanee,Birmingham-Southern,50-68,50,68,20-8,22-6,02/28/16,Win,1183,No Location Recorded,3:00 PM,13:56,,24,42,"SUB OUT by RUDAK,MATTY",18,2,,,37,9,0.351,0.222,,,48,11,0.5,0.364,13,836
28,Sewanee,Birmingham-Southern,50-68,50,68,20-8,22-6,02/28/16,Win,1183,No Location Recorded,3:00 PM,13:56,,24,42,"SUB OUT by THOM,IAN",18,2,,,37,9,0.351,0.222,,,48,11,0.5,0.364,13,836
28,Sewanee,Birmingham-Southern,50-68,50,68,20-8,22-6,02/28/16,Win,1183,No Location Recorded,3:00 PM,13:56,,24,42,"SUB OUT by WELCH,ROSS",18,2,,,37,9,0.351,0.222,,,48,11,0.5,0.364,13,836
28,Sewanee,Birmingham-Southern,50-68,50,68,20-8,22-6,02/28/16,Win,1183,No Location Recorded,3:00 PM,13:52,,24,42,"FOUL  by RUDAK,MATTY",18,2,,,37,9,0.351,0.222,foul,,48,11,0.5,0.364,13,832
28,Sewanee,Birmingham-Southern,50-68,50,68,20-8,22-6,02/28/16,Win,1183,No Location Recorded,3:00 PM,13:52,"GOOD FT by CARTER,KESHONN",25,42,,17,2,ft,good,38,9,0.368,0.222,,,48,11,0.5,0.364,13,832
28,Sewanee,Birmingham-Southern,50-68,50,68,20-8,22-6,02/28/16,Win,1183,No Location Recorded,3:00 PM,13:52,"GOOD FT by CARTER,KESHONN",26,42,,16,2,ft,good,39,9,0.385,0.222,,,48,11,0.5,0.364,13,832
28,Sewanee,Birmingham-Southern,50-68,50,68,20-8,22-6,02/28/16,Win,1183,No Location Recorded,3:00 PM,13:23,,26,42,"MISS LAYUP by AVERY,ALEX",16,2,,,39,9,0.385,0.222,layup,miss,49,11,0.49,0.364,13,803
28,Sewanee,Birmingham-Southern,50-68,50,68,20-8,22-6,02/28/16,Win,1183,No Location Recorded,3:00 PM,13:23,"REBOUND DEF by STONE,BRODY",26,42,,16,2,,,39,9,0.385,0.222,,,49,11,0.49,0.364,13,803
28,Sewanee,Birmingham-Southern,50-68,50,68,20-8,22-6,02/28/16,Win,1183,No Location Recorded,3:00 PM,13:04,"GOOD 3PTR by STONE,BRODY",29,42,,13,2,3ptr,good,40,10,0.4,0.3,,,49,11,0.49,0.364,13,784
28,Sewanee,Birmingham-Southern,50-68,50,68,20-8,22-6,02/28/16,Win,1183,No Location Recorded,3:00 PM,12:48,"FOUL  by STONE,BRODY",29,42,,13,2,foul,,40,10,0.4,0.3,,,49,11,0.49,0.364,12,768
28,Sewanee,Birmingham-Southern,50-68,50,68,20-8,22-6,02/28/16,Win,1183,No Location Recorded,3:00 PM,12:43,"FOUL  by STONE,BRODY",29,42,,13,2,foul,,40,10,0.4,0.3,,,49,11,0.49,0.364,12,763
28,Sewanee,Birmingham-Southern,50-68,50,68,20-8,22-6,02/28/16,Win,1183,No Location Recorded,3:00 PM,12:38,,29,42,"SUB IN by THOM,IAN",13,2,,,40,10,0.4,0.3,,,49,11,0.49,0.364,12,758
28,Sewanee,Birmingham-Southern,50-68,50,68,20-8,22-6,02/28/16,Win,1183,No Location Recorded,3:00 PM,12:38,,29,42,"SUB OUT by MURPHY,JUWAN",13,2,,,40,10,0.4,0.3,,,49,11,0.49,0.364,12,758
28,Sewanee,Birmingham-Southern,50-68,50,68,20-8,22-6,02/28/16,Win,1183,No Location Recorded,3:00 PM,12:22,,29,45,"GOOD 3PTR by CRAIN,JOHN",16,2,,,40,10,0.4,0.3,3ptr,good,50,12,0.5,0.417,12,742
28,Sewanee,Birmingham-Southern,50-68,50,68,20-8,22-6,02/28/16,Win,1183,No Location Recorded,3:00 PM,12:22,,29,45,"ASSIST  by THOM,IAN",16,2,,,40,10,0.4,0.3,,,50,12,0.5,0.417,12,742
28,Sewanee,Birmingham-Southern,50-68,50,68,20-8,22-6,02/28/16,Win,1183,No Location Recorded,3:00 PM,11:44,TURNOVER  by TEAM,29,45,,16,2,,,40,10,0.4,0.3,,,50,12,0.5,0.417,11,704
28,Sewanee,Birmingham-Southern,50-68,50,68,20-8,22-6,02/28/16,Win,1183,No Location Recorded,3:00 PM,11:44,"SUB IN by BORN,CLAY",29,45,,16,2,,,40,10,0.4,0.3,,,50,12,0.5,0.417,11,704
28,Sewanee,Birmingham-Southern,50-68,50,68,20-8,22-6,02/28/16,Win,1183,No Location Recorded,3:00 PM,11:44,"SUB OUT by MCCULLOUGH,JACOB",29,45,,16,2,,,40,10,0.4,0.3,,,50,12,0.5,0.417,11,704
28,Sewanee,Birmingham-Southern,50-68,50,68,20-8,22-6,02/28/16,Win,1183,No Location Recorded,3:00 PM,11:44,,29,45,"SUB IN by DENEKA,HARRISON",16,2,,,40,10,0.4,0.3,,,50,12,0.5,0.417,11,704
28,Sewanee,Birmingham-Southern,50-68,50,68,20-8,22-6,02/28/16,Win,1183,No Location Recorded,3:00 PM,11:44,,29,45,"SUB IN by LEWIS,EVAN",16,2,,,40,10,0.4,0.3,,,50,12,0.5,0.417,11,704
28,Sewanee,Birmingham-Southern,50-68,50,68,20-8,22-6,02/28/16,Win,1183,No Location Recorded,3:00 PM,11:44,,29,45,"SUB OUT by RUDAK,MATTY",16,2,,,40,10,0.4,0.3,,,50,12,0.5,0.417,11,704
28,Sewanee,Birmingham-Southern,50-68,50,68,20-8,22-6,02/28/16,Win,1183,No Location Recorded,3:00 PM,11:44,,29,45,"SUB OUT by MCLEAN,JAMES",16,2,,,40,10,0.4,0.3,,,50,12,0.5,0.417,11,704
28,Sewanee,Birmingham-Southern,50-68,50,68,20-8,22-6,02/28/16,Win,1183,No Location Recorded,3:00 PM,11:26,"FOUL  by JONES,CODY",29,45,,16,2,foul,,40,10,0.4,0.3,,,50,12,0.5,0.417,11,686
28,Sewanee,Birmingham-Southern,50-68,50,68,20-8,22-6,02/28/16,Win,1183,No Location Recorded,3:00 PM,11:26,,29,45,"MISS FT by AVERY,ALEX",16,2,,,40,10,0.4,0.3,ft,miss,51,12,0.49,0.417,11,686
28,Sewanee,Birmingham-Southern,50-68,50,68,20-8,22-6,02/28/16,Win,1183,No Location Recorded,3:00 PM,11:26,"REBOUND DEF by BORN,CLAY",29,45,,16,2,,,40,10,0.4,0.3,,,51,12,0.49,0.417,11,686
28,Sewanee,Birmingham-Southern,50-68,50,68,20-8,22-6,02/28/16,Win,1183,No Location Recorded,3:00 PM,11:26,"SUB IN by BUESCHER,HUNTER",29,45,,16,2,,,40,10,0.4,0.3,,,51,12,0.49,0.417,11,686
28,Sewanee,Birmingham-Southern,50-68,50,68,20-8,22-6,02/28/16,Win,1183,No Location Recorded,3:00 PM,11:26,"SUB OUT by TOME,MATT",29,45,,16,2,,,40,10,0.4,0.3,,,51,12,0.49,0.417,11,686
28,Sewanee,Birmingham-Southern,50-68,50,68,20-8,22-6,02/28/16,Win,1183,No Location Recorded,3:00 PM,11:00,"GOOD 3PTR by STONE,BRODY",32,45,,13,2,3ptr,good,41,11,0.415,0.364,,,51,12,0.49,0.417,11,660
28,Sewanee,Birmingham-Southern,50-68,50,68,20-8,22-6,02/28/16,Win,1183,No Location Recorded,3:00 PM,11:00,"ASSIST  by BORN,CLAY",32,45,,13,2,,,41,11,0.415,0.364,,,51,12,0.49,0.417,11,660
28,Sewanee,Birmingham-Southern,50-68,50,68,20-8,22-6,02/28/16,Win,1183,No Location Recorded,3:00 PM,10:46,,32,47,"GOOD LAYUP by AVERY,ALEX(in the paint)",15,2,,,41,11,0.415,0.364,layup,good,52,12,0.5,0.417,10,646
28,Sewanee,Birmingham-Southern,50-68,50,68,20-8,22-6,02/28/16,Win,1183,No Location Recorded,3:00 PM,10:46,,32,47,"ASSIST  by DENEKA,HARRISON",15,2,,,41,11,0.415,0.364,,,52,12,0.5,0.417,10,646
28,Sewanee,Birmingham-Southern,50-68,50,68,20-8,22-6,02/28/16,Win,1183,No Location Recorded,3:00 PM,10:26,"MISS 3PTR by BUESCHER,HUNTER",32,47,,15,2,3ptr,miss,42,12,0.405,0.333,,,52,12,0.5,0.417,10,626
28,Sewanee,Birmingham-Southern,50-68,50,68,20-8,22-6,02/28/16,Win,1183,No Location Recorded,3:00 PM,10:26,"REBOUND OFF by STONE,BRODY",32,47,,15,2,,,42,12,0.405,0.333,,,52,12,0.5,0.417,10,626
28,Sewanee,Birmingham-Southern,50-68,50,68,20-8,22-6,02/28/16,Win,1183,No Location Recorded,3:00 PM,10:26,"MISS LAYUP by STONE,BRODY",32,47,,15,2,layup,miss,43,12,0.395,0.333,,,52,12,0.5,0.417,10,626
28,Sewanee,Birmingham-Southern,50-68,50,68,20-8,22-6,02/28/16,Win,1183,No Location Recorded,3:00 PM,10:26,"REBOUND OFF by STONE,BRODY",32,47,,15,2,,,43,12,0.395,0.333,,,52,12,0.5,0.417,10,626
28,Sewanee,Birmingham-Southern,50-68,50,68,20-8,22-6,02/28/16,Win,1183,No Location Recorded,3:00 PM,10:26,,32,47,"FOUL  by AVERY,ALEX",15,2,,,43,12,0.395,0.333,foul,,52,12,0.5,0.417,10,626
28,Sewanee,Birmingham-Southern,50-68,50,68,20-8,22-6,02/28/16,Win,1183,No Location Recorded,3:00 PM,10:26,"SUB IN by BROWN,SETH",32,47,,15,2,,,43,12,0.395,0.333,,,52,12,0.5,0.417,10,626
28,Sewanee,Birmingham-Southern,50-68,50,68,20-8,22-6,02/28/16,Win,1183,No Location Recorded,3:00 PM,10:26,"SUB OUT by CARTER,KESHONN",32,47,,15,2,,,43,12,0.395,0.333,,,52,12,0.5,0.417,10,626
28,Sewanee,Birmingham-Southern,50-68,50,68,20-8,22-6,02/28/16,Win,1183,No Location Recorded,3:00 PM,10:26,,32,47,"SUB IN by RUDAK,MATTY",15,2,,,43,12,0.395,0.333,,,52,12,0.5,0.417,10,626
28,Sewanee,Birmingham-Southern,50-68,50,68,20-8,22-6,02/28/16,Win,1183,No Location Recorded,3:00 PM,10:26,,32,47,"SUB OUT by AVERY,ALEX",15,2,,,43,12,0.395,0.333,,,52,12,0.5,0.417,10,626
28,Sewanee,Birmingham-Southern,50-68,50,68,20-8,22-6,02/28/16,Win,1183,No Location Recorded,3:00 PM,10:16,"FOUL  by JONES,CODY",32,47,,15,2,foul,,43,12,0.395,0.333,,,52,12,0.5,0.417,10,616
28,Sewanee,Birmingham-Southern,50-68,50,68,20-8,22-6,02/28/16,Win,1183,No Location Recorded,3:00 PM,10:16,"TURNOVER  by JONES,CODY",32,47,,15,2,,,43,12,0.395,0.333,,,52,12,0.5,0.417,10,616
28,Sewanee,Birmingham-Southern,50-68,50,68,20-8,22-6,02/28/16,Win,1183,No Location Recorded,3:00 PM,10:16,"SUB IN by MCCULLOUGH,JACOB",32,47,,15,2,,,43,12,0.395,0.333,,,52,12,0.5,0.417,10,616
28,Sewanee,Birmingham-Southern,50-68,50,68,20-8,22-6,02/28/16,Win,1183,No Location Recorded,3:00 PM,10:16,"SUB OUT by JONES,CODY",32,47,,15,2,,,43,12,0.395,0.333,,,52,12,0.5,0.417,10,616
28,Sewanee,Birmingham-Southern,50-68,50,68,20-8,22-6,02/28/16,Win,1183,No Location Recorded,3:00 PM,10:01,,32,49,"GOOD LAYUP by THOM,IAN(in the paint)",17,2,,,43,12,0.395,0.333,layup,good,53,12,0.509,0.417,10,601
28,Sewanee,Birmingham-Southern,50-68,50,68,20-8,22-6,02/28/16,Win,1183,No Location Recorded,3:00 PM,09:51,"TURNOVER  by MCCULLOUGH,JACOB",32,49,,17,2,,,43,12,0.395,0.333,,,53,12,0.509,0.417,09,591
28,Sewanee,Birmingham-Southern,50-68,50,68,20-8,22-6,02/28/16,Win,1183,No Location Recorded,3:00 PM,09:51,,32,49,"SUB IN by WELCH,ROSS",17,2,,,43,12,0.395,0.333,,,53,12,0.509,0.417,09,591
28,Sewanee,Birmingham-Southern,50-68,50,68,20-8,22-6,02/28/16,Win,1183,No Location Recorded,3:00 PM,09:51,,32,49,"SUB OUT by CRAIN,JOHN",17,2,,,43,12,0.395,0.333,,,53,12,0.509,0.417,09,591
28,Sewanee,Birmingham-Southern,50-68,50,68,20-8,22-6,02/28/16,Win,1183,No Location Recorded,3:00 PM,09:32,,32,49,"MISS 3PTR by WELCH,ROSS",17,2,,,43,12,0.395,0.333,3ptr,miss,54,13,0.5,0.385,09,572
28,Sewanee,Birmingham-Southern,50-68,50,68,20-8,22-6,02/28/16,Win,1183,No Location Recorded,3:00 PM,09:32,"REBOUND DEF by STONE,BRODY",32,49,,17,2,,,43,12,0.395,0.333,,,54,13,0.5,0.385,09,572
28,Sewanee,Birmingham-Southern,50-68,50,68,20-8,22-6,02/28/16,Win,1183,No Location Recorded,3:00 PM,09:14,"MISS 3PTR by STONE,BRODY",32,49,,17,2,3ptr,miss,44,13,0.386,0.308,,,54,13,0.5,0.385,09,554
28,Sewanee,Birmingham-Southern,50-68,50,68,20-8,22-6,02/28/16,Win,1183,No Location Recorded,3:00 PM,09:14,,32,49,"REBOUND DEF by LEWIS,EVAN",17,2,,,44,13,0.386,0.308,,,54,13,0.5,0.385,09,554
28,Sewanee,Birmingham-Southern,50-68,50,68,20-8,22-6,02/28/16,Win,1183,No Location Recorded,3:00 PM,08:57,,32,49,"TURNOVER  by THOM,IAN",17,2,,,44,13,0.386,0.308,,,54,13,0.5,0.385,08,537
28,Sewanee,Birmingham-Southern,50-68,50,68,20-8,22-6,02/28/16,Win,1183,No Location Recorded,3:00 PM,08:57,"SUB IN by CARTER,KESHONN",32,49,,17,2,,,44,13,0.386,0.308,,,54,13,0.5,0.385,08,537
28,Sewanee,Birmingham-Southern,50-68,50,68,20-8,22-6,02/28/16,Win,1183,No Location Recorded,3:00 PM,08:57,"SUB OUT by STONE,BRODY",32,49,,17,2,,,44,13,0.386,0.308,,,54,13,0.5,0.385,08,537
28,Sewanee,Birmingham-Southern,50-68,50,68,20-8,22-6,02/28/16,Win,1183,No Location Recorded,3:00 PM,08:45,"GOOD 3PTR by BORN,CLAY",35,49,,14,2,3ptr,good,45,14,0.4,0.357,,,54,13,0.5,0.385,08,525
28,Sewanee,Birmingham-Southern,50-68,50,68,20-8,22-6,02/28/16,Win,1183,No Location Recorded,3:00 PM,08:44,TIMEOUT TEAM by TEAM,35,49,,14,2,,,45,14,0.4,0.357,,,54,13,0.5,0.385,08,524
28,Sewanee,Birmingham-Southern,50-68,50,68,20-8,22-6,02/28/16,Win,1183,No Location Recorded,3:00 PM,08:31,,35,49,"MISS 3PTR by WELCH,ROSS",14,2,,,45,14,0.4,0.357,3ptr,miss,55,14,0.491,0.357,08,511
28,Sewanee,Birmingham-Southern,50-68,50,68,20-8,22-6,02/28/16,Win,1183,No Location Recorded,3:00 PM,08:31,"REBOUND DEF by MCCULLOUGH,JACOB",35,49,,14,2,,,45,14,0.4,0.357,,,55,14,0.491,0.357,08,511
28,Sewanee,Birmingham-Southern,50-68,50,68,20-8,22-6,02/28/16,Win,1183,No Location Recorded,3:00 PM,08:14,"GOOD JUMPER by BUESCHER,HUNTER",37,49,,12,2,jumper,good,46,14,0.413,0.357,,,55,14,0.491,0.357,08,494
28,Sewanee,Birmingham-Southern,50-68,50,68,20-8,22-6,02/28/16,Win,1183,No Location Recorded,3:00 PM,08:14,"ASSIST  by MCCULLOUGH,JACOB",37,49,,12,2,,,46,14,0.413,0.357,,,55,14,0.491,0.357,08,494
28,Sewanee,Birmingham-Southern,50-68,50,68,20-8,22-6,02/28/16,Win,1183,No Location Recorded,3:00 PM,08:02,"FOUL  by CARTER,KESHONN",37,49,,12,2,foul,,46,14,0.413,0.357,,,55,14,0.491,0.357,08,482
28,Sewanee,Birmingham-Southern,50-68,50,68,20-8,22-6,02/28/16,Win,1183,No Location Recorded,3:00 PM,08:02,,37,50,"GOOD FT by DENEKA,HARRISON",13,2,,,46,14,0.413,0.357,ft,good,56,14,0.5,0.357,08,482
28,Sewanee,Birmingham-Southern,50-68,50,68,20-8,22-6,02/28/16,Win,1183,No Location Recorded,3:00 PM,08:02,,37,50,"MISS FT by DENEKA,HARRISON",13,2,,,46,14,0.413,0.357,ft,miss,57,14,0.491,0.357,08,482
28,Sewanee,Birmingham-Southern,50-68,50,68,20-8,22-6,02/28/16,Win,1183,No Location Recorded,3:00 PM,08:02,"REBOUND DEF by BORN,CLAY",37,50,,13,2,,,46,14,0.413,0.357,,,57,14,0.491,0.357,08,482
28,Sewanee,Birmingham-Southern,50-68,50,68,20-8,22-6,02/28/16,Win,1183,No Location Recorded,3:00 PM,08:02,"SUB IN by STONE,BRODY",37,50,,13,2,,,46,14,0.413,0.357,,,57,14,0.491,0.357,08,482
28,Sewanee,Birmingham-Southern,50-68,50,68,20-8,22-6,02/28/16,Win,1183,No Location Recorded,3:00 PM,08:02,"SUB OUT by CARTER,KESHONN",37,50,,13,2,,,46,14,0.413,0.357,,,57,14,0.491,0.357,08,482
28,Sewanee,Birmingham-Southern,50-68,50,68,20-8,22-6,02/28/16,Win,1183,No Location Recorded,3:00 PM,08:02,,37,50,"SUB IN by MURPHY,JUWAN",13,2,,,46,14,0.413,0.357,,,57,14,0.491,0.357,08,482
28,Sewanee,Birmingham-Southern,50-68,50,68,20-8,22-6,02/28/16,Win,1183,No Location Recorded,3:00 PM,08:02,,37,50,"SUB OUT by THOM,IAN",13,2,,,46,14,0.413,0.357,,,57,14,0.491,0.357,08,482
28,Sewanee,Birmingham-Southern,50-68,50,68,20-8,22-6,02/28/16,Win,1183,No Location Recorded,3:00 PM,07:47,"GOOD LAYUP by BROWN,SETH(in the paint)",39,50,,11,2,layup,good,47,14,0.426,0.357,,,57,14,0.491,0.357,07,467
28,Sewanee,Birmingham-Southern,50-68,50,68,20-8,22-6,02/28/16,Win,1183,No Location Recorded,3:00 PM,07:28,,39,52,"GOOD LAYUP by MURPHY,JUWAN(in the paint)",13,2,,,47,14,0.426,0.357,layup,good,58,14,0.5,0.357,07,448
28,Sewanee,Birmingham-Southern,50-68,50,68,20-8,22-6,02/28/16,Win,1183,No Location Recorded,3:00 PM,06:59,"GOOD JUMPER by BORN,CLAY",41,52,,11,2,jumper,good,48,14,0.438,0.357,,,58,14,0.5,0.357,06,419
28,Sewanee,Birmingham-Southern,50-68,50,68,20-8,22-6,02/28/16,Win,1183,No Location Recorded,3:00 PM,06:36,,41,52,"MISS JUMPER by DENEKA,HARRISON",11,2,,,48,14,0.438,0.357,jumper,miss,59,14,0.492,0.357,06,396
28,Sewanee,Birmingham-Southern,50-68,50,68,20-8,22-6,02/28/16,Win,1183,No Location Recorded,3:00 PM,06:36,,41,52,"REBOUND OFF by DENEKA,HARRISON",11,2,,,48,14,0.438,0.357,,,59,14,0.492,0.357,06,396
28,Sewanee,Birmingham-Southern,50-68,50,68,20-8,22-6,02/28/16,Win,1183,No Location Recorded,3:00 PM,06:32,,41,55,"GOOD 3PTR by WELCH,ROSS",14,2,,,48,14,0.438,0.357,3ptr,good,60,15,0.5,0.4,06,392
28,Sewanee,Birmingham-Southern,50-68,50,68,20-8,22-6,02/28/16,Win,1183,No Location Recorded,3:00 PM,06:32,,41,55,"ASSIST  by DENEKA,HARRISON",14,2,,,48,14,0.438,0.357,,,60,15,0.5,0.4,06,392
28,Sewanee,Birmingham-Southern,50-68,50,68,20-8,22-6,02/28/16,Win,1183,No Location Recorded,3:00 PM,06:19,"SUB IN by CARTER,KESHONN",41,55,,14,2,,,48,14,0.438,0.357,,,60,15,0.5,0.4,06,379
28,Sewanee,Birmingham-Southern,50-68,50,68,20-8,22-6,02/28/16,Win,1183,No Location Recorded,3:00 PM,06:19,"SUB IN by JONES,CODY",41,55,,14,2,,,48,14,0.438,0.357,,,60,15,0.5,0.4,06,379
28,Sewanee,Birmingham-Southern,50-68,50,68,20-8,22-6,02/28/16,Win,1183,No Location Recorded,3:00 PM,06:19,"SUB OUT by BROWN,SETH",41,55,,14,2,,,48,14,0.438,0.357,,,60,15,0.5,0.4,06,379
28,Sewanee,Birmingham-Southern,50-68,50,68,20-8,22-6,02/28/16,Win,1183,No Location Recorded,3:00 PM,06:19,"SUB OUT by MCCULLOUGH,JACOB",41,55,,14,2,,,48,14,0.438,0.357,,,60,15,0.5,0.4,06,379
28,Sewanee,Birmingham-Southern,50-68,50,68,20-8,22-6,02/28/16,Win,1183,No Location Recorded,3:00 PM,06:19,,41,55,"SUB IN by MCLEAN,JAMES",14,2,,,48,14,0.438,0.357,,,60,15,0.5,0.4,06,379
28,Sewanee,Birmingham-Southern,50-68,50,68,20-8,22-6,02/28/16,Win,1183,No Location Recorded,3:00 PM,06:19,,41,55,"SUB OUT by LEWIS,EVAN",14,2,,,48,14,0.438,0.357,,,60,15,0.5,0.4,06,379
28,Sewanee,Birmingham-Southern,50-68,50,68,20-8,22-6,02/28/16,Win,1183,No Location Recorded,3:00 PM,06:08,"MISS 3PTR by BUESCHER,HUNTER",41,55,,14,2,3ptr,miss,49,15,0.429,0.333,,,60,15,0.5,0.4,06,368
28,Sewanee,Birmingham-Southern,50-68,50,68,20-8,22-6,02/28/16,Win,1183,No Location Recorded,3:00 PM,06:08,,41,55,"REBOUND DEF by AVERY,ALEX",14,2,,,49,15,0.429,0.333,,,60,15,0.5,0.4,06,368
28,Sewanee,Birmingham-Southern,50-68,50,68,20-8,22-6,02/28/16,Win,1183,No Location Recorded,3:00 PM,05:58,,41,55,"SUB IN by AVERY,ALEX",14,2,,,49,15,0.429,0.333,,,60,15,0.5,0.4,05,358
28,Sewanee,Birmingham-Southern,50-68,50,68,20-8,22-6,02/28/16,Win,1183,No Location Recorded,3:00 PM,05:58,,41,55,"SUB OUT by RUDAK,MATTY",14,2,,,49,15,0.429,0.333,,,60,15,0.5,0.4,05,358
28,Sewanee,Birmingham-Southern,50-68,50,68,20-8,22-6,02/28/16,Win,1183,No Location Recorded,3:00 PM,05:53,,41,55,"TURNOVER  by MURPHY,JUWAN",14,2,,,49,15,0.429,0.333,,,60,15,0.5,0.4,05,353
28,Sewanee,Birmingham-Southern,50-68,50,68,20-8,22-6,02/28/16,Win,1183,No Location Recorded,3:00 PM,05:51,"STEAL  by BORN,CLAY",41,55,,14,2,,,49,15,0.429,0.333,,,60,15,0.5,0.4,05,351
28,Sewanee,Birmingham-Southern,50-68,50,68,20-8,22-6,02/28/16,Win,1183,No Location Recorded,3:00 PM,05:38,"GOOD 3PTR by BORN,CLAY",44,55,,11,2,3ptr,good,50,16,0.44,0.375,,,60,15,0.5,0.4,05,338
28,Sewanee,Birmingham-Southern,50-68,50,68,20-8,22-6,02/28/16,Win,1183,No Location Recorded,3:00 PM,05:38,"ASSIST  by BUESCHER,HUNTER",44,55,,11,2,,,50,16,0.44,0.375,,,60,15,0.5,0.4,05,338
28,Sewanee,Birmingham-Southern,50-68,50,68,20-8,22-6,02/28/16,Win,1183,No Location Recorded,3:00 PM,05:13,,44,55,"MISS 3PTR by DENEKA,HARRISON",11,2,,,50,16,0.44,0.375,3ptr,miss,61,16,0.492,0.375,05,313
28,Sewanee,Birmingham-Southern,50-68,50,68,20-8,22-6,02/28/16,Win,1183,No Location Recorded,3:00 PM,05:13,,44,55,"REBOUND OFF by AVERY,ALEX",11,2,,,50,16,0.44,0.375,,,61,16,0.492,0.375,05,313
28,Sewanee,Birmingham-Southern,50-68,50,68,20-8,22-6,02/28/16,Win,1183,No Location Recorded,3:00 PM,05:09,,44,55,"FOUL  by AVERY,ALEX",11,2,,,50,16,0.44,0.375,foul,,61,16,0.492,0.375,05,309
28,Sewanee,Birmingham-Southern,50-68,50,68,20-8,22-6,02/28/16,Win,1183,No Location Recorded,3:00 PM,05:09,,44,55,"TURNOVER  by AVERY,ALEX",11,2,,,50,16,0.44,0.375,,,61,16,0.492,0.375,05,309
28,Sewanee,Birmingham-Southern,50-68,50,68,20-8,22-6,02/28/16,Win,1183,No Location Recorded,3:00 PM,05:09,,44,55,"SUB IN by THOM,IAN",11,2,,,50,16,0.44,0.375,,,61,16,0.492,0.375,05,309
28,Sewanee,Birmingham-Southern,50-68,50,68,20-8,22-6,02/28/16,Win,1183,No Location Recorded,3:00 PM,05:09,,44,55,"SUB IN by LEWIS,EVAN",11,2,,,50,16,0.44,0.375,,,61,16,0.492,0.375,05,309
28,Sewanee,Birmingham-Southern,50-68,50,68,20-8,22-6,02/28/16,Win,1183,No Location Recorded,3:00 PM,05:09,,44,55,"SUB OUT by MURPHY,JUWAN",11,2,,,50,16,0.44,0.375,,,61,16,0.492,0.375,05,309
28,Sewanee,Birmingham-Southern,50-68,50,68,20-8,22-6,02/28/16,Win,1183,No Location Recorded,3:00 PM,05:09,,44,55,"SUB OUT by MCLEAN,JAMES",11,2,,,50,16,0.44,0.375,,,61,16,0.492,0.375,05,309
28,Sewanee,Birmingham-Southern,50-68,50,68,20-8,22-6,02/28/16,Win,1183,No Location Recorded,3:00 PM,04:49,"MISS 3PTR by BUESCHER,HUNTER",44,55,,11,2,3ptr,miss,51,17,0.431,0.353,,,61,16,0.492,0.375,04,289
28,Sewanee,Birmingham-Southern,50-68,50,68,20-8,22-6,02/28/16,Win,1183,No Location Recorded,3:00 PM,04:49,,44,55,"REBOUND DEF by AVERY,ALEX",11,2,,,51,17,0.431,0.353,,,61,16,0.492,0.375,04,289
28,Sewanee,Birmingham-Southern,50-68,50,68,20-8,22-6,02/28/16,Win,1183,No Location Recorded,3:00 PM,04:23,"FOUL  by BORN,CLAY",44,55,,11,2,foul,,51,17,0.431,0.353,,,61,16,0.492,0.375,04,263
28,Sewanee,Birmingham-Southern,50-68,50,68,20-8,22-6,02/28/16,Win,1183,No Location Recorded,3:00 PM,04:23,,44,55,"MISS FT by DENEKA,HARRISON",11,2,,,51,17,0.431,0.353,ft,miss,62,16,0.484,0.375,04,263
28,Sewanee,Birmingham-Southern,50-68,50,68,20-8,22-6,02/28/16,Win,1183,No Location Recorded,3:00 PM,04:23,,44,55,REBOUND DEADB by TEAM,11,2,,,51,17,0.431,0.353,,,62,16,0.484,0.375,04,263
28,Sewanee,Birmingham-Southern,50-68,50,68,20-8,22-6,02/28/16,Win,1183,No Location Recorded,3:00 PM,04:23,,44,55,"MISS FT by DENEKA,HARRISON",11,2,,,51,17,0.431,0.353,ft,miss,63,16,0.476,0.375,04,263
28,Sewanee,Birmingham-Southern,50-68,50,68,20-8,22-6,02/28/16,Win,1183,No Location Recorded,3:00 PM,04:23,"REBOUND DEF by BORN,CLAY",44,55,,11,2,,,51,17,0.431,0.353,,,63,16,0.476,0.375,04,263
28,Sewanee,Birmingham-Southern,50-68,50,68,20-8,22-6,02/28/16,Win,1183,No Location Recorded,3:00 PM,04:23,"SUB IN by BROWN,SETH",44,55,,11,2,,,51,17,0.431,0.353,,,63,16,0.476,0.375,04,263
28,Sewanee,Birmingham-Southern,50-68,50,68,20-8,22-6,02/28/16,Win,1183,No Location Recorded,3:00 PM,04:23,"SUB OUT by STONE,BRODY",44,55,,11,2,,,51,17,0.431,0.353,,,63,16,0.476,0.375,04,263
28,Sewanee,Birmingham-Southern,50-68,50,68,20-8,22-6,02/28/16,Win,1183,No Location Recorded,3:00 PM,04:23,,44,55,"SUB IN by CRAIN,JOHN",11,2,,,51,17,0.431,0.353,,,63,16,0.476,0.375,04,263
28,Sewanee,Birmingham-Southern,50-68,50,68,20-8,22-6,02/28/16,Win,1183,No Location Recorded,3:00 PM,04:23,,44,55,"SUB OUT by WELCH,ROSS",11,2,,,51,17,0.431,0.353,,,63,16,0.476,0.375,04,263
28,Sewanee,Birmingham-Southern,50-68,50,68,20-8,22-6,02/28/16,Win,1183,No Location Recorded,3:00 PM,04:06,"GOOD 3PTR by BROWN,SETH",47,55,,8,2,3ptr,good,52,18,0.442,0.389,,,63,16,0.476,0.375,04,246
28,Sewanee,Birmingham-Southern,50-68,50,68,20-8,22-6,02/28/16,Win,1183,No Location Recorded,3:00 PM,04:06,"ASSIST  by BUESCHER,HUNTER",47,55,,8,2,,,52,18,0.442,0.389,,,63,16,0.476,0.375,04,246
28,Sewanee,Birmingham-Southern,50-68,50,68,20-8,22-6,02/28/16,Win,1183,No Location Recorded,3:00 PM,03:36,,47,55,"TURNOVER  by DENEKA,HARRISON",8,2,,,52,18,0.442,0.389,,,63,16,0.476,0.375,03,216
28,Sewanee,Birmingham-Southern,50-68,50,68,20-8,22-6,02/28/16,Win,1183,No Location Recorded,3:00 PM,03:36,"STEAL  by BROWN,SETH",47,55,,8,2,,,52,18,0.442,0.389,,,63,16,0.476,0.375,03,216
28,Sewanee,Birmingham-Southern,50-68,50,68,20-8,22-6,02/28/16,Win,1183,No Location Recorded,3:00 PM,03:36,,47,55,"FOUL  by CRAIN,JOHN",8,2,,,52,18,0.442,0.389,foul,,63,16,0.476,0.375,03,216
28,Sewanee,Birmingham-Southern,50-68,50,68,20-8,22-6,02/28/16,Win,1183,No Location Recorded,3:00 PM,03:36,,47,55,TIMEOUT TEAM by TEAM,8,2,,,52,18,0.442,0.389,,,63,16,0.476,0.375,03,216
28,Sewanee,Birmingham-Southern,50-68,50,68,20-8,22-6,02/28/16,Win,1183,No Location Recorded,3:00 PM,03:36,,47,55,"SUB IN by RUDAK,MATTY",8,2,,,52,18,0.442,0.389,,,63,16,0.476,0.375,03,216
28,Sewanee,Birmingham-Southern,50-68,50,68,20-8,22-6,02/28/16,Win,1183,No Location Recorded,3:00 PM,03:36,,47,55,"SUB IN by WELCH,ROSS",8,2,,,52,18,0.442,0.389,,,63,16,0.476,0.375,03,216
28,Sewanee,Birmingham-Southern,50-68,50,68,20-8,22-6,02/28/16,Win,1183,No Location Recorded,3:00 PM,03:36,,47,55,"SUB OUT by DENEKA,HARRISON",8,2,,,52,18,0.442,0.389,,,63,16,0.476,0.375,03,216
28,Sewanee,Birmingham-Southern,50-68,50,68,20-8,22-6,02/28/16,Win,1183,No Location Recorded,3:00 PM,03:36,,47,55,"SUB OUT by CRAIN,JOHN",8,2,,,52,18,0.442,0.389,,,63,16,0.476,0.375,03,216
28,Sewanee,Birmingham-Southern,50-68,50,68,20-8,22-6,02/28/16,Win,1183,No Location Recorded,3:00 PM,03:19,"MISS 3PTR by BROWN,SETH",47,55,,8,2,3ptr,miss,53,19,0.434,0.368,,,63,16,0.476,0.375,03,199
28,Sewanee,Birmingham-Southern,50-68,50,68,20-8,22-6,02/28/16,Win,1183,No Location Recorded,3:00 PM,03:19,,47,55,"REBOUND DEF by LEWIS,EVAN",8,2,,,53,19,0.434,0.368,,,63,16,0.476,0.375,03,199
28,Sewanee,Birmingham-Southern,50-68,50,68,20-8,22-6,02/28/16,Win,1183,No Location Recorded,3:00 PM,03:00,,47,57,"GOOD LAYUP by AVERY,ALEX(in the paint)",10,2,,,53,19,0.434,0.368,layup,good,64,16,0.484,0.375,03,180
28,Sewanee,Birmingham-Southern,50-68,50,68,20-8,22-6,02/28/16,Win,1183,No Location Recorded,3:00 PM,03:00,,47,57,"ASSIST  by WELCH,ROSS",10,2,,,53,19,0.434,0.368,,,64,16,0.484,0.375,03,180
28,Sewanee,Birmingham-Southern,50-68,50,68,20-8,22-6,02/28/16,Win,1183,No Location Recorded,3:00 PM,03:00,"FOUL  by CARTER,KESHONN",47,57,,10,2,foul,,53,19,0.434,0.368,,,64,16,0.484,0.375,03,180
28,Sewanee,Birmingham-Southern,50-68,50,68,20-8,22-6,02/28/16,Win,1183,No Location Recorded,3:00 PM,03:00,,47,58,"GOOD FT by AVERY,ALEX",11,2,,,53,19,0.434,0.368,ft,good,65,16,0.492,0.375,03,180
28,Sewanee,Birmingham-Southern,50-68,50,68,20-8,22-6,02/28/16,Win,1183,No Location Recorded,3:00 PM,03:00,"SUB IN by STONE,BRODY",47,58,,11,2,,,53,19,0.434,0.368,,,65,16,0.492,0.375,03,180
28,Sewanee,Birmingham-Southern,50-68,50,68,20-8,22-6,02/28/16,Win,1183,No Location Recorded,3:00 PM,03:00,"SUB OUT by CARTER,KESHONN",47,58,,11,2,,,53,19,0.434,0.368,,,65,16,0.492,0.375,03,180
28,Sewanee,Birmingham-Southern,50-68,50,68,20-8,22-6,02/28/16,Win,1183,No Location Recorded,3:00 PM,03:00,,47,58,"SUB IN by DENEKA,HARRISON",11,2,,,53,19,0.434,0.368,,,65,16,0.492,0.375,03,180
28,Sewanee,Birmingham-Southern,50-68,50,68,20-8,22-6,02/28/16,Win,1183,No Location Recorded,3:00 PM,03:00,,47,58,"SUB OUT by RUDAK,MATTY",11,2,,,53,19,0.434,0.368,,,65,16,0.492,0.375,03,180
28,Sewanee,Birmingham-Southern,50-68,50,68,20-8,22-6,02/28/16,Win,1183,No Location Recorded,3:00 PM,02:47,"MISS JUMPER by JONES,CODY",47,58,,11,2,jumper,miss,54,19,0.426,0.368,,,65,16,0.492,0.375,02,167
28,Sewanee,Birmingham-Southern,50-68,50,68,20-8,22-6,02/28/16,Win,1183,No Location Recorded,3:00 PM,02:47,,47,58,"REBOUND DEF by LEWIS,EVAN",11,2,,,54,19,0.426,0.368,,,65,16,0.492,0.375,02,167
28,Sewanee,Birmingham-Southern,50-68,50,68,20-8,22-6,02/28/16,Win,1183,No Location Recorded,3:00 PM,02:29,,47,60,"GOOD LAYUP by LEWIS,EVAN(in the paint)",13,2,,,54,19,0.426,0.368,layup,good,66,16,0.5,0.375,02,149
28,Sewanee,Birmingham-Southern,50-68,50,68,20-8,22-6,02/28/16,Win,1183,No Location Recorded,3:00 PM,02:29,,47,60,"ASSIST  by THOM,IAN",13,2,,,54,19,0.426,0.368,,,66,16,0.5,0.375,02,149
28,Sewanee,Birmingham-Southern,50-68,50,68,20-8,22-6,02/28/16,Win,1183,No Location Recorded,3:00 PM,02:17,"MISS 3PTR by BORN,CLAY",47,60,,13,2,3ptr,miss,55,20,0.418,0.35,,,66,16,0.5,0.375,02,137
28,Sewanee,Birmingham-Southern,50-68,50,68,20-8,22-6,02/28/16,Win,1183,No Location Recorded,3:00 PM,02:17,"REBOUND OFF by BROWN,SETH",47,60,,13,2,,,55,20,0.418,0.35,,,66,16,0.5,0.375,02,137
28,Sewanee,Birmingham-Southern,50-68,50,68,20-8,22-6,02/28/16,Win,1183,No Location Recorded,3:00 PM,02:11,"GOOD 3PTR by BUESCHER,HUNTER",50,60,,10,2,3ptr,good,56,21,0.429,0.381,,,66,16,0.5,0.375,02,131
28,Sewanee,Birmingham-Southern,50-68,50,68,20-8,22-6,02/28/16,Win,1183,No Location Recorded,3:00 PM,02:11,"ASSIST  by BROWN,SETH",50,60,,10,2,,,56,21,0.429,0.381,,,66,16,0.5,0.375,02,131
28,Sewanee,Birmingham-Southern,50-68,50,68,20-8,22-6,02/28/16,Win,1183,No Location Recorded,3:00 PM,02:11,TIMEOUT TEAM by TEAM,50,60,,10,2,,,56,21,0.429,0.381,,,66,16,0.5,0.375,02,131
28,Sewanee,Birmingham-Southern,50-68,50,68,20-8,22-6,02/28/16,Win,1183,No Location Recorded,3:00 PM,01:37,,50,63,"GOOD 3PTR by WELCH,ROSS",13,2,,,56,21,0.429,0.381,3ptr,good,67,17,0.507,0.412,01,97
28,Sewanee,Birmingham-Southern,50-68,50,68,20-8,22-6,02/28/16,Win,1183,No Location Recorded,3:00 PM,01:25,"MISS JUMPER by BUESCHER,HUNTER",50,63,,13,2,jumper,miss,57,21,0.421,0.381,,,67,17,0.507,0.412,01,85
28,Sewanee,Birmingham-Southern,50-68,50,68,20-8,22-6,02/28/16,Win,1183,No Location Recorded,3:00 PM,01:25,,50,63,"REBOUND DEF by AVERY,ALEX",13,2,,,57,21,0.421,0.381,,,67,17,0.507,0.412,01,85
28,Sewanee,Birmingham-Southern,50-68,50,68,20-8,22-6,02/28/16,Win,1183,No Location Recorded,3:00 PM,01:08,,50,63,"TURNOVER  by DENEKA,HARRISON",13,2,,,57,21,0.421,0.381,,,67,17,0.507,0.412,01,68
28,Sewanee,Birmingham-Southern,50-68,50,68,20-8,22-6,02/28/16,Win,1183,No Location Recorded,3:00 PM,01:06,"STEAL  by BUESCHER,HUNTER",50,63,,13,2,,,57,21,0.421,0.381,,,67,17,0.507,0.412,01,66
28,Sewanee,Birmingham-Southern,50-68,50,68,20-8,22-6,02/28/16,Win,1183,No Location Recorded,3:00 PM,00:58,"MISS 3PTR by JONES,CODY",50,63,,13,2,3ptr,miss,58,22,0.414,0.364,,,67,17,0.507,0.412,00,58
28,Sewanee,Birmingham-Southern,50-68,50,68,20-8,22-6,02/28/16,Win,1183,No Location Recorded,3:00 PM,00:58,,50,63,"REBOUND DEF by LEWIS,EVAN",13,2,,,58,22,0.414,0.364,,,67,17,0.507,0.412,00,58
28,Sewanee,Birmingham-Southern,50-68,50,68,20-8,22-6,02/28/16,Win,1183,No Location Recorded,3:00 PM,00:54,"FOUL  by BORN,CLAY",50,63,,13,2,foul,,58,22,0.414,0.364,,,67,17,0.507,0.412,00,54
28,Sewanee,Birmingham-Southern,50-68,50,68,20-8,22-6,02/28/16,Win,1183,No Location Recorded,3:00 PM,00:54,,50,63,"MISS FT by LEWIS,EVAN",13,2,,,58,22,0.414,0.364,ft,miss,68,17,0.5,0.412,00,54
28,Sewanee,Birmingham-Southern,50-68,50,68,20-8,22-6,02/28/16,Win,1183,No Location Recorded,3:00 PM,00:54,,50,63,REBOUND DEADB by TEAM,13,2,,,58,22,0.414,0.364,,,68,17,0.5,0.412,00,54
28,Sewanee,Birmingham-Southern,50-68,50,68,20-8,22-6,02/28/16,Win,1183,No Location Recorded,3:00 PM,00:54,,50,64,"GOOD FT by LEWIS,EVAN",14,2,,,58,22,0.414,0.364,ft,good,69,17,0.507,0.412,00,54
28,Sewanee,Birmingham-Southern,50-68,50,68,20-8,22-6,02/28/16,Win,1183,No Location Recorded,3:00 PM,00:54,"SUB IN by CALDWELL,CAM",50,64,,14,2,,,58,22,0.414,0.364,,,69,17,0.507,0.412,00,54
28,Sewanee,Birmingham-Southern,50-68,50,68,20-8,22-6,02/28/16,Win,1183,No Location Recorded,3:00 PM,00:54,"SUB OUT by BROWN,SETH",50,64,,14,2,,,58,22,0.414,0.364,,,69,17,0.507,0.412,00,54
28,Sewanee,Birmingham-Southern,50-68,50,68,20-8,22-6,02/28/16,Win,1183,No Location Recorded,3:00 PM,00:54,,50,64,"SUB IN by CRAIN,JOHN",14,2,,,58,22,0.414,0.364,,,69,17,0.507,0.412,00,54
28,Sewanee,Birmingham-Southern,50-68,50,68,20-8,22-6,02/28/16,Win,1183,No Location Recorded,3:00 PM,00:54,,50,64,"SUB OUT by THOM,IAN",14,2,,,58,22,0.414,0.364,,,69,17,0.507,0.412,00,54
28,Sewanee,Birmingham-Southern,50-68,50,68,20-8,22-6,02/28/16,Win,1183,No Location Recorded,3:00 PM,00:45,"MISS 3PTR by STONE,BRODY",50,64,,14,2,3ptr,miss,59,23,0.407,0.348,,,69,17,0.507,0.412,00,45
28,Sewanee,Birmingham-Southern,50-68,50,68,20-8,22-6,02/28/16,Win,1183,No Location Recorded,3:00 PM,00:45,,50,64,"REBOUND DEF by DENEKA,HARRISON",14,2,,,59,23,0.407,0.348,,,69,17,0.507,0.412,00,45
28,Sewanee,Birmingham-Southern,50-68,50,68,20-8,22-6,02/28/16,Win,1183,No Location Recorded,3:00 PM,00:44,"FOUL  by STONE,BRODY",50,64,,14,2,foul,,59,23,0.407,0.348,,,69,17,0.507,0.412,00,44
28,Sewanee,Birmingham-Southern,50-68,50,68,20-8,22-6,02/28/16,Win,1183,No Location Recorded,3:00 PM,00:44,,50,64,"MISS FT by DENEKA,HARRISON",14,2,,,59,23,0.407,0.348,ft,miss,70,17,0.5,0.412,00,44
28,Sewanee,Birmingham-Southern,50-68,50,68,20-8,22-6,02/28/16,Win,1183,No Location Recorded,3:00 PM,00:44,,50,64,REBOUND DEADB by TEAM,14,2,,,59,23,0.407,0.348,,,70,17,0.5,0.412,00,44
28,Sewanee,Birmingham-Southern,50-68,50,68,20-8,22-6,02/28/16,Win,1183,No Location Recorded,3:00 PM,00:44,,50,65,"GOOD FT by DENEKA,HARRISON",15,2,,,59,23,0.407,0.348,ft,good,71,17,0.507,0.412,00,44
28,Sewanee,Birmingham-Southern,50-68,50,68,20-8,22-6,02/28/16,Win,1183,No Location Recorded,3:00 PM,00:44,,50,65,"SUB IN by PERKINS,ALEX",15,2,,,59,23,0.407,0.348,,,71,17,0.507,0.412,00,44
28,Sewanee,Birmingham-Southern,50-68,50,68,20-8,22-6,02/28/16,Win,1183,No Location Recorded,3:00 PM,00:44,,50,65,"SUB OUT by WELCH,ROSS",15,2,,,59,23,0.407,0.348,,,71,17,0.507,0.412,00,44
28,Sewanee,Birmingham-Southern,50-68,50,68,20-8,22-6,02/28/16,Win,1183,No Location Recorded,3:00 PM,00:35,,50,65,"FOUL  by PERKINS,ALEX",15,2,,,59,23,0.407,0.348,foul,,71,17,0.507,0.412,00,35
28,Sewanee,Birmingham-Southern,50-68,50,68,20-8,22-6,02/28/16,Win,1183,No Location Recorded,3:00 PM,00:35,"MISS FT by BORN,CLAY",50,65,,15,2,ft,miss,60,23,0.4,0.348,,,71,17,0.507,0.412,00,35
28,Sewanee,Birmingham-Southern,50-68,50,68,20-8,22-6,02/28/16,Win,1183,No Location Recorded,3:00 PM,00:35,,50,65,REBOUND DEF by TEAM,15,2,,,60,23,0.4,0.348,,,71,17,0.507,0.412,00,35
28,Sewanee,Birmingham-Southern,50-68,50,68,20-8,22-6,02/28/16,Win,1183,No Location Recorded,3:00 PM,00:35,"SUB IN by JOHNSON,DAVID",50,65,,15,2,,,60,23,0.4,0.348,,,71,17,0.507,0.412,00,35
28,Sewanee,Birmingham-Southern,50-68,50,68,20-8,22-6,02/28/16,Win,1183,No Location Recorded,3:00 PM,00:35,"SUB IN by KUELLING,CHRIS",50,65,,15,2,,,60,23,0.4,0.348,,,71,17,0.507,0.412,00,35
28,Sewanee,Birmingham-Southern,50-68,50,68,20-8,22-6,02/28/16,Win,1183,No Location Recorded,3:00 PM,00:35,"SUB IN by HOWELL,TAYLOR",50,65,,15,2,,,60,23,0.4,0.348,,,71,17,0.507,0.412,00,35
28,Sewanee,Birmingham-Southern,50-68,50,68,20-8,22-6,02/28/16,Win,1183,No Location Recorded,3:00 PM,00:35,"SUB OUT by STONE,BRODY",50,65,,15,2,,,60,23,0.4,0.348,,,71,17,0.507,0.412,00,35
28,Sewanee,Birmingham-Southern,50-68,50,68,20-8,22-6,02/28/16,Win,1183,No Location Recorded,3:00 PM,00:35,"SUB OUT by JONES,CODY",50,65,,15,2,,,60,23,0.4,0.348,,,71,17,0.507,0.412,00,35
28,Sewanee,Birmingham-Southern,50-68,50,68,20-8,22-6,02/28/16,Win,1183,No Location Recorded,3:00 PM,00:35,"SUB OUT by BORN,CLAY",50,65,,15,2,,,60,23,0.4,0.348,,,71,17,0.507,0.412,00,35
28,Sewanee,Birmingham-Southern,50-68,50,68,20-8,22-6,02/28/16,Win,1183,No Location Recorded,3:00 PM,00:05,,50,68,"GOOD 3PTR by PERKINS,ALEX",18,2,,,60,23,0.4,0.348,3ptr,good,72,18,0.514,0.444,00,5
28,Sewanee,Birmingham-Southern,50-68,50,68,20-8,22-6,02/28/16,Win,1183,No Location Recorded,3:00 PM,00:05,,50,68,"ASSIST  by LEWIS,EVAN",18,2,,,60,23,0.4,0.348,,,72,18,0.514,0.444,00,5
