Time Remaining,BSC,Away Team Score,Play Team Indicator,Home Team Score,Rhodes,Game Score,Team Indicator,Play,Period
19:43,"MISS LAYUP by GILLISPIE,JAY(in the paint)",,,,,,,"MISS LAYUP by GILLISPIE,JAY(in the paint)",1
--,,,,,"REBOUND DEF by GEORGETOWN II,ARNESS",,,"REBOUND DEF by GEORGETOWN II,ARNESS",1
19:33,,,,,"MISS LAYUP by ESSICK,JALEN(in the paint)",,,"MISS LAYUP by ESSICK,JALEN(in the paint)",1
--,"REBOUND DEF by GILLISPIE,JAY",,,,,,,"REBOUND DEF by GILLISPIE,JAY",1
19:15,"GOOD LAYUP by CHILDERS,JOSH(in the paint)",2 (+2),,0,,BSC 2-0 (-2),,"GOOD LAYUP by CHILDERS,JOSH(in the paint)",1
--,"ASSIST  by JACKSON,MARTISE",,,,,,,"ASSIST  by JACKSON,MARTISE",1
18:45,,,,,"TURNOVER  by GEORGETOWN II,ARNESS",,,"TURNOVER  by GEORGETOWN II,ARNESS",1
18:45,"STEAL  by JACKSON,MARTISE",,,,,,,"STEAL  by JACKSON,MARTISE",1
18:39,"GOOD LAYUP by JACKSON,MARTISE(fastbreak)(in the paint)",4 (+4),,0,,BSC 4-0 (-4),,"GOOD LAYUP by JACKSON,MARTISE(fastbreak)(in the paint)",1
18:21,,,,,"MISS JUMPER by WILEY,KOKI(in the paint)",,,"MISS JUMPER by WILEY,KOKI(in the paint)",1
--,,,,,"REBOUND OFF by WILEY,KOKI",,,"REBOUND OFF by WILEY,KOKI",1
18:17,"FOUL  by CHILDERS,JOSH",,,,,,,"FOUL  by CHILDERS,JOSH",1
18:17,,4 (+3),,1,"GOOD FT by WILEY,KOKI",Rhodes 4-1 (-3),,"GOOD FT by WILEY,KOKI",1
18:17,,4 (+2),,2,"GOOD FT by WILEY,KOKI",Rhodes 4-2 (-2),,"GOOD FT by WILEY,KOKI",1
18:06,"GOOD 3PTR by BISHOP,BRYSON",7 (+5),,2,,BSC 7-2 (-5),,"GOOD 3PTR by BISHOP,BRYSON",1
--,"ASSIST  by GILLISPIE,JAY",,,,,,,"ASSIST  by GILLISPIE,JAY",1
17:43,,7 (+3),,4,"GOOD JUMPER by GEORGETOWN II,ARNESS",Rhodes 7-4 (-3),,"GOOD JUMPER by GEORGETOWN II,ARNESS",1
--,,,,,"ASSIST  by WALKER,JEFFERSON",,,"ASSIST  by WALKER,JEFFERSON",1
17:30,"MISS 3PTR by JACKSON,MARTISE",,,,,,,"MISS 3PTR by JACKSON,MARTISE",1
--,,,,,"REBOUND DEF by ESSICK,JALEN",,,"REBOUND DEF by ESSICK,JALEN",1
17:21,,,,,"MISS LAYUP by WILEY,KOKI(in the paint)",,,"MISS LAYUP by WILEY,KOKI(in the paint)",1
--,"REBOUND DEF by GILLISPIE,JAY",,,,,,,"REBOUND DEF by GILLISPIE,JAY",1
17:13,"MISS 3PTR by GREEN,KALEB",,,,,,,"MISS 3PTR by GREEN,KALEB",1
--,"REBOUND OFF by GILLISPIE,JAY",,,,,,,"REBOUND OFF by GILLISPIE,JAY",1
17:08,"FOUL  by CHILDERS,JOSH",,,,,,,"FOUL  by CHILDERS,JOSH",1
17:08,"TURNOVER  by CHILDERS,JOSH",,,,,,,"TURNOVER  by CHILDERS,JOSH",1
17:08,"SUB OUT by CHILDERS,JOSH",,,,,,,"SUB OUT by CHILDERS,JOSH",1
17:08,"SUB IN by DAVIS,BRODY",,,,,,,"SUB IN by DAVIS,BRODY",1
16:45,,,,,"MISS LAYUP by ESSICK,JALEN(in the paint)",,,"MISS LAYUP by ESSICK,JALEN(in the paint)",1
--,"REBOUND DEF by GILLISPIE,JAY",,,,,,,"REBOUND DEF by GILLISPIE,JAY",1
16:40,,,,,"FOUL  by GEORGETOWN II,ARNESS",,,"FOUL  by GEORGETOWN II,ARNESS",1
16:40,,,,,"SUB OUT by GEORGETOWN II,ARNESS",,,"SUB OUT by GEORGETOWN II,ARNESS",1
16:40,,,,,"SUB IN by DOTSON,PHIL",,,"SUB IN by DOTSON,PHIL",1
16:31,"MISS LAYUP by GREEN,KALEB(in the paint)",,,,,,,"MISS LAYUP by GREEN,KALEB(in the paint)",1
--,,,,,"REBOUND DEF by ESSICK,JALEN",,,"REBOUND DEF by ESSICK,JALEN",1
16:20,,,,,"MISS 3PTR by ESSICK,JALEN",,,"MISS 3PTR by ESSICK,JALEN",1
--,,,,,"REBOUND OFF by WILEY,KOKI",,,"REBOUND OFF by WILEY,KOKI",1
16:14,,7 (+1),,6,"GOOD JUMPER by WALKER,JEFFERSON(in the paint)",Rhodes 7-6 (-1),,"GOOD JUMPER by WALKER,JEFFERSON(in the paint)",1
16:03,"GOOD LAYUP by DAVIS,BRODY(in the paint)",9 (+3),,6,,BSC 9-6 (-3),,"GOOD LAYUP by DAVIS,BRODY(in the paint)",1
--,"ASSIST  by JACKSON,MARTISE",,,,,,,"ASSIST  by JACKSON,MARTISE",1
15:38,,,,,"MISS LAYUP by ESSICK,JALEN(in the paint)",,,"MISS LAYUP by ESSICK,JALEN(in the paint)",1
--,"REBOUND DEF by JACKSON,MARTISE",,,,,,,"REBOUND DEF by JACKSON,MARTISE",1
15:27,"MISS LAYUP by DAVIS,BRODY(in the paint)",,,,,,,"MISS LAYUP by DAVIS,BRODY(in the paint)",1
15:27,,,,,"BLOCK  by WILEY,KOKI",,,"BLOCK  by WILEY,KOKI",1
--,,,,,"REBOUND DEF by WILEY,KOKI",,,"REBOUND DEF by WILEY,KOKI",1
15:21,,,,,"TURNOVER  by WILEY,KOKI",,,"TURNOVER  by WILEY,KOKI",1
15:21,"STEAL  by JACKSON,MARTISE",,,,,,,"STEAL  by JACKSON,MARTISE",1
15:13,"MISS 3PTR by BISHOP,BRYSON",,,,,,,"MISS 3PTR by BISHOP,BRYSON",1
--,,,,,"REBOUND DEF by ESSICK,JALEN",,,"REBOUND DEF by ESSICK,JALEN",1
15:12,"FOUL  by DAVIS,BRODY",,,,,,,"FOUL  by DAVIS,BRODY",1
15:12,TIMEOUT MEDIA by TEAM,,,,,,,TIMEOUT MEDIA by TEAM,1
15:12,"SUB OUT by GREEN,KALEB",,,,,,,"SUB OUT by GREEN,KALEB",1
15:12,"SUB OUT by GILLISPIE,JAY",,,,,,,"SUB OUT by GILLISPIE,JAY",1
15:12,"SUB OUT by BISHOP,BRYSON",,,,,,,"SUB OUT by BISHOP,BRYSON",1
15:12,"SUB IN by SPENCE,SAMUEL",,,,,,,"SUB IN by SPENCE,SAMUEL",1
15:12,"SUB IN by PATRICK,DYLAN",,,,,,,"SUB IN by PATRICK,DYLAN",1
15:12,"SUB IN by DEAN,NOLAN",,,,,,,"SUB IN by DEAN,NOLAN",1
14:58,,,,,"MISS LAYUP by ESSICK,JALEN(in the paint)",,,"MISS LAYUP by ESSICK,JALEN(in the paint)",1
--,REBOUND DEF by TEAM,,,,,,,REBOUND DEF by TEAM,1
14:58,"BLOCK  by DAVIS,BRODY",,,,,,,"BLOCK  by DAVIS,BRODY",1
14:36,"MISS LAYUP by JACKSON,MARTISE(in the paint)",,,,,,,"MISS LAYUP by JACKSON,MARTISE(in the paint)",1
--,,,,,"REBOUND DEF by WALKER,JEFFERSON",,,"REBOUND DEF by WALKER,JEFFERSON",1
14:23,,9 (+1),,8,"GOOD LAYUP by WALKER,JEFFERSON(in the paint)",Rhodes 9-8 (-1),,"GOOD LAYUP by WALKER,JEFFERSON(in the paint)",1
14:13,"MISS JUMPER by PATRICK,DYLAN",,,,,,,"MISS JUMPER by PATRICK,DYLAN",1
--,"REBOUND OFF by JACKSON,MARTISE",,,,,,,"REBOUND OFF by JACKSON,MARTISE",1
14:08,"TURNOVER  by JACKSON,MARTISE",,,,,,,"TURNOVER  by JACKSON,MARTISE",1
14:08,,,,,"STEAL  by WALKER,JEFFERSON",,,"STEAL  by WALKER,JEFFERSON",1
14:04,,9,,10 (+1),"GOOD JUMPER by WALKER,JEFFERSON(fastbreak)(in the paint)",Rhodes 9-10 (+1),,"GOOD JUMPER by WALKER,JEFFERSON(fastbreak)(in the paint)",1
13:42,,,,,"FOUL  by WALKER,JEFFERSON",,,"FOUL  by WALKER,JEFFERSON",1
13:42,,,,,"SUB OUT by WALKER,JEFFERSON",,,"SUB OUT by WALKER,JEFFERSON",1
13:42,,,,,"SUB IN by WHITE,ELIJAH",,,"SUB IN by WHITE,ELIJAH",1
13:32,,,,,"FOUL  by DOTSON,PHIL",,,"FOUL  by DOTSON,PHIL",1
13:32,"GOOD FT by PATRICK,DYLAN",10,,10,,BSC 10-10 (0),,"GOOD FT by PATRICK,DYLAN",1
13:32,"GOOD FT by PATRICK,DYLAN",11 (+1),,10,,BSC 11-10 (-1),,"GOOD FT by PATRICK,DYLAN",1
13:18,,,,,"MISS JUMPER by DOTSON,PHIL(in the paint)",,,"MISS JUMPER by DOTSON,PHIL(in the paint)",1
--,"REBOUND DEF by JACKSON,MARTISE",,,,,,,"REBOUND DEF by JACKSON,MARTISE",1
13:13,,,,,"FOUL  by DOTSON,PHIL",,,"FOUL  by DOTSON,PHIL",1
13:13,,,,,"SUB OUT by DOTSON,PHIL",,,"SUB OUT by DOTSON,PHIL",1
13:13,,,,,"SUB IN by WALKER,JEFFERSON",,,"SUB IN by WALKER,JEFFERSON",1
13:13,"SUB OUT by DAVIS,BRODY",,,,,,,"SUB OUT by DAVIS,BRODY",1
13:13,"SUB IN by THOMPSON,CHRISTIAN",,,,,,,"SUB IN by THOMPSON,CHRISTIAN",1
13:02,,,,,"FOUL  by ESSICK,JALEN",,,"FOUL  by ESSICK,JALEN",1
13:02,"MISS FT by DEAN,NOLAN",,,,,,,"MISS FT by DEAN,NOLAN",1
--,REBOUND DEADB by TEAM,,,,,,,REBOUND DEADB by TEAM,1
13:02,,,,,"SUB OUT by WILEY,KOKI",,,"SUB OUT by WILEY,KOKI",1
13:02,,,,,"SUB IN by GEORGETOWN II,ARNESS",,,"SUB IN by GEORGETOWN II,ARNESS",1
13:02,"SUB OUT by JACKSON,MARTISE",,,,,,,"SUB OUT by JACKSON,MARTISE",1
13:02,"SUB OUT by SPENCE,SAMUEL",,,,,,,"SUB OUT by SPENCE,SAMUEL",1
13:02,"SUB IN by GREEN,KALEB",,,,,,,"SUB IN by GREEN,KALEB",1
13:02,"SUB IN by GILLISPIE,JAY",,,,,,,"SUB IN by GILLISPIE,JAY",1
13:02,"MISS FT by DEAN,NOLAN",,,,,,,"MISS FT by DEAN,NOLAN",1
--,,,,,"REBOUND DEF by WILLIAMS,ZAVIEN",,,"REBOUND DEF by WILLIAMS,ZAVIEN",1
12:41,,,,,"TURNOVER  by GEORGETOWN II,ARNESS",,,"TURNOVER  by GEORGETOWN II,ARNESS",1
12:22,"MISS 3PTR by GILLISPIE,JAY",,,,,,,"MISS 3PTR by GILLISPIE,JAY",1
--,,,,,"REBOUND DEF by WILLIAMS,ZAVIEN",,,"REBOUND DEF by WILLIAMS,ZAVIEN",1
12:19,,,,,"TURNOVER  by WALKER,JEFFERSON",,,"TURNOVER  by WALKER,JEFFERSON",1
12:19,"STEAL  by DEAN,NOLAN",,,,,,,"STEAL  by DEAN,NOLAN",1
11:53,"MISS 3PTR by DEAN,NOLAN",,,,,,,"MISS 3PTR by DEAN,NOLAN",1
--,,,,,"REBOUND DEF by WALKER,JEFFERSON",,,"REBOUND DEF by WALKER,JEFFERSON",1
11:37,,,,,"MISS 3PTR by WALKER,JEFFERSON",,,"MISS 3PTR by WALKER,JEFFERSON",1
--,"REBOUND DEF by GREEN,KALEB",,,,,,,"REBOUND DEF by GREEN,KALEB",1
11:24,TIMEOUT MEDIA by TEAM,,,,,,,TIMEOUT MEDIA by TEAM,1
11:24,,,,,"SUB OUT by WHITE,ELIJAH",,,"SUB OUT by WHITE,ELIJAH",1
11:24,,,,,"SUB OUT by GEORGETOWN II,ARNESS",,,"SUB OUT by GEORGETOWN II,ARNESS",1
11:24,,,,,"SUB OUT by WILLIAMS,ZAVIEN",,,"SUB OUT by WILLIAMS,ZAVIEN",1
11:24,,,,,"SUB IN by RAMBERG,CASS",,,"SUB IN by RAMBERG,CASS",1
11:24,,,,,"SUB IN by WILEY,KOKI",,,"SUB IN by WILEY,KOKI",1
11:24,,,,,"SUB IN by PRANGE,JONATHAN",,,"SUB IN by PRANGE,JONATHAN",1
11:24,"SUB OUT by PATRICK,DYLAN",,,,,,,"SUB OUT by PATRICK,DYLAN",1
11:24,"SUB OUT by DEAN,NOLAN",,,,,,,"SUB OUT by DEAN,NOLAN",1
11:24,"SUB OUT by THOMPSON,CHRISTIAN",,,,,,,"SUB OUT by THOMPSON,CHRISTIAN",1
11:24,"SUB IN by GARRIDO,BRANDAN",,,,,,,"SUB IN by GARRIDO,BRANDAN",1
11:24,"SUB IN by BISHOP,BRYSON",,,,,,,"SUB IN by BISHOP,BRYSON",1
11:24,"SUB IN by CHILDERS,JOSH",,,,,,,"SUB IN by CHILDERS,JOSH",1
11:06,"TURNOVER  by GARRIDO,BRANDAN",,,,,,,"TURNOVER  by GARRIDO,BRANDAN",1
11:06,,,,,"STEAL  by WILEY,KOKI",,,"STEAL  by WILEY,KOKI",1
10:53,,,,,"TURNOVER  by WILEY,KOKI",,,"TURNOVER  by WILEY,KOKI",1
10:31,"GOOD 3PTR by BISHOP,BRYSON",14 (+4),,10,,BSC 14-10 (-4),,"GOOD 3PTR by BISHOP,BRYSON",1
--,"ASSIST  by GARRIDO,BRANDAN",,,,,,,"ASSIST  by GARRIDO,BRANDAN",1
10:10,,,,,"MISS JUMPER by RAMBERG,CASS(in the paint)",,,"MISS JUMPER by RAMBERG,CASS(in the paint)",1
--,,,,,"REBOUND OFF by PRANGE,JONATHAN",,,"REBOUND OFF by PRANGE,JONATHAN",1
10:07,"FOUL  by CHILDERS,JOSH",,,,,,,"FOUL  by CHILDERS,JOSH",1
10:07,,14 (+3),,11,"GOOD FT by PRANGE,JONATHAN",Rhodes 14-11 (-3),,"GOOD FT by PRANGE,JONATHAN",1
10:07,"SUB OUT by CHILDERS,JOSH",,,,,,,"SUB OUT by CHILDERS,JOSH",1
10:07,"SUB IN by DAVIS,BRODY",,,,,,,"SUB IN by DAVIS,BRODY",1
10:07,,14 (+2),,12,"GOOD FT by PRANGE,JONATHAN",Rhodes 14-12 (-2),,"GOOD FT by PRANGE,JONATHAN",1
10:03,"MISS 3PTR by BISHOP,BRYSON",,,,,,,"MISS 3PTR by BISHOP,BRYSON",1
--,"REBOUND OFF by DAVIS,BRODY",,,,,,,"REBOUND OFF by DAVIS,BRODY",1
09:59,"GOOD LAYUP by DAVIS,BRODY(in the paint)",16 (+4),,12,,BSC 16-12 (-4),,"GOOD LAYUP by DAVIS,BRODY(in the paint)",1
09:42,,,,,"MISS LAYUP by WALKER,JEFFERSON(in the paint)",,,"MISS LAYUP by WALKER,JEFFERSON(in the paint)",1
--,,,,,"REBOUND OFF by ESSICK,JALEN",,,"REBOUND OFF by ESSICK,JALEN",1
09:36,,16 (+2),,14,"GOOD LAYUP by ESSICK,JALEN(in the paint)",Rhodes 16-14 (-2),,"GOOD LAYUP by ESSICK,JALEN(in the paint)",1
09:27,"TURNOVER  by DAVIS,BRODY",,,,,,,"TURNOVER  by DAVIS,BRODY",1
09:27,,,,,"SUB OUT by RAMBERG,CASS",,,"SUB OUT by RAMBERG,CASS",1
09:27,,,,,"SUB IN by GEORGETOWN II,ARNESS",,,"SUB IN by GEORGETOWN II,ARNESS",1
09:07,,16,,16,"GOOD JUMPER by GEORGETOWN II,ARNESS",Rhodes 16-16 (0),,"GOOD JUMPER by GEORGETOWN II,ARNESS",1
--,,,,,"ASSIST  by WALKER,JEFFERSON",,,"ASSIST  by WALKER,JEFFERSON",1
08:56,"GOOD 3PTR by GARRIDO,BRANDAN",19 (+3),,16,,BSC 19-16 (-3),,"GOOD 3PTR by GARRIDO,BRANDAN",1
--,"ASSIST  by GILLISPIE,JAY",,,,,,,"ASSIST  by GILLISPIE,JAY",1
08:39,,19 (+1),,18,"GOOD LAYUP by ESSICK,JALEN(in the paint)",Rhodes 19-18 (-1),,"GOOD LAYUP by ESSICK,JALEN(in the paint)",1
08:29,"MISS 3PTR by GREEN,KALEB",,,,,,,"MISS 3PTR by GREEN,KALEB",1
--,,,,,"REBOUND DEF by PRANGE,JONATHAN",,,"REBOUND DEF by PRANGE,JONATHAN",1
08:15,,,,,"MISS JUMPER by WALKER,JEFFERSON(in the paint)",,,"MISS JUMPER by WALKER,JEFFERSON(in the paint)",1
--,"REBOUND DEF by DAVIS,BRODY",,,,,,,"REBOUND DEF by DAVIS,BRODY",1
08:13,,,,,"SUB OUT by WALKER,JEFFERSON",,,"SUB OUT by WALKER,JEFFERSON",1
08:13,,,,,"SUB IN by WILLIAMS,ZAVIEN",,,"SUB IN by WILLIAMS,ZAVIEN",1
08:13,"SUB OUT by GREEN,KALEB",,,,,,,"SUB OUT by GREEN,KALEB",1
08:13,"SUB OUT by GILLISPIE,JAY",,,,,,,"SUB OUT by GILLISPIE,JAY",1
08:13,"SUB IN by JACKSON,MARTISE",,,,,,,"SUB IN by JACKSON,MARTISE",1
08:13,"SUB IN by SPENCE,SAMUEL",,,,,,,"SUB IN by SPENCE,SAMUEL",1
08:01,"TURNOVER  by GARRIDO,BRANDAN",,,,,,,"TURNOVER  by GARRIDO,BRANDAN",1
08:01,,,,,"STEAL  by WILEY,KOKI",,,"STEAL  by WILEY,KOKI",1
07:48,"FOUL  by JACKSON,MARTISE",,,,,,,"FOUL  by JACKSON,MARTISE",1
07:48,TIMEOUT MEDIA by TEAM,,,,,,,TIMEOUT MEDIA by TEAM,1
07:48,,,,,"SUB OUT by ESSICK,JALEN",,,"SUB OUT by ESSICK,JALEN",1
07:48,,,,,"SUB OUT by GEORGETOWN II,ARNESS",,,"SUB OUT by GEORGETOWN II,ARNESS",1
07:48,,,,,"SUB IN by DEMPSEY,JACK",,,"SUB IN by DEMPSEY,JACK",1
07:48,,,,,"SUB IN by COOPER,LUKE",,,"SUB IN by COOPER,LUKE",1
07:48,"SUB OUT by GARRIDO,BRANDAN",,,,,,,"SUB OUT by GARRIDO,BRANDAN",1
07:48,"SUB OUT by BISHOP,BRYSON",,,,,,,"SUB OUT by BISHOP,BRYSON",1
07:48,"SUB OUT by DAVIS,BRODY",,,,,,,"SUB OUT by DAVIS,BRODY",1
07:48,"SUB IN by BARNETT,CHARLIE",,,,,,,"SUB IN by BARNETT,CHARLIE",1
07:48,"SUB IN by PATRICK,DYLAN",,,,,,,"SUB IN by PATRICK,DYLAN",1
07:48,"SUB IN by THOMPSON,CHRISTIAN",,,,,,,"SUB IN by THOMPSON,CHRISTIAN",1
07:48,,19,,19,"GOOD FT by WILEY,KOKI",Rhodes 19-19 (0),,"GOOD FT by WILEY,KOKI",1
07:48,,19,,20 (+1),"GOOD FT by WILEY,KOKI",Rhodes 19-20 (+1),,"GOOD FT by WILEY,KOKI",1
07:36,"MISS 3PTR by SPENCE,SAMUEL",,,,,,,"MISS 3PTR by SPENCE,SAMUEL",1
--,"REBOUND OFF by THOMPSON,CHRISTIAN",,,,,,,"REBOUND OFF by THOMPSON,CHRISTIAN",1
07:35,,,,,"FOUL  by WILEY,KOKI",,,"FOUL  by WILEY,KOKI",1
07:35,"GOOD FT by THOMPSON,CHRISTIAN",20,,20,,BSC 20-20 (0),,"GOOD FT by THOMPSON,CHRISTIAN",1
07:35,,,,,"SUB OUT by COOPER,LUKE",,,"SUB OUT by COOPER,LUKE",1
07:35,,,,,"SUB IN by GEORGETOWN II,ARNESS",,,"SUB IN by GEORGETOWN II,ARNESS",1
07:35,"MISS FT by THOMPSON,CHRISTIAN",,,,,,,"MISS FT by THOMPSON,CHRISTIAN",1
--,,,,,"REBOUND DEF by WILLIAMS,ZAVIEN",,,"REBOUND DEF by WILLIAMS,ZAVIEN",1
07:19,,,,,"TURNOVER  by WILLIAMS,ZAVIEN",,,"TURNOVER  by WILLIAMS,ZAVIEN",1
07:19,,,,,"SUB OUT by GEORGETOWN II,ARNESS",,,"SUB OUT by GEORGETOWN II,ARNESS",1
07:19,,,,,"SUB IN by COOPER,LUKE",,,"SUB IN by COOPER,LUKE",1
07:08,"MISS 3PTR by BARNETT,CHARLIE",,,,,,,"MISS 3PTR by BARNETT,CHARLIE",1
--,"REBOUND OFF by JACKSON,MARTISE",,,,,,,"REBOUND OFF by JACKSON,MARTISE",1
07:02,"MISS JUMPER by JACKSON,MARTISE(in the paint)",,,,,,,"MISS JUMPER by JACKSON,MARTISE(in the paint)",1
--,,,,,"REBOUND DEF by PRANGE,JONATHAN",,,"REBOUND DEF by PRANGE,JONATHAN",1
06:37,,,,,"MISS 3PTR by WILEY,KOKI",,,"MISS 3PTR by WILEY,KOKI",1
--,,,,,"REBOUND OFF by DEMPSEY,JACK",,,"REBOUND OFF by DEMPSEY,JACK",1
06:34,"FOUL  by SPENCE,SAMUEL",,,,,,,"FOUL  by SPENCE,SAMUEL",1
06:34,,20,,21 (+1),"GOOD FT by DEMPSEY,JACK",Rhodes 20-21 (+1),,"GOOD FT by DEMPSEY,JACK",1
06:34,,,,,"SUB OUT by COOPER,LUKE",,,"SUB OUT by COOPER,LUKE",1
06:34,,,,,"SUB IN by GEORGETOWN II,ARNESS",,,"SUB IN by GEORGETOWN II,ARNESS",1
06:34,,20,,22 (+2),"GOOD FT by DEMPSEY,JACK",Rhodes 20-22 (+2),,"GOOD FT by DEMPSEY,JACK",1
06:14,"GOOD 3PTR by BARNETT,CHARLIE",23 (+1),,22,,BSC 23-22 (-1),,"GOOD 3PTR by BARNETT,CHARLIE",1
--,"ASSIST  by SPENCE,SAMUEL",,,,,,,"ASSIST  by SPENCE,SAMUEL",1
05:52,,23,,24 (+1),"GOOD LAYUP by GEORGETOWN II,ARNESS(in the paint)",Rhodes 23-24 (+1),,"GOOD LAYUP by GEORGETOWN II,ARNESS(in the paint)",1
--,,,,,"ASSIST  by WILEY,KOKI",,,"ASSIST  by WILEY,KOKI",1
05:47,"GOOD LAYUP by THOMPSON,CHRISTIAN(fastbreak)(in the paint)",25 (+1),,24,,BSC 25-24 (-1),,"GOOD LAYUP by THOMPSON,CHRISTIAN(fastbreak)(in the paint)",1
--,"ASSIST  by PATRICK,DYLAN",,,,,,,"ASSIST  by PATRICK,DYLAN",1
05:47,,,,,"FOUL  by GEORGETOWN II,ARNESS",,,"FOUL  by GEORGETOWN II,ARNESS",1
05:47,,,,,"SUB OUT by GEORGETOWN II,ARNESS",,,"SUB OUT by GEORGETOWN II,ARNESS",1
05:47,,,,,"SUB OUT by PRANGE,JONATHAN",,,"SUB OUT by PRANGE,JONATHAN",1
05:47,,,,,"SUB IN by WALKER,JEFFERSON",,,"SUB IN by WALKER,JEFFERSON",1
05:47,,,,,"SUB IN by COOPER,LUKE",,,"SUB IN by COOPER,LUKE",1
05:47,"MISS FT by THOMPSON,CHRISTIAN(fastbreak)",,,,,,,"MISS FT by THOMPSON,CHRISTIAN(fastbreak)",1
--,,,,,"REBOUND DEF by WILEY,KOKI",,,"REBOUND DEF by WILEY,KOKI",1
05:28,,,,,"TURNOVER  by WILEY,KOKI",,,"TURNOVER  by WILEY,KOKI",1
05:28,"STEAL  by SPENCE,SAMUEL",,,,,,,"STEAL  by SPENCE,SAMUEL",1
05:20,"GOOD 3PTR by SPENCE,SAMUEL",28 (+4),,24,,BSC 28-24 (-4),,"GOOD 3PTR by SPENCE,SAMUEL",1
--,"ASSIST  by PATRICK,DYLAN",,,,,,,"ASSIST  by PATRICK,DYLAN",1
05:19,,,,,TIMEOUT 30SEC by TEAM,,,TIMEOUT 30SEC by TEAM,1
05:19,,,,,"SUB OUT by DEMPSEY,JACK",,,"SUB OUT by DEMPSEY,JACK",1
05:19,,,,,"SUB OUT by WILEY,KOKI",,,"SUB OUT by WILEY,KOKI",1
05:19,,,,,"SUB IN by DOTSON,PHIL",,,"SUB IN by DOTSON,PHIL",1
05:19,,,,,"SUB IN by ESSICK,JALEN",,,"SUB IN by ESSICK,JALEN",1
05:19,"SUB OUT by JACKSON,MARTISE",,,,,,,"SUB OUT by JACKSON,MARTISE",1
05:19,"SUB IN by GREEN,KALEB",,,,,,,"SUB IN by GREEN,KALEB",1
05:06,,,,,"MISS 3PTR by DOTSON,PHIL",,,"MISS 3PTR by DOTSON,PHIL",1
--,,,,,"REBOUND OFF by COOPER,LUKE",,,"REBOUND OFF by COOPER,LUKE",1
05:03,,,,,"MISS LAYUP by COOPER,LUKE(in the paint)",,,"MISS LAYUP by COOPER,LUKE(in the paint)",1
--,,,,,REBOUND OFF by TEAM,,,REBOUND OFF by TEAM,1
04:45,,,,,TURNOVER  by TEAM,,,TURNOVER  by TEAM,1
04:26,"GOOD 3PTR by GREEN,KALEB",31 (+7),,24,,BSC 31-24 (-7),,"GOOD 3PTR by GREEN,KALEB",1
--,"ASSIST  by THOMPSON,CHRISTIAN",,,,,,,"ASSIST  by THOMPSON,CHRISTIAN",1
04:01,,31 (+4),,27,"GOOD 3PTR by DOTSON,PHIL",Rhodes 31-27 (-4),,"GOOD 3PTR by DOTSON,PHIL",1
--,,,,,"ASSIST  by WALKER,JEFFERSON",,,"ASSIST  by WALKER,JEFFERSON",1
03:50,"GOOD 3PTR by BARNETT,CHARLIE",34 (+7),,27,,BSC 34-27 (-7),,"GOOD 3PTR by BARNETT,CHARLIE",1
--,"ASSIST  by PATRICK,DYLAN",,,,,,,"ASSIST  by PATRICK,DYLAN",1
03:35,,,,,"MISS 3PTR by WALKER,JEFFERSON",,,"MISS 3PTR by WALKER,JEFFERSON",1
--,,,,,"REBOUND OFF by ESSICK,JALEN",,,"REBOUND OFF by ESSICK,JALEN",1
03:31,,,,,"MISS LAYUP by ESSICK,JALEN(in the paint)",,,"MISS LAYUP by ESSICK,JALEN(in the paint)",1
03:31,"BLOCK  by THOMPSON,CHRISTIAN",,,,,,,"BLOCK  by THOMPSON,CHRISTIAN",1
--,"REBOUND DEF by PATRICK,DYLAN",,,,,,,"REBOUND DEF by PATRICK,DYLAN",1
03:25,"MISS LAYUP by PATRICK,DYLAN(in the paint)",,,,,,,"MISS LAYUP by PATRICK,DYLAN(in the paint)",1
--,"REBOUND OFF by PATRICK,DYLAN",,,,,,,"REBOUND OFF by PATRICK,DYLAN",1
03:23,,,,,"FOUL  by COOPER,LUKE",,,"FOUL  by COOPER,LUKE",1
03:23,TIMEOUT MEDIA by TEAM,,,,,,,TIMEOUT MEDIA by TEAM,1
03:23,,,,,"SUB OUT by ESSICK,JALEN",,,"SUB OUT by ESSICK,JALEN",1
03:23,,,,,"SUB OUT by WILLIAMS,ZAVIEN",,,"SUB OUT by WILLIAMS,ZAVIEN",1
03:23,,,,,"SUB OUT by COOPER,LUKE",,,"SUB OUT by COOPER,LUKE",1
03:23,,,,,"SUB IN by WHITE,ELIJAH",,,"SUB IN by WHITE,ELIJAH",1
03:23,,,,,"SUB IN by DEMPSEY,JACK",,,"SUB IN by DEMPSEY,JACK",1
03:23,,,,,"SUB IN by GEORGETOWN II,ARNESS",,,"SUB IN by GEORGETOWN II,ARNESS",1
03:23,"SUB OUT by BARNETT,CHARLIE",,,,,,,"SUB OUT by BARNETT,CHARLIE",1
03:23,"SUB OUT by SPENCE,SAMUEL",,,,,,,"SUB OUT by SPENCE,SAMUEL",1
03:23,"SUB OUT by THOMPSON,CHRISTIAN",,,,,,,"SUB OUT by THOMPSON,CHRISTIAN",1
03:23,"SUB IN by GARRIDO,BRANDAN",,,,,,,"SUB IN by GARRIDO,BRANDAN",1
03:23,"SUB IN by BISHOP,BRYSON",,,,,,,"SUB IN by BISHOP,BRYSON",1
03:23,"SUB IN by DAVIS,BRODY",,,,,,,"SUB IN by DAVIS,BRODY",1
03:23,"GOOD FT by PATRICK,DYLAN",35 (+8),,27,,BSC 35-27 (-8),,"GOOD FT by PATRICK,DYLAN",1
03:23,"MISS FT by PATRICK,DYLAN",,,,,,,"MISS FT by PATRICK,DYLAN",1
--,,,,,"REBOUND DEF by DEMPSEY,JACK",,,"REBOUND DEF by DEMPSEY,JACK",1
02:59,,,,,"SUB OUT by DEMPSEY,JACK",,,"SUB OUT by DEMPSEY,JACK",1
02:59,,,,,"SUB IN by ESSICK,JALEN",,,"SUB IN by ESSICK,JALEN",1
02:59,"SUB OUT by PATRICK,DYLAN",,,,,,,"SUB OUT by PATRICK,DYLAN",1
02:59,"SUB IN by JACKSON,MARTISE",,,,,,,"SUB IN by JACKSON,MARTISE",1
02:53,,,,,"TURNOVER  by WALKER,JEFFERSON",,,"TURNOVER  by WALKER,JEFFERSON",1
02:42,"FOUL  by DAVIS,BRODY",,,,,,,"FOUL  by DAVIS,BRODY",1
02:42,"TURNOVER  by DAVIS,BRODY",,,,,,,"TURNOVER  by DAVIS,BRODY",1
02:42,,,,,"SUB OUT by GEORGETOWN II,ARNESS",,,"SUB OUT by GEORGETOWN II,ARNESS",1
02:42,,,,,"SUB IN by WILEY,KOKI",,,"SUB IN by WILEY,KOKI",1
02:33,"FOUL  by GILLISPIE,JAY",,,,,,,"FOUL  by GILLISPIE,JAY",1
02:33,,,,,"SUB OUT by DOTSON,PHIL",,,"SUB OUT by DOTSON,PHIL",1
02:33,"SUB OUT by GARRIDO,BRANDAN",,,,,,,"SUB OUT by GARRIDO,BRANDAN",1
02:33,"SUB IN by GILLISPIE,JAY",,,,,,,"SUB IN by GILLISPIE,JAY",1
02:33,,35 (+7),,28,"GOOD FT by ESSICK,JALEN",Rhodes 35-28 (-7),,"GOOD FT by ESSICK,JALEN",1
02:33,,,,,"SUB IN by WILEY,KOKI",,,"SUB IN by WILEY,KOKI",1
02:31,,35 (+6),,29,"GOOD FT by ESSICK,JALEN",Rhodes 35-29 (-6),,"GOOD FT by ESSICK,JALEN",1
02:24,"FOUL  by BISHOP,BRYSON",,,,,,,"FOUL  by BISHOP,BRYSON",1
02:24,"TURNOVER  by BISHOP,BRYSON",,,,,,,"TURNOVER  by BISHOP,BRYSON",1
01:57,,35 (+4),,31,"GOOD JUMPER by WILEY,KOKI",Rhodes 35-31 (-4),,"GOOD JUMPER by WILEY,KOKI",1
01:33,,,,,"FOUL  by GEORGETOWN II,ARNESS",,,"FOUL  by GEORGETOWN II,ARNESS",1
01:33,,,,,"SUB OUT by GEORGETOWN II,ARNESS",,,"SUB OUT by GEORGETOWN II,ARNESS",1
01:33,,,,,"SUB IN by RAMBERG,CASS",,,"SUB IN by RAMBERG,CASS",1
01:33,"GOOD FT by JACKSON,MARTISE",36 (+5),,31,,BSC 36-31 (-5),,"GOOD FT by JACKSON,MARTISE",1
01:33,"GOOD FT by JACKSON,MARTISE",37 (+6),,31,,BSC 37-31 (-6),,"GOOD FT by JACKSON,MARTISE",1
01:17,,,,,"MISS 3PTR by WALKER,JEFFERSON",,,"MISS 3PTR by WALKER,JEFFERSON",1
--,,,,,"REBOUND OFF by WHITE,ELIJAH",,,"REBOUND OFF by WHITE,ELIJAH",1
01:13,,37 (+4),,33,"GOOD LAYUP by WHITE,ELIJAH(in the paint)",Rhodes 37-33 (-4),,"GOOD LAYUP by WHITE,ELIJAH(in the paint)",1
00:57,"MISS LAYUP by GILLISPIE,JAY(in the paint)",,,,,,,"MISS LAYUP by GILLISPIE,JAY(in the paint)",1
--,,,,,"REBOUND DEF by WALKER,JEFFERSON",,,"REBOUND DEF by WALKER,JEFFERSON",1
00:43,,,,,"MISS 3PTR by WILEY,KOKI",,,"MISS 3PTR by WILEY,KOKI",1
--,"REBOUND DEF by GREEN,KALEB",,,,,,,"REBOUND DEF by GREEN,KALEB",1
00:36,"MISS JUMPER by BISHOP,BRYSON(in the paint)",,,,,,,"MISS JUMPER by BISHOP,BRYSON(in the paint)",1
--,,,,,"REBOUND DEF by WHITE,ELIJAH",,,"REBOUND DEF by WHITE,ELIJAH",1
00:33,,,,,"SUB OUT by ESSICK,JALEN",,,"SUB OUT by ESSICK,JALEN",1
00:33,,,,,"SUB IN by PRANGE,JONATHAN",,,"SUB IN by PRANGE,JONATHAN",1
00:33,"SUB OUT by BISHOP,BRYSON",,,,,,,"SUB OUT by BISHOP,BRYSON",1
00:33,"SUB OUT by DAVIS,BRODY",,,,,,,"SUB OUT by DAVIS,BRODY",1
00:33,"SUB IN by PATRICK,DYLAN",,,,,,,"SUB IN by PATRICK,DYLAN",1
00:33,"SUB IN by THOMPSON,CHRISTIAN",,,,,,,"SUB IN by THOMPSON,CHRISTIAN",1
00:22,,,,,TIMEOUT 30SEC by TEAM,,,TIMEOUT 30SEC by TEAM,1
00:01,,,,,"MISS LAYUP by WILEY,KOKI(in the paint)",,,"MISS LAYUP by WILEY,KOKI(in the paint)",1
--,,,,,"REBOUND OFF by RAMBERG,CASS",,,"REBOUND OFF by RAMBERG,CASS",1
00:01,,37 (+2),,35,"GOOD LAYUP by RAMBERG,CASS(in the paint)",Rhodes 37-35 (-2),,"GOOD LAYUP by RAMBERG,CASS(in the paint)",1
20:00,,,,,"SUB OUT by WHITE,ELIJAH",,,"SUB OUT by WHITE,ELIJAH",2
20:00,,,,,"SUB OUT by PRANGE,JONATHAN",,,"SUB OUT by PRANGE,JONATHAN",2
20:00,,,,,"SUB IN by DOTSON,PHIL",,,"SUB IN by DOTSON,PHIL",2
20:00,,,,,"SUB IN by WILLIAMS,ZAVIEN",,,"SUB IN by WILLIAMS,ZAVIEN",2
20:00,"SUB OUT by PATRICK,DYLAN",,,,,,,"SUB OUT by PATRICK,DYLAN",2
20:00,"SUB OUT by THOMPSON,CHRISTIAN",,,,,,,"SUB OUT by THOMPSON,CHRISTIAN",2
20:00,"SUB IN by BISHOP,BRYSON",,,,,,,"SUB IN by BISHOP,BRYSON",2
20:00,"SUB IN by CHILDERS,JOSH",,,,,,,"SUB IN by CHILDERS,JOSH",2
19:37,,,,,"FOUL  by WILEY,KOKI",,,"FOUL  by WILEY,KOKI",2
19:37,"MISS FT by GILLISPIE,JAY",,,,,,,"MISS FT by GILLISPIE,JAY",2
--,REBOUND DEADB by TEAM,,,,,,,REBOUND DEADB by TEAM,2
19:37,"GOOD FT by GILLISPIE,JAY",38 (+3),,35,,BSC 38-35 (-3),,"GOOD FT by GILLISPIE,JAY",2
19:14,,,,,"MISS 3PTR by WILLIAMS,ZAVIEN",,,"MISS 3PTR by WILLIAMS,ZAVIEN",2
--,"REBOUND DEF by GILLISPIE,JAY",,,,,,,"REBOUND DEF by GILLISPIE,JAY",2
19:07,"MISS 3PTR by BISHOP,BRYSON",,,,,,,"MISS 3PTR by BISHOP,BRYSON",2
--,,,,,"REBOUND DEF by WILLIAMS,ZAVIEN",,,"REBOUND DEF by WILLIAMS,ZAVIEN",2
19:01,,,,,"MISS LAYUP by WALKER,JEFFERSON(in the paint)",,,"MISS LAYUP by WALKER,JEFFERSON(in the paint)",2
19:01,"BLOCK  by GREEN,KALEB",,,,,,,"BLOCK  by GREEN,KALEB",2
--,,,,,"REBOUND OFF by DOTSON,PHIL",,,"REBOUND OFF by DOTSON,PHIL",2
18:57,,,,,"TURNOVER  by DOTSON,PHIL",,,"TURNOVER  by DOTSON,PHIL",2
18:57,"STEAL  by GILLISPIE,JAY",,,,,,,"STEAL  by GILLISPIE,JAY",2
18:57,,,,,"FOUL  by WILEY,KOKI",,,"FOUL  by WILEY,KOKI",2
18:57,,,,,"SUB OUT by WILEY,KOKI",,,"SUB OUT by WILEY,KOKI",2
18:57,,,,,"SUB IN by PRANGE,JONATHAN",,,"SUB IN by PRANGE,JONATHAN",2
18:39,,,,,"FOUL  by WILLIAMS,ZAVIEN",,,"FOUL  by WILLIAMS,ZAVIEN",2
18:39,"MISS FT by GILLISPIE,JAY",,,,,,,"MISS FT by GILLISPIE,JAY",2
--,REBOUND DEADB by TEAM,,,,,,,REBOUND DEADB by TEAM,2
18:39,"MISS FT by GILLISPIE,JAY",,,,,,,"MISS FT by GILLISPIE,JAY",2
--,,,,,"REBOUND DEF by PRANGE,JONATHAN",,,"REBOUND DEF by PRANGE,JONATHAN",2
18:28,,38 (+1),,37,"GOOD LAYUP by DOTSON,PHIL(in the paint)",Rhodes 38-37 (-1),,"GOOD LAYUP by DOTSON,PHIL(in the paint)",2
18:13,"TURNOVER  by CHILDERS,JOSH",,,,,,,"TURNOVER  by CHILDERS,JOSH",2
18:00,,,,,"MISS JUMPER by DOTSON,PHIL(in the paint)",,,"MISS JUMPER by DOTSON,PHIL(in the paint)",2
--,"REBOUND DEF by JACKSON,MARTISE",,,,,,,"REBOUND DEF by JACKSON,MARTISE",2
17:51,"MISS 3PTR by GREEN,KALEB",,,,,,,"MISS 3PTR by GREEN,KALEB",2
--,"REBOUND OFF by GILLISPIE,JAY",,,,,,,"REBOUND OFF by GILLISPIE,JAY",2
17:47,"MISS LAYUP by GILLISPIE,JAY(in the paint)",,,,,,,"MISS LAYUP by GILLISPIE,JAY(in the paint)",2
--,"REBOUND OFF by CHILDERS,JOSH",,,,,,,"REBOUND OFF by CHILDERS,JOSH",2
17:44,"MISS LAYUP by CHILDERS,JOSH(in the paint)",,,,,,,"MISS LAYUP by CHILDERS,JOSH(in the paint)",2
--,REBOUND OFF by TEAM,,,,,,,REBOUND OFF by TEAM,2
17:38,"MISS LAYUP by GREEN,KALEB(in the paint)",,,,,,,"MISS LAYUP by GREEN,KALEB(in the paint)",2
--,,,,,"REBOUND DEF by PRANGE,JONATHAN",,,"REBOUND DEF by PRANGE,JONATHAN",2
17:31,,,,,"MISS LAYUP by PRANGE,JONATHAN(in the paint)",,,"MISS LAYUP by PRANGE,JONATHAN(in the paint)",2
--,"REBOUND DEF by GILLISPIE,JAY",,,,,,,"REBOUND DEF by GILLISPIE,JAY",2
17:22,,,,,"FOUL  by PRANGE,JONATHAN",,,"FOUL  by PRANGE,JONATHAN",2
17:11,"GOOD JUMPER by GILLISPIE,JAY(in the paint)",40 (+3),,37,,BSC 40-37 (-3),,"GOOD JUMPER by GILLISPIE,JAY(in the paint)",2
16:57,,,,,"TURNOVER  by PRANGE,JONATHAN",,,"TURNOVER  by PRANGE,JONATHAN",2
16:57,"STEAL  by GILLISPIE,JAY",,,,,,,"STEAL  by GILLISPIE,JAY",2
16:50,"GOOD JUMPER by BISHOP,BRYSON(fastbreak)(in the paint)",42 (+5),,37,,BSC 42-37 (-5),,"GOOD JUMPER by BISHOP,BRYSON(fastbreak)(in the paint)",2
--,"ASSIST  by GILLISPIE,JAY",,,,,,,"ASSIST  by GILLISPIE,JAY",2
16:29,"FOUL  by JACKSON,MARTISE",,,,,,,"FOUL  by JACKSON,MARTISE",2
16:29,,,,,"SUB OUT by PRANGE,JONATHAN",,,"SUB OUT by PRANGE,JONATHAN",2
16:29,,,,,"SUB IN by DEMPSEY,JACK",,,"SUB IN by DEMPSEY,JACK",2
16:29,"SUB OUT by GREEN,KALEB",,,,,,,"SUB OUT by GREEN,KALEB",2
16:29,"SUB IN by PATRICK,DYLAN",,,,,,,"SUB IN by PATRICK,DYLAN",2
16:17,,,,,"MISS JUMPER by RAMBERG,CASS",,,"MISS JUMPER by RAMBERG,CASS",2
--,,,,,"REBOUND OFF by DEMPSEY,JACK",,,"REBOUND OFF by DEMPSEY,JACK",2
16:10,,42 (+2),,40,"GOOD 3PTR by WILLIAMS,ZAVIEN",Rhodes 42-40 (-2),,"GOOD 3PTR by WILLIAMS,ZAVIEN",2
--,,,,,"ASSIST  by WALKER,JEFFERSON",,,"ASSIST  by WALKER,JEFFERSON",2
15:56,,,,,"FOUL  by DEMPSEY,JACK",,,"FOUL  by DEMPSEY,JACK",2
15:56,TIMEOUT MEDIA by TEAM,,,,,,,TIMEOUT MEDIA by TEAM,2
15:56,,,,,"SUB OUT by RAMBERG,CASS",,,"SUB OUT by RAMBERG,CASS",2
15:56,,,,,"SUB IN by GEORGETOWN II,ARNESS",,,"SUB IN by GEORGETOWN II,ARNESS",2
15:49,"TURNOVER  by GILLISPIE,JAY",,,,,,,"TURNOVER  by GILLISPIE,JAY",2
15:27,,42,,42,"GOOD LAYUP by DEMPSEY,JACK(in the paint)",Rhodes 42-42 (0),,"GOOD LAYUP by DEMPSEY,JACK(in the paint)",2
--,,,,,"ASSIST  by GEORGETOWN II,ARNESS",,,"ASSIST  by GEORGETOWN II,ARNESS",2
15:19,,,,,"FOUL  by GEORGETOWN II,ARNESS",,,"FOUL  by GEORGETOWN II,ARNESS",2
15:19,,,,,"SUB OUT by GEORGETOWN II,ARNESS",,,"SUB OUT by GEORGETOWN II,ARNESS",2
15:19,,,,,"SUB IN by RAMBERG,CASS",,,"SUB IN by RAMBERG,CASS",2
15:19,"SUB OUT by GILLISPIE,JAY",,,,,,,"SUB OUT by GILLISPIE,JAY",2
15:19,"SUB IN by SPENCE,SAMUEL",,,,,,,"SUB IN by SPENCE,SAMUEL",2
15:08,"GOOD JUMPER by CHILDERS,JOSH",44 (+2),,42,,BSC 44-42 (-2),,"GOOD JUMPER by CHILDERS,JOSH",2
--,"ASSIST  by SPENCE,SAMUEL",,,,,,,"ASSIST  by SPENCE,SAMUEL",2
14:46,,44,,44,"GOOD JUMPER by DOTSON,PHIL(in the paint)",Rhodes 44-44 (0),,"GOOD JUMPER by DOTSON,PHIL(in the paint)",2
14:29,"GOOD LAYUP by CHILDERS,JOSH(in the paint)",46 (+2),,44,,BSC 46-44 (-2),,"GOOD LAYUP by CHILDERS,JOSH(in the paint)",2
--,"ASSIST  by BISHOP,BRYSON",,,,,,,"ASSIST  by BISHOP,BRYSON",2
14:10,,46,,46,"GOOD JUMPER by WALKER,JEFFERSON",Rhodes 46-46 (0),,"GOOD JUMPER by WALKER,JEFFERSON",2
13:40,"GOOD 3PTR by SPENCE,SAMUEL",49 (+3),,46,,BSC 49-46 (-3),,"GOOD 3PTR by SPENCE,SAMUEL",2
--,"ASSIST  by BISHOP,BRYSON",,,,,,,"ASSIST  by BISHOP,BRYSON",2
13:23,"FOUL  by PATRICK,DYLAN",,,,,,,"FOUL  by PATRICK,DYLAN",2
13:23,,49 (+2),,47,"GOOD FT by WALKER,JEFFERSON",Rhodes 49-47 (-2),,"GOOD FT by WALKER,JEFFERSON",2
13:23,,,,,"SUB OUT by DOTSON,PHIL",,,"SUB OUT by DOTSON,PHIL",2
13:23,,,,,"SUB IN by WILEY,KOKI",,,"SUB IN by WILEY,KOKI",2
13:23,"SUB OUT by JACKSON,MARTISE",,,,,,,"SUB OUT by JACKSON,MARTISE",2
13:23,"SUB OUT by BISHOP,BRYSON",,,,,,,"SUB OUT by BISHOP,BRYSON",2
13:23,"SUB IN by BARNETT,CHARLIE",,,,,,,"SUB IN by BARNETT,CHARLIE",2
13:23,"SUB IN by GREEN,KALEB",,,,,,,"SUB IN by GREEN,KALEB",2
13:23,,49 (+1),,48,"GOOD FT by WALKER,JEFFERSON",Rhodes 49-48 (-1),,"GOOD FT by WALKER,JEFFERSON",2
13:23,,,,,"SUB OUT by WALKER,JEFFERSON",,,"SUB OUT by WALKER,JEFFERSON",2
13:23,,,,,"SUB IN by WHITE,ELIJAH",,,"SUB IN by WHITE,ELIJAH",2
13:02,"MISS JUMPER by GREEN,KALEB(in the paint)",,,,,,,"MISS JUMPER by GREEN,KALEB(in the paint)",2
--,,,,,"REBOUND DEF by RAMBERG,CASS",,,"REBOUND DEF by RAMBERG,CASS",2
12:57,,,,,"TURNOVER  by RAMBERG,CASS",,,"TURNOVER  by RAMBERG,CASS",2
12:57,"STEAL  by PATRICK,DYLAN",,,,,,,"STEAL  by PATRICK,DYLAN",2
12:55,,,,,"FOUL  by DEMPSEY,JACK",,,"FOUL  by DEMPSEY,JACK",2
12:55,"MISS FT by PATRICK,DYLAN(fastbreak)",,,,,,,"MISS FT by PATRICK,DYLAN(fastbreak)",2
--,REBOUND DEADB by TEAM,,,,,,,REBOUND DEADB by TEAM,2
12:55,,,,,"SUB OUT by DEMPSEY,JACK",,,"SUB OUT by DEMPSEY,JACK",2
12:55,,,,,"SUB OUT by WILLIAMS,ZAVIEN",,,"SUB OUT by WILLIAMS,ZAVIEN",2
12:55,,,,,"SUB IN by WALKER,JEFFERSON",,,"SUB IN by WALKER,JEFFERSON",2
12:55,,,,,"SUB IN by DOTSON,PHIL",,,"SUB IN by DOTSON,PHIL",2
12:55,"GOOD FT by PATRICK,DYLAN(fastbreak)",50 (+2),,48,,BSC 50-48 (-2),,"GOOD FT by PATRICK,DYLAN(fastbreak)",2
12:38,"FOUL  by CHILDERS,JOSH",,,,,,,"FOUL  by CHILDERS,JOSH",2
12:38,,,,,"MISS FT by RAMBERG,CASS",,,"MISS FT by RAMBERG,CASS",2
--,,,,,REBOUND DEADB by TEAM,,,REBOUND DEADB by TEAM,2
12:38,"SUB OUT by CHILDERS,JOSH",,,,,,,"SUB OUT by CHILDERS,JOSH",2
12:38,"SUB IN by DAVIS,BRODY",,,,,,,"SUB IN by DAVIS,BRODY",2
12:38,,50 (+1),,49,"GOOD FT by RAMBERG,CASS",Rhodes 50-49 (-1),,"GOOD FT by RAMBERG,CASS",2
12:26,"MISS LAYUP by PATRICK,DYLAN(in the paint)",,,,,,,"MISS LAYUP by PATRICK,DYLAN(in the paint)",2
12:26,,,,,"BLOCK  by WALKER,JEFFERSON",,,"BLOCK  by WALKER,JEFFERSON",2
--,"REBOUND OFF by PATRICK,DYLAN",,,,,,,"REBOUND OFF by PATRICK,DYLAN",2
12:23,,,,,"FOUL  by RAMBERG,CASS",,,"FOUL  by RAMBERG,CASS",2
12:23,"MISS FT by PATRICK,DYLAN",,,,,,,"MISS FT by PATRICK,DYLAN",2
--,,,,,"REBOUND DEF by WILEY,KOKI",,,"REBOUND DEF by WILEY,KOKI",2
12:17,"FOUL  by DAVIS,BRODY",,,,,,,"FOUL  by DAVIS,BRODY",2
12:17,,50,,50,"GOOD FT by WILEY,KOKI(fastbreak)",Rhodes 50-50 (0),,"GOOD FT by WILEY,KOKI(fastbreak)",2
12:17,,50,,51 (+1),"GOOD FT by WILEY,KOKI(fastbreak)",Rhodes 50-51 (+1),,"GOOD FT by WILEY,KOKI(fastbreak)",2
12:02,"MISS JUMPER by PATRICK,DYLAN(in the paint)",,,,,,,"MISS JUMPER by PATRICK,DYLAN(in the paint)",2
--,,,,,"REBOUND DEF by RAMBERG,CASS",,,"REBOUND DEF by RAMBERG,CASS",2
11:47,"FOUL  by DAVIS,BRODY",,,,,,,"FOUL  by DAVIS,BRODY",2
11:47,TIMEOUT MEDIA by TEAM,,,,,,,TIMEOUT MEDIA by TEAM,2
11:47,,,,,"SUB OUT by WILEY,KOKI",,,"SUB OUT by WILEY,KOKI",2
11:47,,,,,"SUB IN by WILLIAMS,ZAVIEN",,,"SUB IN by WILLIAMS,ZAVIEN",2
11:47,"SUB OUT by BARNETT,CHARLIE",,,,,,,"SUB OUT by BARNETT,CHARLIE",2
11:47,"SUB OUT by GREEN,KALEB",,,,,,,"SUB OUT by GREEN,KALEB",2
11:47,"SUB OUT by SPENCE,SAMUEL",,,,,,,"SUB OUT by SPENCE,SAMUEL",2
11:47,"SUB OUT by PATRICK,DYLAN",,,,,,,"SUB OUT by PATRICK,DYLAN",2
11:47,"SUB OUT by DAVIS,BRODY",,,,,,,"SUB OUT by DAVIS,BRODY",2
11:47,"SUB IN by GARRIDO,BRANDAN",,,,,,,"SUB IN by GARRIDO,BRANDAN",2
11:47,"SUB IN by JACKSON,MARTISE",,,,,,,"SUB IN by JACKSON,MARTISE",2
11:47,"SUB IN by GILLISPIE,JAY",,,,,,,"SUB IN by GILLISPIE,JAY",2
11:47,"SUB IN by THOMPSON,CHRISTIAN",,,,,,,"SUB IN by THOMPSON,CHRISTIAN",2
11:47,"SUB IN by BISHOP,BRYSON",,,,,,,"SUB IN by BISHOP,BRYSON",2
11:47,,50,,52 (+2),"GOOD FT by RAMBERG,CASS",Rhodes 50-52 (+2),,"GOOD FT by RAMBERG,CASS",2
11:47,,50,,53 (+3),"GOOD FT by RAMBERG,CASS",Rhodes 50-53 (+3),,"GOOD FT by RAMBERG,CASS",2
11:38,,,,,"FOUL  by WHITE,ELIJAH",,,"FOUL  by WHITE,ELIJAH",2
11:37,"MISS FT by GILLISPIE,JAY",,,,,,,"MISS FT by GILLISPIE,JAY",2
--,REBOUND DEADB by TEAM,,,,,,,REBOUND DEADB by TEAM,2
11:33,,,,,"SUB OUT by WHITE,ELIJAH",,,"SUB OUT by WHITE,ELIJAH",2
11:33,,,,,"SUB IN by WILEY,KOKI",,,"SUB IN by WILEY,KOKI",2
11:19,"GOOD JUMPER by THOMPSON,CHRISTIAN",52,,53 (+1),,BSC 52-53 (+1),,"GOOD JUMPER by THOMPSON,CHRISTIAN",2
10:53,,52,,55 (+3),"GOOD JUMPER by DOTSON,PHIL",Rhodes 52-55 (+3),,"GOOD JUMPER by DOTSON,PHIL",2
10:37,,,,,"FOUL  by RAMBERG,CASS",,,"FOUL  by RAMBERG,CASS",2
10:37,"GOOD FT by THOMPSON,CHRISTIAN",53,,55 (+2),,BSC 53-55 (+2),,"GOOD FT by THOMPSON,CHRISTIAN",2
10:37,,,,,"SUB OUT by RAMBERG,CASS",,,"SUB OUT by RAMBERG,CASS",2
10:37,,,,,"SUB IN by GEORGETOWN II,ARNESS",,,"SUB IN by GEORGETOWN II,ARNESS",2
10:37,"GOOD FT by THOMPSON,CHRISTIAN",54,,55 (+1),,BSC 54-55 (+1),,"GOOD FT by THOMPSON,CHRISTIAN",2
10:27,"FOUL  by GARRIDO,BRANDAN",,,,,,,"FOUL  by GARRIDO,BRANDAN",2
10:09,"FOUL  by THOMPSON,CHRISTIAN",,,,,,,"FOUL  by THOMPSON,CHRISTIAN",2
10:09,,54,,56 (+2),"GOOD FT by DOTSON,PHIL",Rhodes 54-56 (+2),,"GOOD FT by DOTSON,PHIL",2
10:09,,54,,57 (+3),"GOOD FT by DOTSON,PHIL",Rhodes 54-57 (+3),,"GOOD FT by DOTSON,PHIL",2
09:56,"MISS LAYUP by THOMPSON,CHRISTIAN(in the paint)",,,,,,,"MISS LAYUP by THOMPSON,CHRISTIAN(in the paint)",2
--,,,,,"REBOUND DEF by WILEY,KOKI",,,"REBOUND DEF by WILEY,KOKI",2
09:54,"FOUL  by THOMPSON,CHRISTIAN",,,,,,,"FOUL  by THOMPSON,CHRISTIAN",2
09:54,,54,,58 (+4),"GOOD FT by WILEY,KOKI(fastbreak)",Rhodes 54-58 (+4),,"GOOD FT by WILEY,KOKI(fastbreak)",2
09:54,,54,,59 (+5),"GOOD FT by WILEY,KOKI(fastbreak)",Rhodes 54-59 (+5),,"GOOD FT by WILEY,KOKI(fastbreak)",2
09:54,,,,,"SUB OUT by GEORGETOWN II,ARNESS",,,"SUB OUT by GEORGETOWN II,ARNESS",2
09:54,,,,,"SUB IN by DEMPSEY,JACK",,,"SUB IN by DEMPSEY,JACK",2
09:38,"MISS 3PTR by BISHOP,BRYSON",,,,,,,"MISS 3PTR by BISHOP,BRYSON",2
--,,,,,"REBOUND DEF by WILEY,KOKI",,,"REBOUND DEF by WILEY,KOKI",2
09:31,,,,,"TURNOVER  by DOTSON,PHIL",,,"TURNOVER  by DOTSON,PHIL",2
09:31,"STEAL  by GARRIDO,BRANDAN",,,,,,,"STEAL  by GARRIDO,BRANDAN",2
09:19,"GOOD LAYUP by BISHOP,BRYSON(in the paint)",56,,59 (+3),,BSC 56-59 (+3),,"GOOD LAYUP by BISHOP,BRYSON(in the paint)",2
--,"ASSIST  by GARRIDO,BRANDAN",,,,,,,"ASSIST  by GARRIDO,BRANDAN",2
09:00,,,,,"MISS JUMPER by DOTSON,PHIL",,,"MISS JUMPER by DOTSON,PHIL",2
--,"REBOUND DEF by JACKSON,MARTISE",,,,,,,"REBOUND DEF by JACKSON,MARTISE",2
08:53,"GOOD LAYUP by GILLISPIE,JAY(fastbreak)(in the paint)",58,,59 (+1),,BSC 58-59 (+1),,"GOOD LAYUP by GILLISPIE,JAY(fastbreak)(in the paint)",2
--,"ASSIST  by JACKSON,MARTISE",,,,,,,"ASSIST  by JACKSON,MARTISE",2
08:29,,,,,"TURNOVER  by DOTSON,PHIL",,,"TURNOVER  by DOTSON,PHIL",2
08:29,,,,,"SUB OUT by DOTSON,PHIL",,,"SUB OUT by DOTSON,PHIL",2
08:29,,,,,"SUB IN by PRANGE,JONATHAN",,,"SUB IN by PRANGE,JONATHAN",2
08:29,"SUB OUT by GARRIDO,BRANDAN",,,,,,,"SUB OUT by GARRIDO,BRANDAN",2
08:29,"SUB OUT by JACKSON,MARTISE",,,,,,,"SUB OUT by JACKSON,MARTISE",2
08:29,"SUB IN by GREEN,KALEB",,,,,,,"SUB IN by GREEN,KALEB",2
08:29,"SUB IN by PATRICK,DYLAN",,,,,,,"SUB IN by PATRICK,DYLAN",2
08:09,"GOOD JUMPER by PATRICK,DYLAN(in the paint)",60 (+1),,59,,BSC 60-59 (-1),,"GOOD JUMPER by PATRICK,DYLAN(in the paint)",2
07:48,,,,,"TURNOVER  by WILEY,KOKI",,,"TURNOVER  by WILEY,KOKI",2
07:48,"STEAL  by GREEN,KALEB",,,,,,,"STEAL  by GREEN,KALEB",2
07:44,"MISS LAYUP by GREEN,KALEB(in the paint)",,,,,,,"MISS LAYUP by GREEN,KALEB(in the paint)",2
07:44,,,,,"BLOCK  by WILEY,KOKI",,,"BLOCK  by WILEY,KOKI",2
--,,,,,REBOUND DEADB by TEAM,,,REBOUND DEADB by TEAM,2
07:42,"FOUL  by THOMPSON,CHRISTIAN",,,,,,,"FOUL  by THOMPSON,CHRISTIAN",2
07:42,TIMEOUT MEDIA by TEAM,,,,,,,TIMEOUT MEDIA by TEAM,2
07:42,,,,,"SUB OUT by DEMPSEY,JACK",,,"SUB OUT by DEMPSEY,JACK",2
07:42,,,,,"SUB OUT by WILLIAMS,ZAVIEN",,,"SUB OUT by WILLIAMS,ZAVIEN",2
07:42,,,,,"SUB OUT by PRANGE,JONATHAN",,,"SUB OUT by PRANGE,JONATHAN",2
07:42,,,,,"SUB IN by WHITE,ELIJAH",,,"SUB IN by WHITE,ELIJAH",2
07:42,,,,,"SUB IN by DOTSON,PHIL",,,"SUB IN by DOTSON,PHIL",2
07:42,,,,,"SUB IN by GEORGETOWN II,ARNESS",,,"SUB IN by GEORGETOWN II,ARNESS",2
07:42,"SUB OUT by THOMPSON,CHRISTIAN",,,,,,,"SUB OUT by THOMPSON,CHRISTIAN",2
07:42,"SUB OUT by BISHOP,BRYSON",,,,,,,"SUB OUT by BISHOP,BRYSON",2
07:42,"SUB IN by BARNETT,CHARLIE",,,,,,,"SUB IN by BARNETT,CHARLIE",2
07:42,"SUB IN by CHILDERS,JOSH",,,,,,,"SUB IN by CHILDERS,JOSH",2
07:42,,60,,60,"GOOD FT by WILEY,KOKI(fastbreak)",Rhodes 60-60 (0),,"GOOD FT by WILEY,KOKI(fastbreak)",2
07:42,,60,,61 (+1),"GOOD FT by WILEY,KOKI(fastbreak)",Rhodes 60-61 (+1),,"GOOD FT by WILEY,KOKI(fastbreak)",2
07:28,"MISS LAYUP by PATRICK,DYLAN(in the paint)",,,,,,,"MISS LAYUP by PATRICK,DYLAN(in the paint)",2
--,"REBOUND OFF by PATRICK,DYLAN",,,,,,,"REBOUND OFF by PATRICK,DYLAN",2
07:25,"MISS LAYUP by PATRICK,DYLAN(in the paint)",,,,,,,"MISS LAYUP by PATRICK,DYLAN(in the paint)",2
--,"REBOUND OFF by CHILDERS,JOSH",,,,,,,"REBOUND OFF by CHILDERS,JOSH",2
07:24,"GOOD LAYUP by CHILDERS,JOSH(in the paint)",62 (+1),,61,,BSC 62-61 (-1),,"GOOD LAYUP by CHILDERS,JOSH(in the paint)",2
07:01,,,,,"MISS 3PTR by DOTSON,PHIL",,,"MISS 3PTR by DOTSON,PHIL",2
--,,,,,"REBOUND OFF by GEORGETOWN II,ARNESS",,,"REBOUND OFF by GEORGETOWN II,ARNESS",2
06:58,,62,,63 (+1),"GOOD JUMPER by DOTSON,PHIL(in the paint)",Rhodes 62-63 (+1),,"GOOD JUMPER by DOTSON,PHIL(in the paint)",2
--,,,,,"ASSIST  by GEORGETOWN II,ARNESS",,,"ASSIST  by GEORGETOWN II,ARNESS",2
06:50,"MISS 3PTR by GREEN,KALEB",,,,,,,"MISS 3PTR by GREEN,KALEB",2
--,"REBOUND OFF by PATRICK,DYLAN",,,,,,,"REBOUND OFF by PATRICK,DYLAN",2
06:45,"TURNOVER  by PATRICK,DYLAN",,,,,,,"TURNOVER  by PATRICK,DYLAN",2
06:22,,62,,65 (+3),"GOOD JUMPER by WILEY,KOKI",Rhodes 62-65 (+3),,"GOOD JUMPER by WILEY,KOKI",2
06:04,"GOOD 3PTR by BARNETT,CHARLIE",65,,65,,BSC 65-65 (0),,"GOOD 3PTR by BARNETT,CHARLIE",2
--,"ASSIST  by CHILDERS,JOSH",,,,,,,"ASSIST  by CHILDERS,JOSH",2
05:56,"FOUL  by PATRICK,DYLAN",,,,,,,"FOUL  by PATRICK,DYLAN",2
05:56,,,,,"MISS FT by WHITE,ELIJAH(fastbreak)",,,"MISS FT by WHITE,ELIJAH(fastbreak)",2
--,,,,,REBOUND DEADB by TEAM,,,REBOUND DEADB by TEAM,2
05:56,"SUB OUT by GREEN,KALEB",,,,,,,"SUB OUT by GREEN,KALEB",2
05:56,"SUB OUT by GILLISPIE,JAY",,,,,,,"SUB OUT by GILLISPIE,JAY",2
05:56,"SUB IN by JACKSON,MARTISE",,,,,,,"SUB IN by JACKSON,MARTISE",2
05:56,"SUB IN by SPENCE,SAMUEL",,,,,,,"SUB IN by SPENCE,SAMUEL",2
05:56,,,,,"MISS FT by WHITE,ELIJAH(fastbreak)",,,"MISS FT by WHITE,ELIJAH(fastbreak)",2
--,"REBOUND DEF by SPENCE,SAMUEL",,,,,,,"REBOUND DEF by SPENCE,SAMUEL",2
05:44,"MISS LAYUP by PATRICK,DYLAN(in the paint)",,,,,,,"MISS LAYUP by PATRICK,DYLAN(in the paint)",2
--,,,,,"REBOUND DEF by WALKER,JEFFERSON",,,"REBOUND DEF by WALKER,JEFFERSON",2
05:34,,,,,"MISS 3PTR by DOTSON,PHIL",,,"MISS 3PTR by DOTSON,PHIL",2
--,REBOUND DEADB by TEAM,,,,,,,REBOUND DEADB by TEAM,2
05:32,,,,,"FOUL  by WHITE,ELIJAH",,,"FOUL  by WHITE,ELIJAH",2
05:32,"GOOD FT by SPENCE,SAMUEL(fastbreak)",66 (+1),,65,,BSC 66-65 (-1),,"GOOD FT by SPENCE,SAMUEL(fastbreak)",2
05:32,,,,,"SUB OUT by WHITE,ELIJAH",,,"SUB OUT by WHITE,ELIJAH",2
05:32,,,,,"SUB IN by WILLIAMS,ZAVIEN",,,"SUB IN by WILLIAMS,ZAVIEN",2
05:32,"GOOD FT by SPENCE,SAMUEL(fastbreak)",67 (+2),,65,,BSC 67-65 (-2),,"GOOD FT by SPENCE,SAMUEL(fastbreak)",2
05:13,,,,,"MISS JUMPER by GEORGETOWN II,ARNESS(in the paint)",,,"MISS JUMPER by GEORGETOWN II,ARNESS(in the paint)",2
--,"REBOUND DEF by JACKSON,MARTISE",,,,,,,"REBOUND DEF by JACKSON,MARTISE",2
05:06,"TURNOVER  by JACKSON,MARTISE",,,,,,,"TURNOVER  by JACKSON,MARTISE",2
05:06,,,,,"STEAL  by WILEY,KOKI",,,"STEAL  by WILEY,KOKI",2
05:01,"FOUL  by SPENCE,SAMUEL",,,,,,,"FOUL  by SPENCE,SAMUEL",2
05:01,,67 (+1),,66,"GOOD FT by DOTSON,PHIL(fastbreak)",Rhodes 67-66 (-1),,"GOOD FT by DOTSON,PHIL(fastbreak)",2
05:01,,,,,"MISS FT by DOTSON,PHIL(fastbreak)",,,"MISS FT by DOTSON,PHIL(fastbreak)",2
--,"REBOUND DEF by SPENCE,SAMUEL",,,,,,,"REBOUND DEF by SPENCE,SAMUEL",2
04:44,"TURNOVER  by BARNETT,CHARLIE",,,,,,,"TURNOVER  by BARNETT,CHARLIE",2
04:30,,,,,"MISS LAYUP by DOTSON,PHIL(in the paint)",,,"MISS LAYUP by DOTSON,PHIL(in the paint)",2
--,"REBOUND DEF by JACKSON,MARTISE",,,,,,,"REBOUND DEF by JACKSON,MARTISE",2
04:22,"MISS 3PTR by BARNETT,CHARLIE",,,,,,,"MISS 3PTR by BARNETT,CHARLIE",2
--,,,,,"REBOUND DEF by WILLIAMS,ZAVIEN",,,"REBOUND DEF by WILLIAMS,ZAVIEN",2
04:16,,67,,68 (+1),"GOOD JUMPER by WILLIAMS,ZAVIEN(fastbreak)(in the paint)",Rhodes 67-68 (+1),,"GOOD JUMPER by WILLIAMS,ZAVIEN(fastbreak)(in the paint)",2
04:05,"GOOD JUMPER by CHILDERS,JOSH(in the paint)",69 (+1),,68,,BSC 69-68 (-1),,"GOOD JUMPER by CHILDERS,JOSH(in the paint)",2
--,"ASSIST  by JACKSON,MARTISE",,,,,,,"ASSIST  by JACKSON,MARTISE",2
03:45,,,,,"TURNOVER  by GEORGETOWN II,ARNESS",,,"TURNOVER  by GEORGETOWN II,ARNESS",2
03:45,"STEAL  by PATRICK,DYLAN",,,,,,,"STEAL  by PATRICK,DYLAN",2
03:41,"MISS LAYUP by PATRICK,DYLAN(in the paint)",,,,,,,"MISS LAYUP by PATRICK,DYLAN(in the paint)",2
--,"REBOUND OFF by CHILDERS,JOSH",,,,,,,"REBOUND OFF by CHILDERS,JOSH",2
03:36,"GOOD LAYUP by CHILDERS,JOSH(in the paint)",71 (+3),,68,,BSC 71-68 (-3),,"GOOD LAYUP by CHILDERS,JOSH(in the paint)",2
03:21,,71,,71,"GOOD 3PTR by WILEY,KOKI",Rhodes 71-71 (0),,"GOOD 3PTR by WILEY,KOKI",2
--,,,,,"ASSIST  by WALKER,JEFFERSON",,,"ASSIST  by WALKER,JEFFERSON",2
03:19,,,,,TIMEOUT 30SEC by TEAM,,,TIMEOUT 30SEC by TEAM,2
03:19,TIMEOUT MEDIA by TEAM,,,,,,,TIMEOUT MEDIA by TEAM,2
03:19,,,,,"SUB OUT by GEORGETOWN II,ARNESS",,,"SUB OUT by GEORGETOWN II,ARNESS",2
03:19,,,,,"SUB IN by RAMBERG,CASS",,,"SUB IN by RAMBERG,CASS",2
03:19,"SUB OUT by BARNETT,CHARLIE",,,,,,,"SUB OUT by BARNETT,CHARLIE",2
03:19,"SUB OUT by SPENCE,SAMUEL",,,,,,,"SUB OUT by SPENCE,SAMUEL",2
03:19,"SUB OUT by PATRICK,DYLAN",,,,,,,"SUB OUT by PATRICK,DYLAN",2
03:19,"SUB IN by GREEN,KALEB",,,,,,,"SUB IN by GREEN,KALEB",2
03:19,"SUB IN by GILLISPIE,JAY",,,,,,,"SUB IN by GILLISPIE,JAY",2
03:19,"SUB IN by BISHOP,BRYSON",,,,,,,"SUB IN by BISHOP,BRYSON",2
03:11,"TURNOVER  by CHILDERS,JOSH",,,,,,,"TURNOVER  by CHILDERS,JOSH",2
03:11,,,,,"STEAL  by WALKER,JEFFERSON",,,"STEAL  by WALKER,JEFFERSON",2
02:57,,,,,"MISS LAYUP by WALKER,JEFFERSON(in the paint)",,,"MISS LAYUP by WALKER,JEFFERSON(in the paint)",2
--,,,,,"REBOUND OFF by RAMBERG,CASS",,,"REBOUND OFF by RAMBERG,CASS",2
02:53,"FOUL  by CHILDERS,JOSH",,,,,,,"FOUL  by CHILDERS,JOSH",2
02:53,"SUB OUT by CHILDERS,JOSH",,,,,,,"SUB OUT by CHILDERS,JOSH",2
02:53,"SUB IN by THOMPSON,CHRISTIAN",,,,,,,"SUB IN by THOMPSON,CHRISTIAN",2
02:53,TIMEOUT MEDIA by TEAM,,,,,,,TIMEOUT MEDIA by TEAM,2
02:53,,,,,"MISS FT by RAMBERG,CASS",,,"MISS FT by RAMBERG,CASS",2
--,,,,,REBOUND DEADB by TEAM,,,REBOUND DEADB by TEAM,2
02:53,,71,,72 (+1),"GOOD FT by RAMBERG,CASS",Rhodes 71-72 (+1),,"GOOD FT by RAMBERG,CASS",2
02:33,"TURNOVER  by THOMPSON,CHRISTIAN",,,,,,,"TURNOVER  by THOMPSON,CHRISTIAN",2
02:33,,,,,"STEAL  by WILEY,KOKI",,,"STEAL  by WILEY,KOKI",2
02:09,,,,,"MISS LAYUP by WALKER,JEFFERSON(in the paint)",,,"MISS LAYUP by WALKER,JEFFERSON(in the paint)",2
02:09,"BLOCK  by THOMPSON,CHRISTIAN",,,,,,,"BLOCK  by THOMPSON,CHRISTIAN",2
--,"REBOUND DEF by THOMPSON,CHRISTIAN",,,,,,,"REBOUND DEF by THOMPSON,CHRISTIAN",2
02:02,"MISS 3PTR by BISHOP,BRYSON",,,,,,,"MISS 3PTR by BISHOP,BRYSON",2
--,"REBOUND OFF by JACKSON,MARTISE",,,,,,,"REBOUND OFF by JACKSON,MARTISE",2
01:56,"TURNOVER  by JACKSON,MARTISE",,,,,,,"TURNOVER  by JACKSON,MARTISE",2
01:56,,,,,"STEAL  by WALKER,JEFFERSON",,,"STEAL  by WALKER,JEFFERSON",2
01:54,"FOUL  by GREEN,KALEB",,,,,,,"FOUL  by GREEN,KALEB",2
01:54,"FOUL TECH by GREEN,KALEB",,,,,,,"FOUL TECH by GREEN,KALEB",2
01:54,,71,,73 (+2),"GOOD FT by WILEY,KOKI(fastbreak)",Rhodes 71-73 (+2),,"GOOD FT by WILEY,KOKI(fastbreak)",2
01:54,,71,,74 (+3),"GOOD FT by WILEY,KOKI(fastbreak)",Rhodes 71-74 (+3),,"GOOD FT by WILEY,KOKI(fastbreak)",2
01:54,,71,,75 (+4),"GOOD FT by WALKER,JEFFERSON",Rhodes 71-75 (+4),,"GOOD FT by WALKER,JEFFERSON",2
01:54,,,,,"MISS FT by WALKER,JEFFERSON",,,"MISS FT by WALKER,JEFFERSON",2
--,"REBOUND DEF by GILLISPIE,JAY",,,,,,,"REBOUND DEF by GILLISPIE,JAY",2
01:45,,,,,"FOUL  by WILLIAMS,ZAVIEN",,,"FOUL  by WILLIAMS,ZAVIEN",2
01:45,,,,,"SUB OUT by WILLIAMS,ZAVIEN",,,"SUB OUT by WILLIAMS,ZAVIEN",2
01:45,,,,,"SUB IN by PRANGE,JONATHAN",,,"SUB IN by PRANGE,JONATHAN",2
01:45,"GOOD FT by GILLISPIE,JAY",72,,75 (+3),,BSC 72-75 (+3),,"GOOD FT by GILLISPIE,JAY",2
01:45,"SUB OUT by BISHOP,BRYSON",,,,,,,"SUB OUT by BISHOP,BRYSON",2
01:45,"SUB IN by PATRICK,DYLAN",,,,,,,"SUB IN by PATRICK,DYLAN",2
01:45,"MISS FT by GILLISPIE,JAY",,,,,,,"MISS FT by GILLISPIE,JAY",2
--,,,,,"REBOUND DEF by RAMBERG,CASS",,,"REBOUND DEF by RAMBERG,CASS",2
01:14,,72,,78 (+6),"GOOD 3PTR by PRANGE,JONATHAN",Rhodes 72-78 (+6),,"GOOD 3PTR by PRANGE,JONATHAN",2
--,,,,,"ASSIST  by WALKER,JEFFERSON",,,"ASSIST  by WALKER,JEFFERSON",2
01:02,"TURNOVER  by PATRICK,DYLAN",,,,,,,"TURNOVER  by PATRICK,DYLAN",2
01:02,,,,,"STEAL  by WILEY,KOKI",,,"STEAL  by WILEY,KOKI",2
00:53,,,,,"TURNOVER  by WALKER,JEFFERSON",,,"TURNOVER  by WALKER,JEFFERSON",2
00:53,"STEAL  by PATRICK,DYLAN",,,,,,,"STEAL  by PATRICK,DYLAN",2
00:50,"MISS LAYUP by PATRICK,DYLAN(in the paint)",,,,,,,"MISS LAYUP by PATRICK,DYLAN(in the paint)",2
00:50,,,,,"BLOCK  by WILEY,KOKI",,,"BLOCK  by WILEY,KOKI",2
--,"REBOUND OFF by PATRICK,DYLAN",,,,,,,"REBOUND OFF by PATRICK,DYLAN",2
00:46,,,,,"FOUL  by WILEY,KOKI",,,"FOUL  by WILEY,KOKI",2
00:46,"GOOD FT by PATRICK,DYLAN(fastbreak)",73,,78 (+5),,BSC 73-78 (+5),,"GOOD FT by PATRICK,DYLAN(fastbreak)",2
00:46,"GOOD FT by PATRICK,DYLAN(fastbreak)",74,,78 (+4),,BSC 74-78 (+4),,"GOOD FT by PATRICK,DYLAN(fastbreak)",2
00:42,,,,,TIMEOUT TEAM by TEAM,,,TIMEOUT TEAM by TEAM,2
00:35,"FOUL  by THOMPSON,CHRISTIAN",,,,,,,"FOUL  by THOMPSON,CHRISTIAN",2
00:35,,,,,"MISS FT by PRANGE,JONATHAN",,,"MISS FT by PRANGE,JONATHAN",2
--,,,,,REBOUND DEADB by TEAM,,,REBOUND DEADB by TEAM,2
00:35,"SUB OUT by PATRICK,DYLAN",,,,,,,"SUB OUT by PATRICK,DYLAN",2
00:35,"SUB IN by BISHOP,BRYSON",,,,,,,"SUB IN by BISHOP,BRYSON",2
00:35,,,,,"MISS FT by PRANGE,JONATHAN",,,"MISS FT by PRANGE,JONATHAN",2
--,"REBOUND DEF by GILLISPIE,JAY",,,,,,,"REBOUND DEF by GILLISPIE,JAY",2
00:23,"TURNOVER  by GILLISPIE,JAY",,,,,,,"TURNOVER  by GILLISPIE,JAY",2
00:23,,,,,"STEAL  by DOTSON,PHIL",,,"STEAL  by DOTSON,PHIL",2
00:20,"FOUL  by GREEN,KALEB",,,,,,,"FOUL  by GREEN,KALEB",2
00:20,,74,,79 (+5),"GOOD FT by DOTSON,PHIL(fastbreak)",Rhodes 74-79 (+5),,"GOOD FT by DOTSON,PHIL(fastbreak)",2
00:20,,,,,"SUB OUT by PRANGE,JONATHAN",,,"SUB OUT by PRANGE,JONATHAN",2
00:20,,,,,"SUB IN by WHITE,ELIJAH",,,"SUB IN by WHITE,ELIJAH",2
00:20,,74,,80 (+6),"GOOD FT by DOTSON,PHIL(fastbreak)",Rhodes 74-80 (+6),,"GOOD FT by DOTSON,PHIL(fastbreak)",2
00:10,"FOUL  by THOMPSON,CHRISTIAN",,,,,,,"FOUL  by THOMPSON,CHRISTIAN",2
00:10,"TURNOVER  by THOMPSON,CHRISTIAN",,,,,,,"TURNOVER  by THOMPSON,CHRISTIAN",2
00:10,"SUB OUT by THOMPSON,CHRISTIAN",,,,,,,"SUB OUT by THOMPSON,CHRISTIAN",2
00:10,"SUB IN by SPENCE,SAMUEL",,,,,,,"SUB IN by SPENCE,SAMUEL",2
00:08,"FOUL  by GREEN,KALEB",,,,,,,"FOUL  by GREEN,KALEB",2
00:08,,74,,81 (+7),"GOOD FT by DOTSON,PHIL",Rhodes 74-81 (+7),,"GOOD FT by DOTSON,PHIL",2
00:08,,74,,82 (+8),"GOOD FT by DOTSON,PHIL",Rhodes 74-82 (+8),,"GOOD FT by DOTSON,PHIL",2
00:01,"MISS 3PTR by BISHOP,BRYSON",,,,,,,"MISS 3PTR by BISHOP,BRYSON",2
--,,,,,"REBOUND DEF by WILEY,KOKI",,,"REBOUND DEF by WILEY,KOKI",2
